00:04:23.982,,,,,,,,,,,,,,
00:04:23.866,,,,,,,,,,,,,,
00:04:23.751,,,,,,,,,,,,,,
00:04:23.636,,,,,,,,,,,,,,
00:04:23.520,,,,,,,,,,,,,,
00:04:23.405,,,,,,,,,,,,,,
00:04:23.289,,,,,,,,,,,,,,
00:04:23.174,,,,,,,,,,,,,,
00:04:23.059,,,,,,,,,,,,,,
00:04:22.943,,,,,,,,,,,,,,
00:04:22.828,,,,,,,,,,,,,,
00:04:22.712,,,,,,,,,,,,,,
00:04:22.597,,,,,,,,,,,,,,
00:04:22.482,,,,,,,,,,,,,,
00:04:22.366,,,,,,,,,,,,,,
00:04:22.251,,,,,,,,,,,,,,
00:04:22.136,,,,,,,,,,,,,,
00:04:22.020,,,,,,,,,,,,,,
00:04:21.905,,,,,,,w,w,w,w,,,,
00:04:21.789,,,,,,,,,,,,,,
00:04:21.674,,,,,,,,,,,,,,
00:04:21.559,,,,,,,,,,,,,,
00:04:21.443,,,,,,,,,,,,,,
00:04:21.328,,,,,,,,,,,,,,
00:04:21.212,,,,,,,,,,,,,,
00:04:21.097,,,,,,,,,,,,,,
00:04:20.982,,,,,,,,,,,,,,
00:04:20.866,,,,,,,,,,,,,,
00:04:20.751,,,,,,,,,,,,,,
00:04:20.636,,,,,,,,,,,,,,
00:04:20.520,,,,,,,,,,,,,,
00:04:20.405,,,,,,,,,,,,,,
00:04:20.289,,,,,,,,,,,,,,
00:04:20.174,,,,,,,,,,,,,,
00:04:20.059,,,,,,,e,e,,,,,,
00:04:19.943,,,,,,,,,,,,,,
00:04:19.828,,,,,,,,,,,,,,
00:04:19.712,,,,,,,,,,,,,,
00:04:19.597,,,,,,,,,,,,,,
00:04:19.482,,,,,,,,,,,,,,
00:04:19.366,,,,,,,,,,,,,,
00:04:19.251,,,,,,,,,,,,,,
00:04:19.136,,,,,,,,,,,,,,
00:04:19.020,,,,,,,,,,,,,,
00:04:18.905,,,,,,,,,,,,,,
00:04:18.789,,,,,,,,,,,,,,
00:04:18.674,,,,,,,,,,,,,,
00:04:18.559,,,,,,,,,,,,,,
00:04:18.443,,,,,,,,,,,,,,
00:04:18.328,,,,,,,,,,,,,,
00:04:18.212,,,,,,@1,,,,,,,,
00:04:18.097,,,,,,,,,,,,,,
00:04:17.982,,,,,,,,,,,,,,
00:04:17.866,,,,,,,,,,,,,,
00:04:17.751,,,,,>1,^1,,,,,,,,
00:04:17.636,,,,,,,,,,,,,,
00:04:17.520,,,,,,,,,,,,,,
00:04:17.405,,,,,,,,,,,,,,
00:04:17.289,,,,,,,,,,,,,,
00:04:17.174,,,,>1,^1,,,,,,,,,
00:04:17.059,,,,,,,,,,,,,,
00:04:16.943,,,,,,,,,,,,,,
00:04:16.828,,,,,,,,,,,,,,
00:04:16.712,,,,,,,,,,,,,,
00:04:16.597,,,,,,,,,,,,,,
00:04:16.482,,,,^1,<1,,,,,,,,,
00:04:16.366,,,,,,,,,e,,,,,
00:04:16.251,,,,,,,,,,,,,,
00:04:16.136,,,,,,,,,,,,,,
00:04:16.020,,,,,,,,,,,,,,
00:04:15.905,,,,,$^1,,,,,,,,,
00:04:15.789,,,,,,,,,,,,,,
00:04:15.674,,,,,,@1,,,,,,,,
00:04:15.559,,,,,,,,,,,,,,
00:04:15.443,,,,,,$^1,,,,,,,,
00:04:15.328,,,,,,,,,,,,,,
00:04:15.212,,,,,@1,,,,,,,,,
00:04:15.097,,,,,,,,,,,,,,
00:04:14.982,,,,,,,,,,,,,,
00:04:14.866,,,,,,,,,,,,,,
00:04:14.751,,,,,^1,<1,,,,,,,,
00:04:14.636,,,,,,,,,,,,,,
00:04:14.520,,,,,,,,,,,,,,
00:04:14.405,,,,,,,,,,,,,,
00:04:14.289,,,,,,$^1,,,,,,,,
00:04:14.174,,,,,,,,,,,,,,
00:04:14.059,,,,,@1,,,,,,,,,
00:04:13.943,,,,,,,,,,,,,,
00:04:13.828,,,,,,,,,,,,,,
00:04:13.712,,,,,,,,,,,,,,
00:04:13.597,,,,,^1,<1,,,,,,,,e
00:04:13.482,,,,,,,,,,,,,,
00:04:13.366,,,,,,,,,,,,,,
00:04:13.251,,,,,,,,,,,,,,
00:04:13.136,,,,,,,,,,,,,,
00:04:13.020,,,,,>1,^1,,,,,,,,
00:04:12.905,,,,,,,,,,,,,,
00:04:12.789,,,,,,,,,,,,,,
00:04:12.674,,,,,,,,,,,,,,
00:04:12.559,,,,,,,,,,,,,,
00:04:12.443,,,,,$^1,,,,s,,,,,
00:04:12.328,,,,,,,,,,,,,,
00:04:12.212,,,,,,,,,,,,,,
00:04:12.097,,,,,,,,,,,,,,
00:04:11.983,,@3,,,,,,,,,,,,
00:04:11.868,,,,,,,,,,,,,,
00:04:11.754,,$^3,,,,,,,,,,,,
00:04:11.641,,,,,,,,,,,,,,
00:04:11.527,,,,,,,,,,,,,,
00:04:11.414,,,,,,,,,,,,,,
00:04:11.300,r3,,,,,,,,,,,,,
00:04:11.186,,,,,,,,,,,,,,
00:04:11.072,,,,,,,,,,,,,,
00:04:10.957,,,,,,,,,,,,,,
00:04:10.842,,l3,,,,,,,,,,,,s
00:04:10.726,,,,,,,,,,,,,,
00:04:10.611,,,,,,@1,,,,,,,,
00:04:10.496,,,,,,,,,,,,,,
00:04:10.380,,,,,,,,,,,,,,
00:04:10.265,,,,,,,,,,,,,,
00:04:10.150,,,,,,,,,,,,,,
00:04:10.034,,,,,,,,,,,,,,
00:04:09.919,,,,,,,,,,,,,,
00:04:09.803,,,,,>1,^1,,,,,,,,
00:04:09.688,,,,,,,,,,,,,,
00:04:09.573,,,,,,,,,,,,,,
00:04:09.457,,,,,,,,,,,,,,
00:04:09.342,,,,,,,,,,,,,,
00:04:09.226,,,,,,,,,,,,,,
00:04:09.111,,,,,^1,<1,,,,,,,,
00:04:08.996,,,,,,,,,e,,,,,
00:04:08.880,,,,,,,,,,,,,,
00:04:08.765,,,,,,,,,,,,,,
00:04:08.650,,,,,,,,,,,,,,
00:04:08.534,,,,,,$^1,,,,,,,,
00:04:08.419,,,,,,,,,,,,,,
00:04:08.303,,,,,@1,,,,,,,,,
00:04:08.188,,,,,,,,,,,,,,
00:04:08.073,,,,,$^1,,,,,,,,,
00:04:07.957,,,,,,,,,,,,,,
00:04:07.842,>1,@1,,,,,,,,,,,,
00:04:07.726,,,,,,,,,,,,,,
00:04:07.611,,,,,,,,,,,,,,
00:04:07.496,,,,,,,,,,,,,,
00:04:07.380,^1,<1,,,,,,,,,,,,
00:04:07.265,,,,,,,,,,,,,,
00:04:07.150,,,,,,,,,,,,,,
00:04:07.034,,,,,,,,,,,,,,
00:04:06.919,,$^1,,,,,,,,,,,,
00:04:06.803,,,,,,,,,,,,,,
00:04:06.688,,,,,>1,@1,,,,,,,,
00:04:06.573,,,,,,,,,,,,,,
00:04:06.457,,,,,,,,,,,,,,
00:04:06.342,,,,,,,,,,,,,,
00:04:06.226,,,,,,,,,,,,,,
00:04:06.111,,,,,,,,,,,,,,
00:04:05.996,,,,,^1,<1,,,,,,,,
00:04:05.880,,,,,,,,,,,,,,
00:04:05.765,,,,,,,,,,,,,,
00:04:05.650,,,,,,,,,,,,,,
00:04:05.534,,,,,,,,,,,,,,
00:04:05.419,,,,,,,,,,,,,,
00:04:05.303,,,,,$>1,^1,,,,,,,,
00:04:05.188,,,,,,,,,,,,,,
00:04:05.073,,x1,,,,,,,,,,,,
00:04:04.957,,,,,,,,,,,,,,
00:04:04.842,x1,,,,,,,,,,,,,
00:04:04.726,,,,,,,,,,,,,,
00:04:04.611,,x1,,,,,,,,,,,,
00:04:04.496,,,,,,,,,,,,,,
00:04:04.380,,,,,x1,,,,,,,,,
00:04:04.265,,,,,,,,,,,,,,
00:04:04.150,,,,,,x1,,,,,,,,
00:04:04.034,,,,,,,,,,,,,,
00:04:03.919,,,,,x1,,,,,,,,,
00:04:03.803,,,,,,,,,,,,,,
00:04:03.688,,x1,,,,,,,,,,,,
00:04:03.573,,,,,,,,,,,,,,
00:04:03.457,x1,,,,,,,,,,,,,
00:04:03.342,,,,,,,,,,,,,,
00:04:03.226,,,,,,,,,,,,,,
00:04:03.111,,l1,,,,,,,,,,,,
00:04:02.996,,,,,,,,,,,,,,
00:04:02.880,,,,,,,,,,,,,,
00:04:02.765,,,,,x1,,,,,,,,,
00:04:02.650,,,,,,,,,,,,,,
00:04:02.534,,,,,,x1,,,,,,,,
00:04:02.419,,,,,,,,,,,,,,
00:04:02.303,,,,,,,,,,,,,,
00:04:02.188,,,,,x1,,,,,,,,,
00:04:02.073,,,,,,,,,,,,,,
00:04:01.957,,,,,,,,,,,,,,
00:04:01.842,,x1,,,,,,,,,,,,
00:04:01.726,,,,,,,,,,,,,,
00:04:01.611,x1,,,,,,,,,,,,,
00:04:01.496,,,,,,,,,,,,,,
00:04:01.380,,,,,,@1,,,,,,,,
00:04:01.265,,,,,,,,,,,,,,
00:04:01.150,,,,,,$^1,,,,,,,,
00:04:01.034,,,,,,,,,,,,,,
00:04:00.919,,,,,@1,,,,,,,,,
00:04:00.803,,,,,,,,,,,,,,
00:04:00.688,,,,,$^1,,,,,,,,,
00:04:00.573,,,,,,,,,,,,,,
00:04:00.458,,,,,,@1,,,,,,,,
00:04:00.343,,,,,,,,,,,,,,
00:04:00.228,,,,,>1,^1,,,,,,,,
00:04:00.114,,,,,,,,,,,,,,
00:04:00.000,,,,,$^1,,,,,,,,,
00:03:59.886,,,,,,,,,,,,,,
00:03:59.772,,,@1,,,,,,,,,,,
00:03:59.658,,,,,,,,,,,,,,
00:03:59.544,,>1,^1,,,,,,,,,,,
00:03:59.429,,,,,,,,,,,,,,
00:03:59.314,,$^1,,,,,,,,,,,,
00:03:59.199,,,,,,,,,,,,,,
00:03:59.083,,@1,,,,,,,,,,,,
00:03:58.968,,,,,,,,,,,,,,
00:03:58.852,>1,^1,,,,,,,,,,,,
00:03:58.737,,,,,,,,,,,,,,
00:03:58.622,$^1,,,,,,,,,,,,,
00:03:58.506,,,,,,,,,,,,,,e
00:03:58.391,,@1,,,,,,,,,,,,
00:03:58.276,,,,,,,,,,,,,,
00:03:58.160,,,,,,,,,,,,,,
00:03:58.045,,,,,,,,,,,,,,
00:03:57.929,,$^1,,,@3,,,,,,,,,
00:03:57.814,,,,,,,,,,,,,,
00:03:57.699,x1,,,,,,,,,,,,,
00:03:57.583,,,,,,,,,,,,,,
00:03:57.468,,x1,,,$^3,,,,,,,,,
00:03:57.352,,,,,,,,,,,,,,
00:03:57.237,x1,,,,,x3,,,,,,,,
00:03:57.122,,,,,,,,,,,,,,s
00:03:57.006,,x1,,,,,,,,,,,,
00:03:56.891,,,,,,,,,,,,,,
00:03:56.776,x1,,,,,,,,,,,,,
00:03:56.660,,,,,,,,,,,,,,
00:03:56.545,,x1,,,,,,,,,,,,
00:03:56.429,,,,,,,,,,,,,,
00:03:56.314,x1,,,,,,,,,,,,,
00:03:56.199,,,,,,,,,,,,,,
00:03:56.083,,x1,,,,,,,,,,,,
00:03:55.968,,,,,,,,,,,,,,
00:03:55.852,,,,,,x1,,,,,,,,
00:03:55.737,,,,,,,,,,,,,,
00:03:55.622,,,,,x1,,,,,,,,,
00:03:55.506,,,,,,,,,,,,,,
00:03:55.391,,,,,,x1,,,,,,,,
00:03:55.276,,,,,,,,,,,,,,
00:03:55.160,,,,,x1,,,,,,,,,
00:03:55.045,,,,,,,,,,,,,,
00:03:54.929,,,,,,x1,,,,,,,,
00:03:54.814,,,,,,,,,,,,,,
00:03:54.699,,,,,x1,,,,,,,,,
00:03:54.583,,,,,,,,,,,,,,
00:03:54.468,,,,,,x1,,,,,,,,
00:03:54.352,,,,,,,,,,,,,,
00:03:54.237,,,,,x1,,,,,,,,,
00:03:54.122,,,,,,,,,,,,,,
00:03:54.006,@1,,,,,,,,,,,,,
00:03:53.891,,,,,,,,,,,,,,
00:03:53.776,,,,,,,,,,,,,,
00:03:53.660,,,,,,,,,,,,,,
00:03:53.545,,,,,,,,,,,,,,
00:03:53.429,,,,,,,,,,,,,,
00:03:53.314,$^1,,,,,,,,,,,,,
00:03:53.199,,,,,,,,,,,,,,
00:03:53.083,,x1,,,,,,,,,,,,
00:03:52.968,,,,,,,,,,,,,,
00:03:52.852,x1,,,,,,,,,,,,,
00:03:52.737,,,,,,,,,,,,,,e
00:03:52.622,,x1,,,,,,,,,,,,
00:03:52.506,,,,,,,,,,,,,,
00:03:52.391,x1,,,,,,,,,,,,,
00:03:52.276,,,,,,,,,,,,,,
00:03:52.160,,,,,@1,,,,,,,,,
00:03:52.045,,,,,,,,,,,,,,
00:03:51.929,,,,,,,,,,,,,,
00:03:51.814,,,,,,,,,,,,,,
00:03:51.699,,l3,,,,,,,,,,,,s
00:03:51.583,,,,,,,,,,,,,,
00:03:51.468,,,,,$^1,,,,,,,,,
00:03:51.352,,,,,,,,,,,,,,
00:03:51.237,,,,,,x1,,,,,,,,
00:03:51.122,,,,,,,,,,,,,,
00:03:51.006,,,,,x1,,,,,,,,,
00:03:50.891,,,,,,,,,,,,,,
00:03:50.776,,,,,,x1,,,,,,,,
00:03:50.660,,,,,,,,,,,,,,
00:03:50.545,,,,,x1,,,,,,,,,
00:03:50.430,,,,,,,,,,,,,,
00:03:50.314,,@1,,,,,,,,,,,,
00:03:50.200,,,,,,,,,,,,,,
00:03:50.085,,$^1,,,,,,,,,,,,
00:03:49.970,,,,,,,,,,,,,,
00:03:49.856,x1,,,,,,,,,,,,,
00:03:49.741,,,,,,,,,,,,,,
00:03:49.627,,x1,,,,,,,,,,,,
00:03:49.512,,,,,,,,,,,,,,
00:03:49.398,x1,,,,,,,,,,,,,
00:03:49.283,,,,,,,,,,,,,,
00:03:49.169,,x1,,,,,,,,,,,,e
00:03:49.054,,,,,,,,,,,,,,
00:03:48.940,x1,,,,,,,,,,,,,
00:03:48.825,,,,,,,,,,,,,,
00:03:48.710,,x1,,,,,,,,,,,,
00:03:48.595,,,,,,,,,,,,,,
00:03:48.480,x1,,,,,,,,,,,,,
00:03:48.365,,,,,,,,,,,,,,
00:03:48.249,,x1,,,,,,,,,,,,
00:03:48.134,,,,,,,,,,,,,,
00:03:48.019,x1,,,,,x3,,,,,,,,s
00:03:47.903,,,,,,,,,,,,,,
00:03:47.788,,x4,,,x1,,,,,,,,,
00:03:47.673,,,,,,,,,,,,,,
00:03:47.557,,,,,,x1,,,,,,,,
00:03:47.442,,,,,,,,,,,,,,
00:03:47.326,r4,,,,x1,,,,,,,,,
00:03:47.211,,,,,,,,,,,,,,
00:03:47.096,,,,,,x1,,,,,,,,
00:03:46.980,,,,,,,,,,,,,,
00:03:46.865,,x4,,,x1,,,,s,,,,,
00:03:46.749,,,,,,,,,,,,,,
00:03:46.634,x4,,,,,,,,,,,,,
00:03:46.519,,,,,,,,,,,,,,
00:03:46.403,,x4,,,,,,,,,,,,
00:03:46.288,,,,,,,,,,,,,,
00:03:46.173,,,,,,,,,,,,,,
00:03:46.057,,,,,,,,,e,,,,,
00:03:45.942,r4,,,,,,,,,,,,,
00:03:45.826,,,,,,,,,,,,,,
00:03:45.711,,,,,,x1,,,,,,,,
00:03:45.596,,,,,,,,,,,,,,
00:03:45.480,,x4,,,x1,,,,,,,,,
00:03:45.365,,,,,,,,,,,,,,
00:03:45.249,,,,,,x1,,,,,,,,
00:03:45.134,,,,,,,,,,,,,,
00:03:45.019,x4,,,,x1,,,,s,,,,,
00:03:44.903,,,,,,,,,,,,,,
00:03:44.788,,x4,,,,,,,,,,,,
00:03:44.673,,,,,,,,,,,,,,
00:03:44.557,x4,,,,,,,,,,,,,
00:03:44.442,,,,,,,,,,,,,,
00:03:44.326,,,,,,,,,,,,,,
00:03:44.211,,,,,,,,,,,,,,
00:03:44.096,,l4,,,,,,,e,,,,,
00:03:43.980,,,,,,,,,,,,,,
00:03:43.865,,,,,,x1,,,,,,,,
00:03:43.749,,,,,,,,,,,,,,
00:03:43.634,x4,,,,x1,,,,,,,,,
00:03:43.519,,,,,,,,,,,,,,
00:03:43.403,,,,,,x1,,,,,,,,
00:03:43.288,,,,,,,,,,,,,,
00:03:43.173,,x4,,,x1,,,,,,,,,
00:03:43.057,,,,,,,,,,,,,,
00:03:42.942,x4,,,,,x1,,,,,,,,
00:03:42.826,,,,,,,,,,,,,,
00:03:42.711,,x4,,,x1,,,,s,,,,,
00:03:42.596,,,,,,,,,,,,,,
00:03:42.480,,,,,,,,,,,,,,
00:03:42.365,,,,,,,,,,,,,,
00:03:42.249,x4,,,,,,,,,,,,,
00:03:42.134,,,,,,,,,,,,,,
00:03:42.019,,,,,,,,,,,,,,
00:03:41.903,,,,,,,,,,,,,,
00:03:41.788,,l4,,,,,,,,,,,,
00:03:41.673,,,,,,,,,,,,,,
00:03:41.557,,,,,,,,,,,,,,
00:03:41.442,,,,,,,,,,,,,,
00:03:41.326,x4,,,,@1,,,,e,,,,,
00:03:41.211,,,,,,,,,,,,,,
00:03:41.096,,x4,,,,,,,,,,,,
00:03:40.980,,,,,,,,,,,,,,
00:03:40.865,x4,,,,^1,<1,,,,,,,,
00:03:40.749,,,,,,,,,,,,,,
00:03:40.634,,,,,,,,,,,,,,
00:03:40.519,,,,,,,,,,,,,,
00:03:40.403,,l4,,,,,,,,,,,,
00:03:40.288,,,,,,,,,,,,,,
00:03:40.173,,,,,,,,,,,,,,
00:03:40.058,,,,,,,,,,,,,,
00:03:39.944,x4,,,,>1,^1,,,,,,,,
00:03:39.829,,,,,,,,,,,,,,
00:03:39.714,,,,,,,,,,,,,,
00:03:39.600,,,,,,,,,,,,,,
00:03:39.485,,x4,,,,,,,,,,,,
00:03:39.370,,,,,,,,,,,,,,
00:03:39.256,x4,,,,,,,,,,,,,
00:03:39.141,,,,,,,,,,,,,,
00:03:39.027,,x4,,,$^1,,,,,,,,,
00:03:38.912,,,,,,,,,,,,,,
00:03:38.797,,,,@1,,,,,,,,,,
00:03:38.682,,,,,,,,,,,,,,
00:03:38.567,x4,,,$^1,,,,,,,,,,
00:03:38.453,,,,,,,,,,,,,,
00:03:38.338,,,,,@1,,,,,,,,,
00:03:38.223,,,,,,,,,,,,,,
00:03:38.108,,l4,,,,,,,,,,,,
00:03:37.993,,,,,,,,,,,,,,
00:03:37.878,,,,,,,,,,,,,,
00:03:37.763,,,,,,,,,,,,,,
00:03:37.648,x4,,,,,,,,,,,,,
00:03:37.533,,,,,,,,,,,,,,
00:03:37.418,,x4,,,$^1,,,,,,,,,
00:03:37.303,,,,,,,,,,,,,,
00:03:37.188,x4,,,,>1,@1,,,,,,,,
00:03:37.072,,,,,,,,,,,,,,
00:03:36.957,,,,,,,,,,,,,,
00:03:36.842,,,,,,,,,,,,,,
00:03:36.727,,l4,,,,,,,,,,,,
00:03:36.611,,,,,,,,,,,,,,
00:03:36.496,,,,,,,,,,,,,,e
00:03:36.381,,,,,,,,,,,,,,
00:03:36.265,x4,,,,^1,<1,,,,,,,,
00:03:36.150,,,,,,,,,,,,,,
00:03:36.033,,,,,,,,,,,,,,
00:03:35.916,,,,,,,,,,,,,,
00:03:35.798,,x4,,,,,,,,,,,,
00:03:35.681,,,,,,,,,,,,,,
00:03:35.563,x4,,,,,$^1,,,s,,,,,
00:03:35.447,,,,,,,,,,,,,,
00:03:35.331,,,,,,,,,,,,,,
00:03:35.216,,,,,,,,,,,,,,
00:03:35.101,,,,,r3,,,,,,,,,
00:03:34.986,,,,,,,,,,,,,,
00:03:34.872,,,,,,,,,,,,,,
00:03:34.757,,,,,,,,,,,,,,
00:03:34.643,,,,,,x3,,,,,e,,e,
00:03:34.528,,,,,,,,,,,,,,
00:03:34.414,@3,,,,,,,,,,,,,
00:03:34.299,,,,,,,,,,,,,,
00:03:34.185,,,,,,,,,,,,,,
00:03:34.070,,,,,,,,,,,,,,
00:03:33.956,^3,<3,,>1,@1,,,,,,,,,
00:03:33.841,,,,,,,,,,,,,,
00:03:33.727,,,,,,,,,,,,,,
00:03:33.612,,,,,,,,,,,,,,
00:03:33.498,,,,,,,,,,,,,,
00:03:33.383,,,,,,,,,,,,,,
00:03:33.269,,,,,,,,,,,,,,
00:03:33.154,,,,,,,,,,,,,,
00:03:33.040,>3,^3,,^1,<1,,,,,,,,,
00:03:32.925,,,,,,,,,,,,,,
00:03:32.811,,,,,,,,,,,,,,s
00:03:32.696,,,,,,,,,,,,,,
00:03:32.582,,,,,,,,,,,,,,
00:03:32.467,$^3,,,,^1,<1,,,,,,,,
00:03:32.352,,,,,,,,,,,,,,
00:03:32.236,,,,,,,,,,,,,,
00:03:32.120,,x3,,,,,,,,,s,,s,
00:03:32.003,,,,,,,,,e,,,,,
00:03:31.885,,,,,,,,,,,,,,
00:03:31.766,,,,,,,,,,,,,,
00:03:31.647,,,,,,$^1,,,,,,,,
00:03:31.530,,,,,,,,,,,,,,
00:03:31.413,,,,,@1,,,,,,,,,
00:03:31.298,,,,,,,,,,,,,,
00:03:31.184,x4,,,,$^1,,,,,,,,,
00:03:31.070,,,,,,,,,,,,,,
00:03:30.957,,,,,,@1,,,,,,,,
00:03:30.844,,,,,,,,,,,,,,
00:03:30.730,,l4,,,,,,,,,,,,
00:03:30.617,,,,,,,,,,,,,,
00:03:30.504,,,,,>1,^1,,,,,,,,
00:03:30.391,,,,,,,,,,,,,,
00:03:30.278,x4,,,,,,,,,,,,,
00:03:30.165,,,,,,,,,,,,,,
00:03:30.051,,x4,,,$^1,,,,,,,,,
00:03:29.936,,,,,,,,,,,,,,
00:03:29.820,x4,,,,,@1,,,,,,,,
00:03:29.703,,,,,,,,,,,,,,
00:03:29.584,,,,,,,,,,,,,,
00:03:29.463,,,,,,,,,,,,,,
00:03:29.340,,x4,,,>1,^1,,,,,,,,
00:03:29.218,,,,,,,,,,,,,,
00:03:29.100,,,,,,,,,,,,,,
00:03:28.985,,,,,,,,,,,,,,
00:03:28.874,x4,,,,^1,<1,,,,,,,,
00:03:28.765,,,,,,,,,,,,,,
00:03:28.656,,,,,,,,,,,,,,
00:03:28.547,,,,,,,,,,,,,,
00:03:28.439,,@3,,,,,s,s,,,e,,,e
00:03:28.331,,,,,,,,,,,,,,
00:03:28.222,,,,,,$^1,,,s,,,,,
00:03:28.113,,,,,,,,,,,,,,
00:03:28.002,,$^3,,,,,,,,,,,,
00:03:27.892,,,,,,,,,,,,,,
00:03:27.780,@3,,,,,,,,,,,,,
00:03:27.662,,,,,,,,,,,,,,
00:03:27.529,$^3,,,,,,,,,,s,,,
00:03:27.391,,,,,,,,,,,,,,
00:03:27.260,,@3,,,,,,,,,,,,
00:03:27.135,,,,,,,,,,,,,,
00:03:27.017,,$^3,,,,,,,,,,,,
00:03:26.901,,,,,,,,,,,,,,
00:03:26.786,,,,,@3,,,,,,,,,
00:03:26.672,,,,,,,,,,,,,,
00:03:26.559,,,,,$^3,,,,,,,,,
00:03:26.446,,,,,,,,,,,,,,
00:03:26.333,,,,,,@3,,,,,,,,
00:03:26.220,,,,,,,,,,,,,,
00:03:26.107,,,,,,$^3,,,,,,,,
00:03:25.995,,,,,,,,,,,,,,
00:03:25.882,,,,,@3,,,,,,,,,
00:03:25.769,,,,,,,,,,,,,,
00:03:25.656,,,,,$^3,,,,,,,,,
00:03:25.543,,,,,,,,,,,,,,
00:03:25.429,,,,,,@3,,,,,,,,
00:03:25.314,,,,,,,,,,,,,,
00:03:25.198,,,,,,$^3,,,,,,,,
00:03:25.081,,,,,,,,,,,,,,
00:03:24.964,,,,,@3,,,,,,,,,
00:03:24.845,,,,,,,,e,,,,,,
00:03:24.726,,l4,,,$^3,,,,,,,,,
00:03:24.607,,,,,,,,,,,,,,
00:03:24.488,,,,,,@3,,,,,,,,
00:03:24.371,,,,,,,,,,,,,,
00:03:24.255,,l4,,,,$^3,,,,,,,,
00:03:24.140,,,,,,,,,,,,,,
00:03:24.025,,,,,@3,,,,,,,,,
00:03:23.911,,,,,,,,,,,,,,
00:03:23.797,,l4,,,$^3,,,,,,,,,
00:03:23.684,,,,,,,,,,,,,,
00:03:23.571,,,,,,,,,,,,,,
00:03:23.458,,,,,,,,,,,,,,
00:03:23.346,,l4,,,,x3,,,,,,,,
00:03:23.234,,,,,,,,,,,,,,
00:03:23.121,,,,,,,,,,,,,,
00:03:23.009,,,,,,,,,,,,,,
00:03:22.896,,l4,,,x3,,,,,,,,,s
00:03:22.782,,,,,,,,,,,,,,
00:03:22.669,,,,,,,,,,,,,,
00:03:22.555,,,,,,,,,,,,,,
00:03:22.440,,,,,,l4,,,,,,,,
00:03:22.325,,,,,,,,,,,,,,
00:03:22.209,,,,,,,,,,,,,,
00:03:22.093,,,,,,,,,,,,,,
00:03:21.975,r4,,,,,,,,,,,,,
00:03:21.856,,,,,,,,,,,,,,
00:03:21.737,,,,,,,,,,,,,,
00:03:21.616,,,,,,,,,,,,,,
00:03:21.495,,,,,,l4,,,,,,,,
00:03:21.374,,,,,,,,,,,,,,
00:03:21.253,,,,,,,,,,,,,,
00:03:21.134,,,,,,,,,,,,,,
00:03:21.017,r4,,,,,,,,,,,,,
00:03:20.900,,,,,,,,,,,,,,
00:03:20.785,,,,,,,,,,,,,,
00:03:20.670,,,,,,,,,,,,,,
00:03:20.557,,,,,,l4,,,,,,,,
00:03:20.444,,,,,,,,,,,,,,
00:03:20.331,,,,,,,,,,,,,,
00:03:20.218,,,,,,,,,,,,,,
00:03:20.106,r4,,,,,,,,,,,,,
00:03:19.993,,,,,,,,,,,,,,
00:03:19.880,,,,,,,,,,,,,,
00:03:19.767,,,,,,,,,,,,,,
00:03:19.654,,,,,,l4,,,,,,,,
00:03:19.541,,,,,,,,,,,,,,
00:03:19.428,,,,,,,,,,,,,,
00:03:19.314,,,,,,,,,,,,,,
00:03:19.199,r4,,,,,,,,,,,,,e
00:03:19.084,,,,,,,,,,,,,,
00:03:18.968,,,,,,,,,,,,,,
00:03:18.852,,,,,,,,,,,,,,
00:03:18.735,r4,,,,,,,,,,,,,
00:03:18.618,,,,,,,,,,,,,,
00:03:18.502,,,,,,@3,,,,,,,,
00:03:18.386,,,,,,,,,,,,,,
00:03:18.271,r4,,,,,$^3,,,,,,,,
00:03:18.157,,,,,,,,,,,,,,
00:03:18.044,,,,,,,,,,,e,,,
00:03:17.931,,,,,,,,,,,,,,
00:03:17.819,r4,,,,x3,,,,,,,,,
00:03:17.706,,,,,,,,,,,,,,
00:03:17.594,,,,,,,,,,,,,,
00:03:17.482,,,,,,,,,,,,,,
00:03:17.369,r4,,,,,x3,,,,,,,,
00:03:17.256,,,,,,,,,,,,,,
00:03:17.143,,,,@3,,,,,,,,,,
00:03:17.030,,,,,,,,,,,,,,
00:03:16.916,r4,,,,,,,,,,,,,
00:03:16.803,,,,,,,,,,,,,,
00:03:16.689,,,,,,,,,,,,,,
00:03:16.574,,,,,,,,,,,,,,
00:03:16.460,r4,,,^3,<3,,,,,,,,,
00:03:16.345,,,,,,,,,,,,,,
00:03:16.231,,,,,,,,,,,,,,
00:03:16.116,,,,,,,,,,,,,,
00:03:16.000,r4,,,,,,,,,,,,,
00:03:15.885,,,,,$^3,,,,,,,,,
00:03:15.769,,,,,,,,,,,,,,
00:03:15.653,,,,,,,,,,,,,,
00:03:15.537,r4,,,x3,,,,,,,s,,,s
00:03:15.421,,,,,,,,,,,,,,
00:03:15.304,,x4,,,,,,,,,,,,
00:03:15.187,,,,,,,,,,,,,,
00:03:15.070,x4,,,,,,,,,,,,,
00:03:14.953,,,,,,,,,,,,,,
00:03:14.835,,,,,,,,,,,,,,
00:03:14.717,,,,,,,,,,,,,,
00:03:14.599,,l4,,,,,,,,,,,,
00:03:14.481,,,,,,,,,,,,,,
00:03:14.363,,,,,,,,,,,,,,
00:03:14.244,,,,,,,,,,,,,,
00:03:14.125,x4,,,,,,,,,,,,,
00:03:14.006,,,,,,,,,,,,,,
00:03:13.888,,,,,,,,,,,,,,
00:03:13.770,,,,,,,,,,,,,,
00:03:13.653,,l4,,,,,,,,,,,,
00:03:13.536,,,,,,,,,,,,,,
00:03:13.419,,,,,x4,,,,,,,,,
00:03:13.303,,,,,,,,,,,,,,
00:03:13.188,,,,x4,,,,,,,,,,
00:03:13.072,,,,,,,,,,,,,,
00:03:12.957,,,,,,,,,,,,,,
00:03:12.841,,,,,,,,,,,,,,
00:03:12.726,,l4,,,,,,,,,,,,
00:03:12.611,,,,,,,,,,,,,,
00:03:12.495,,,,,,,,,,,,,,
00:03:12.380,,,,,,,,,,,,,,
00:03:12.264,x4,,,,,,,,,,,,,
00:03:12.149,,,,,,,,,,,,,,
00:03:12.034,,,,,,,,,,,,,,
00:03:11.918,,,,,,,,,,,,,,
00:03:11.803,#,r4,*,*,l4,#,,s,,,,,,
00:03:11.688,,,,,,,,,,,,,,
00:03:11.572,,,,,,,,,,,,,,
00:03:11.457,,,,,,,,,,,,,,
00:03:11.341,,,,,@3,,,,,,e,,e,e
00:03:11.226,,,,,,,,,,,,,,
00:03:11.111,,,,,,,,,,,,,,
00:03:10.995,,,,,,,,,,,,,,
00:03:10.880,,,,,^3,<3,,,,,,,,
00:03:10.764,,,,,,,,,,,,,,
00:03:10.649,,,,,,,,,,,,,,
00:03:10.534,,,,,,,,,,,,,,
00:03:10.418,,,,,>3,^3,,,,,,,,
00:03:10.303,,,,,,,,,,,,,,
00:03:10.188,,,,,,,,,,,,,,
00:03:10.072,,,,,,,e,e,,,,,,
00:03:09.957,,x2,,,$^3,,,,,,s,,s,
00:03:09.841,,,,,,,,,,,,,,
00:03:09.726,x2,,,@3,,,,,e,,,,,
00:03:09.611,,,,,,,,,,,,,,
00:03:09.495,,x2,,,,,,,,,,,,
00:03:09.380,,,,,,,,,,,,,,
00:03:09.264,,,,,,,,,,,,,,
00:03:09.149,,,,,,,,,,,,,,
00:03:09.034,x2,,,^3,<3,,,,,,,,,
00:03:08.918,,,,,,,,,,,,,,
00:03:08.803,,,,,,,,,,,,,,
00:03:08.688,,,,,,,,,,,,,,
00:03:08.572,,x2,,>3,^3,,,,,,,,,
00:03:08.457,,,,,,,,,,,,,,
00:03:08.341,,,,,,,,,,,,,,
00:03:08.226,,,,,,,,,,,,,,
00:03:08.111,x2,,,$^3,,,,,s,,,,,
00:03:07.995,,,,,,,,,,,,,,
00:03:07.880,,x2,,x3,,,,,,,,,,
00:03:07.764,,,,,,,,,,,,,,
00:03:07.649,x2,,,,,,,,,,,,,
00:03:07.534,,,,,x3,,,,,,,,,
00:03:07.418,,,,,,,,,,,,,,
00:03:07.303,,,,,,,,,,,,,,
00:03:07.188,,x2,,x3,,,,,,,,,,
00:03:07.072,,,,,,,,,,,,,,s
00:03:06.957,,,,,,,,,,,,,,
00:03:06.841,,,,,,,,,,,,,,
00:03:06.726,r2,,,,,,,,,,,,,
00:03:06.611,,,,,,,,,,,,,,
00:03:06.495,,,,,,,,,,,,,,e
00:03:06.380,,,,,,,,,,,,,,
00:03:06.264,,x2,,,@3,,,,,,,,,
00:03:06.149,,,,,,,,,,,,,,
00:03:06.034,x2,,,,,,,,,,,,,
00:03:05.918,,,,,,,,,,,,,,
00:03:05.803,,x2,,,,,,,,,,,,
00:03:05.688,,,,,,,,,,,,,,
00:03:05.572,,,,,$^3,,,,,,,,,
00:03:05.457,,,,,,,,,,,,,,
00:03:05.341,x2,,,x3,,,,,,,,,,
00:03:05.226,,,,,,,,,,,,,,
00:03:05.111,,,,,@3,,,,,,,,,
00:03:04.995,,,,,,,,,,,,,,
00:03:04.880,,x2,,,,,,,,,,,,
00:03:04.765,,,,,,,,,,,,,,
00:03:04.649,,,,,,,,,,,,,,
00:03:04.534,,,,,,,,,e,,,,,
00:03:04.419,x2,,,,$^3,,,,s,,,,,
00:03:04.304,,,,,,,,,,,,,,
00:03:04.189,,x2,,,,,,,,,,,,
00:03:04.074,,,,,,,,,,,,,,
00:03:03.959,x2,,,x3,,,,,,,,,,
00:03:03.844,,,,,,,,,,,,,,
00:03:03.729,,,,,@3,,,,,,,,,
00:03:03.614,,,,,,,,,,,,,,
00:03:03.499,,x2,,,,,,,,,,,,
00:03:03.385,,,,,,,,,,,,,,
00:03:03.270,,,,,,,,,,,,,,
00:03:03.155,,,,,,,,,,,,,,
00:03:03.041,x2,,,>3,^3,,,,,,,,,
00:03:02.926,,,,,,,,,,,,,,
00:03:02.812,,,,,,,,,,,,,,
00:03:02.697,,,,,,,,,e,,,,,
00:03:02.582,,x2,,$^3,,,,,s,,,,,
00:03:02.467,,,,,,,,,,,,,,
00:03:02.352,x2,,,,,,,,,,,,,
00:03:02.237,,,,,,,,,,,,,,
00:03:02.121,,x2,,,x3,,,,,,,,,s
00:03:02.006,,,,,,,,,,,,,,
00:03:01.890,,,,,,,,,,,,,,
00:03:01.775,,,,,,,,,,,,,,
00:03:01.659,x2,,,,,,,,,,,,,
00:03:01.543,,,,,,,,,,,,,,
00:03:01.427,,,,,,,,,,,,,,e
00:03:01.311,,,,,,,,,,,,,,
00:03:01.195,,x2,,,,,,,,,,,,
00:03:01.078,,,,,,,,,,,,,,
00:03:00.962,,,,,,,,,,,,,,
00:03:00.846,,,,,,,,,e,,,,,
00:03:00.730,x2,,,,,,,,,,,,,
00:03:00.615,,,,,,,,,,,,,,
00:03:00.499,,x2,,,,,,,s,,,,,
00:03:00.383,,,,,,,,,,,,,,
00:03:00.268,,,x2,x3,,,,,,,,,,s
00:03:00.153,,,,,,,,,,,,,,
00:03:00.037,,,,,,,,,,,,,,
00:02:59.922,,,,,,,,,,,,,,
00:02:59.807,,x2,,,,,,,,,,,,
00:02:59.692,,,,,,,,,,,,,,
00:02:59.578,,,,,,,,,,,,,,
00:02:59.463,,,,,,,,,,,,,,
00:02:59.348,x2,,,,,,,,,,,,,
00:02:59.234,,,,,,,,,,,,,,
00:02:59.119,,,,,,,,,,,,,,
00:02:59.005,,,,,,,,,,,,,,
00:02:58.890,,,l2,,,,,,,,,,,
00:02:58.775,,,,,,,,,,,,,,
00:02:58.660,,x2,,,,,,,,,,,,
00:02:58.546,,,,,,,,,,,,,,
00:02:58.431,r2,,,,,,,,,,,,,
00:02:58.316,,,,,,,,,,,,,,
00:02:58.201,,,,,,,,,,,,,,e
00:02:58.086,,,,,,,,,,,,,,
00:02:57.970,,x2,,,@3,,,,,,,,,
00:02:57.855,,,,,,,,,,,,,,
00:02:57.740,,,,,,,,,,,,,,
00:02:57.625,,,,,,,,,,,,,,
00:02:57.509,x2,,,>3,^3,,,,,,,,,
00:02:57.394,,,,,,,,,,,,,,
00:02:57.279,,,,,,,,,,,,,,
00:02:57.163,,,,,,,,,,,,,,
00:02:57.048,,x2,,$^3,,,,,,,,,,
00:02:56.932,,,,,,,,,,,,,,
00:02:56.817,x2,,,,@3,,,,,,,,,
00:02:56.702,,,,,,,,,,,,,,
00:02:56.586,,x2,,,,,,,,,,,,
00:02:56.471,,,,,,,,,,,,,,
00:02:56.355,,,,,$^3,,,,,,,,,
00:02:56.240,,,,,,,,,,,,,,
00:02:56.125,x2,,,@3,,,,,,,,,,
00:02:56.009,,,,,,,,,,,,,,
00:02:55.894,,,,,,,,,,,,,,
00:02:55.779,,,,,,,,,,,,,,
00:02:55.663,,x2,,^3,<3,,,,,,,,,
00:02:55.548,,,,,,,,,,,,,,
00:02:55.432,,,,,,,,,,,,,,
00:02:55.317,,,,,,,,,,,,,,
00:02:55.202,x2,,,>3,^3,,,,,,,,,
00:02:55.086,,,,,,,,,,,,,,
00:02:54.971,,x2,,,,,,,,,,,,
00:02:54.855,,,,,,,,,,,,,,
00:02:54.740,x2,,,$^3,,,,,,,,,,
00:02:54.625,,,,,,,,,,,,,,
00:02:54.509,,,,,x3,,,,,,,,,
00:02:54.394,,,,,,,,,,,,,,
00:02:54.279,x2,,,,,@3,,,,,,,,
00:02:54.163,,,,,,,,,,,,,,
00:02:54.048,,,,,,,,,,,,,,
00:02:53.932,,,,,,,,,,,,,,
00:02:53.817,x2,,,,>3,^3,,,,,,,,
00:02:53.702,,,,,,,,,,,,,,
00:02:53.586,,,,,,,,,,,,,,
00:02:53.471,,,,,,,,,,,,,,
00:02:53.356,,x2,,,$^3,,,,,,,,,
00:02:53.241,,,,,,,,,,,,,,
00:02:53.126,x2,,,x3,,,,,,,,,,
00:02:53.011,,,,,,,,,,,,,,s
00:02:52.896,,x2,,,,,,,,,,,,
00:02:52.781,,,,,,,,,,,,,,
00:02:52.666,,,,,,,,,,,,,,
00:02:52.551,,,,,,,,,,,,,,
00:02:52.436,x2,,,,@3,<3,,,,,,,,
00:02:52.322,,,,,,,,,,,,,,
00:02:52.207,,,,,,,,,,,e,,,e
00:02:52.092,,,,,,,,,,,,,,
00:02:51.978,,l2,,,,,,,,,,,,
00:02:51.863,,,,,,,,,,,,,,
00:02:51.749,,,,,,,,,,,,,,
00:02:51.634,,,,,,,,,,,,,,
00:02:51.519,x2,,,,>3,^3,,,,,,,,
00:02:51.405,,,,,,,,,,,,,,
00:02:51.290,,x2,,,,,,,,,,,,
00:02:51.175,,,,,,,,,,,,,,
00:02:51.060,x2,,,,,,,,,,,,,
00:02:50.945,,,,,,,,,,,,,,
00:02:50.830,,,,,,,,,,,,,,
00:02:50.715,,,,,,,,,,,,,,
00:02:50.600,,x2,,>3,^3,,,,,,,,,
00:02:50.485,,,,,,,,,,,,,,
00:02:50.369,,,,,,,,,,,,,,
00:02:50.254,,,,,,,,,,,,,,
00:02:50.139,x2,,,,,,,,,,,,,
00:02:50.023,,,,$^3,,,,,,,,,,
00:02:49.908,,,,,,,,,,,,,,
00:02:49.793,,,,,,,,,,,,,,
00:02:49.677,,x2,,,x3,,,,,,,,,
00:02:49.562,,,,,,,,,,,,,,
00:02:49.447,,,x2,,,,,,,,,,,
00:02:49.331,,,,,,,,,,,,,,
00:02:49.216,,x2,,x3,,,,,,,,,,
00:02:49.100,,,,,,,,,,,,,,
00:02:48.985,,,,,,,,,,,,,,
00:02:48.870,,,,,,,,,,,,,,
00:02:48.754,x2,,,,,,,,,,,,,
00:02:48.639,,,,,,,,,,,,,,
00:02:48.523,,,,,,,,,,,,,,
00:02:48.408,,,,,,,,,,,,,,
00:02:48.293,,,x2,x3,,,,,,,s,,,
00:02:48.177,,,,,,,,,,,,,,
00:02:48.062,,,,,,,,,,,,,,
00:02:47.947,,,,,,,,,,,,,,
00:02:47.831,,x2,,,,,,,,,,,,
00:02:47.716,,,,,,,,,,,,,,
00:02:47.600,x2,,,,,,,,,,,,,
00:02:47.485,,,,,,,,,,,,,,
00:02:47.370,,x2,,x3,,,,,,,e,,,s
00:02:47.254,,,,,,,,,,,,,,
00:02:47.139,,,,,,,,,,,,,,
00:02:47.023,,,,,,,,,,,,,,
00:02:46.908,x2,,,,,,,,,,,,,e
00:02:46.793,,,,,,,,,,,,,,
00:02:46.677,,,,,,,,,,,,,,
00:02:46.562,,,,,,,,,,,,,,
00:02:46.447,,x2,,x3,,,,,,,s,,,
00:02:46.331,,,,,,,,,,,,,,
00:02:46.216,,,,,,,,,,,,,,
00:02:46.100,,,,,,,,,,,,,,
00:02:45.985,x2,,,,,,,,,,,,,
00:02:45.870,,,,,,,,,,,,,,
00:02:45.754,,x2,,,,,,,,,,,,
00:02:45.639,,,,,,,,,,,,,,
00:02:45.523,x2,,,,x3,,,,,,e,,e,
00:02:45.408,,,,,,,,,,,,,,
00:02:45.293,,,,@3,<3,,,,,,,,,
00:02:45.177,,,,,,,,,,,,,,
00:02:45.062,,x2,,,,,,,,,,,,
00:02:44.947,,,,,,,,,,,,,,
00:02:44.831,,,,,,,,,,,,,,
00:02:44.716,,,,,,,,,,,,,,
00:02:44.600,x2,,,,^3,<3,,,,,,,,
00:02:44.485,,,,,,,,,,,,,,
00:02:44.370,,,,,,,,,,,,,,
00:02:44.254,,,,,,,,,,,,,,
00:02:44.139,,,,,,$^3,,,,,s,,s,
00:02:44.023,,,,,,,,,,,,,,
00:02:43.908,,,,,,,,,,,,,,
00:02:43.793,,,,,,,,,,,,,,
00:02:43.677,,,,,,,,,,,,,,
00:02:43.562,,,,,x3,,,,,,,,,
00:02:43.447,,,,,,,,,,,,,,
00:02:43.331,,,,,,,,,,,,,,
00:02:43.216,,,,r3,,,,,,,,,,
00:02:43.100,,,,,,,,,,,,,,
00:02:42.985,,,,,,,,,,,,,,
00:02:42.870,,,,,,,,,,,,,,
00:02:42.754,,,,,,,,,,,,,,
00:02:42.639,,,,,,l3,,,,,,,,
00:02:42.523,,,,,,,,,,,,,,
00:02:42.408,,,,,,,,,,,,,,
00:02:42.293,,,,,r3,,,,,,,,,
00:02:42.177,,,,,,,,,,,,,,
00:02:42.062,,,,,,,,,,,,,,
00:02:41.947,,,,,,,,,,,,,,
00:02:41.831,,,,,,,,,,,,,,
00:02:41.716,,,,x3,,,,,,,,,,
00:02:41.600,>1,@1,,,,,,,e,,,,,
00:02:41.485,,,,,,,,,,,,,,
00:02:41.370,,,,,x3,,,,,,,,,s
00:02:41.254,,,,,,,,,,,,,,
00:02:41.139,,,,,,,,,,,,,,
00:02:41.023,^1,<1,,,,,,,,,,,,
00:02:40.908,,,,,,,,,,,,,,
00:02:40.793,,,,,,,,,,,,,,
00:02:40.677,,,,,,,,,,,,,,e
00:02:40.562,,,,,,,,,,,,,,
00:02:40.447,,$^1,,@3,,,,,,,,,,
00:02:40.332,,,,,,,,,,,,,,
00:02:40.216,,,x1,,,,,,,,,,,
00:02:40.101,,,,,,,,,,,,,,
00:02:39.986,,@1,,,,,,,,,,,,
00:02:39.871,,,,,,,,,,,,,,
00:02:39.756,,,,$^3,,,,,,,,,,
00:02:39.641,,,,,,,,,,,,,,
00:02:39.525,,,,,x3,,,,,,,,,
00:02:39.410,,,,,,,,,,,,,,
00:02:39.295,,,,@3,,,,,,,,,,
00:02:39.180,,,,,,,,,,,,,,
00:02:39.065,,$^1,,,,,,,,,,,,
00:02:38.951,,,,,,,,,,,,,,
00:02:38.836,,,@1,,,,,,,,,,,
00:02:38.721,,,,,,,,,,,,,,
00:02:38.606,,,$^1,$^3,,,,,,,,,,
00:02:38.491,,,,,,,,,,,,,,
00:02:38.376,,@1,,,,@3,,,,,,,,
00:02:38.262,,,,,,,,,,,,,,
00:02:38.147,,,,,,,,,,,,,,
00:02:38.032,>1,^1,,,,,,,,,,,,
00:02:37.917,,,,,,$^3,,,,,,,,
00:02:37.803,,,,,,,,,,,,,,
00:02:37.688,$^1,,,,@3,,,,,,,,,
00:02:37.574,,,,,,,,,,,,,,
00:02:37.459,,x1,,,,,,,,,,,,
00:02:37.344,,,,,,,,,,,,,,
00:02:37.230,,,x1,>3,^3,,,,,,,,,
00:02:37.115,,,,,,,,,,,,,,
00:02:37.001,,@1,,,,,,,,,,,,
00:02:36.886,,,,,,,,,,,,,,
00:02:36.771,,$^1,,$^3,,,,,,,,,,
00:02:36.655,,,,,,,,,,,,,,
00:02:36.540,,,@1,,,,,,,,,,,
00:02:36.424,,,,,,,,,,,,,,
00:02:36.309,,,,,x3,,,,,,,,,s
00:02:36.193,,,,,,,,,,,,,,
00:02:36.077,,,,,,,,,,,,,,
00:02:35.960,,,,,,,,,,,,,,
00:02:35.844,,,$^1,,,,,,,,,,,
00:02:35.727,,,,,,,,,,,,,,e
00:02:35.611,,x1,,,,,,,,,,,,
00:02:35.494,,,,,,,,,,,,,,
00:02:35.377,x1,,,,,,,,,,,,,
00:02:35.260,,,,,,,,,,,,,,
00:02:35.143,,,,,,,,,,,,,,
00:02:35.026,,,,,,,,,,,,,,
00:02:34.910,,,,,,,,,,,,,,
00:02:34.793,,,,,,,,,,,,,,
00:02:34.677,,,,,,,,,,,,,,
00:02:34.562,,,,,,,,,,,,,,
00:02:34.446,#,l3,#,#,r3,#,,,,,,,,s
00:02:34.331,,,,,,,,,,,,,,
00:02:34.216,,,,,,,,,,,,,,
00:02:34.101,,,,,,,,,,,,,,
00:02:33.986,,,x1,,,,,,,,,,,
00:02:33.872,,,,,,,,,,,,,,
00:02:33.758,,,,,,x1,,,,,,,,
00:02:33.644,,,,,,,,,,,,,,
00:02:33.530,x1,,,,,,,,,,,,,
00:02:33.416,,,,,,,,,,,,,,
00:02:33.302,,,,,,,,,,,,,,
00:02:33.188,,,,,x1,,,,,,,,,
00:02:33.074,,,,,,,,,,,,,,
00:02:32.959,,,,,,,,,,,,,,
00:02:32.844,,x1,,,,,,,,,,,,
00:02:32.729,,,,,,,,,,,,,,
00:02:32.614,,,@1,,,,,,,,,,,
00:02:32.499,,,,,,,,,,,,,,
00:02:32.383,,,,,,,,,,,,,,
00:02:32.267,,,,,,,,,,,,,,
00:02:32.151,,,,,,,,,,,,,,
00:02:32.034,,,,,,,,,,,,,,
00:02:31.918,,>1,^1,,,,,,,,,,,
00:02:31.801,,,,,,,,,,,,,,
00:02:31.684,,,,,,,,,,,,,,
00:02:31.567,,,,,,,,,,,,,,
00:02:31.450,,,,,,,,,,,,,,
00:02:31.333,,,,,,,,,,,,,,
00:02:31.217,,$^1,,,,,,,,,,,,
00:02:31.101,,,,,,,,,,,,,,
00:02:30.985,,,,,x1,,,,,,,,,
00:02:30.869,,,,,,,,,,,,,,
00:02:30.754,,x1,,,,,,,,,,,,
00:02:30.638,,,,,,,,,,,,,,
00:02:30.523,,,,,x1,,,,,,,,,
00:02:30.409,,,,,,,,,,,,,,
00:02:30.294,,@1,,,,,,,,,,,,
00:02:30.180,,,,,,,,,,,,,,
00:02:30.065,,,,,,,,,,,,,,
00:02:29.951,,,,,,,,,,,,,,
00:02:29.838,>1,^1,,,,,,,,,,,,
00:02:29.724,,,,,,,,,,,,,,
00:02:29.610,,,,,,,,,,,,,,
00:02:29.496,,,,,,,,,,,,,,
00:02:29.381,$^1,,,,,,,,,,,,,
00:02:29.267,,,,,,,,,,,,,,
00:02:29.152,,x1,,,,,,,,,,,,
00:02:29.037,,,,,,,,,,,,,,
00:02:28.922,,,x1,,,,,,,,,,,
00:02:28.806,,,,,,,,,,,,,,
00:02:28.690,,,,,@1,<1,,,,,,,,
00:02:28.574,,,,,,,,,,,,,,
00:02:28.458,,,,,,,,,,,,,,
00:02:28.342,,,,,,,,,,,,,,
00:02:28.225,,,,,,,,,,,,,,
00:02:28.108,,,,,>1,^1,,,,,,,,
00:02:27.991,,,,,,,,,,,,,,
00:02:27.874,,,,,,,,,,,,,,
00:02:27.758,,,,,,,,,,,,,,
00:02:27.641,,,,,,,,,,,,,,
00:02:27.525,,,,,$^1,,,,,,,,,
00:02:27.410,,,,,,,,,,,,,,
00:02:27.294,,x1,,,,,,,,,,,,
00:02:27.179,,,,,,,,,,,,,,
00:02:27.065,,,,,,x1,,,,,,,,
00:02:26.950,,,,,,,,,,,,,,
00:02:26.836,x1,,,,,,,,,,,,,
00:02:26.721,,,,,,,,,,,,,,
00:02:26.607,,,,,x1,,,,,,,,,
00:02:26.492,,,,,,,,,,,,,,
00:02:26.378,,x1,,,,,,,,,,,,
00:02:26.263,,,,,,,,,,,,,,
00:02:26.149,,,,,,x1,,,,,,,,
00:02:26.034,,,,,,,,,,,,,,
00:02:25.920,,,x1,,,,,,,,,,,
00:02:25.805,,,,,,,,,,,,,,
00:02:25.691,,,,,x1,,,,,,,,,
00:02:25.576,,,,,,,,,,,,,,
00:02:25.462,,,@1,,,,,,,,,,,
00:02:25.347,,,,,,,,,,,,,,
00:02:25.233,,,,,,,,,,,,,,
00:02:25.118,,,,,,,,,,,,,,
00:02:25.004,,>1,^1,,,,,,,,,,,
00:02:24.889,,,,,,,,,,,,,,
00:02:24.775,,,,,,,,,,,,,,
00:02:24.660,,,,,,,,,,,,,,
00:02:24.546,,$^1,,,,,,,,,,,,
00:02:24.431,,,,,,,,,,,,,,
00:02:24.317,@1,,,,,,,,,,,,,
00:02:24.202,,,,,,,,,,,,,,
00:02:24.087,,,,,,,,,,,,,,
00:02:23.972,,,,,,,,,,,,,,
00:02:23.858,^1,<1,,,,,,,,,,,,
00:02:23.743,,,,,,,,,,,,,,
00:02:23.628,,,,,,,,,,,,,,
00:02:23.514,,,,,,,,,,,,,,
00:02:23.399,,$^1,,,,,,,,,,,,
00:02:23.284,,,,,,,,,,,,,,
00:02:23.169,,,@1,,,,,,,,,,,
00:02:23.054,,,,,,,,,,,,,,
00:02:22.939,,,$^1,,,,,,,,,,,
00:02:22.823,,,,,,,,,,,,,,
00:02:22.708,,@1,,,,,,,,,,,,
00:02:22.593,,,,,,,,,,,,,,
00:02:22.477,,,,,,,,,,,,,,
00:02:22.362,,,,,,,,,,,,,,
00:02:22.246,,^1,<1,,,,,,,,,,,
00:02:22.131,,,,,,,,,,,,,,
00:02:22.016,,,,,,,,,,,,,,
00:02:21.900,,,,,,,,,,,,,,
00:02:21.784,,,$^1,,,,,,,,,,,
00:02:21.668,,,,,,,,,,,,,,
00:02:21.553,,,,,>1,@1,,,,,,,,
00:02:21.437,,,,,,,,,,,,,,
00:02:21.321,,,,,,,,,,,,,,
00:02:21.205,,,,,,,,,,,,,,
00:02:21.089,,,,>1,^1,,,,,,,,,
00:02:20.973,,,,,,,,,,,,,,
00:02:20.857,,,,,,,,,,,,,,
00:02:20.740,,,,,,,,,,,,,,
00:02:20.624,,,,,,,,,,,,,,
00:02:20.508,,,,^1,<1,,,,,,,,,
00:02:20.392,,,,,,,,,,,,,,
00:02:20.276,,,,,,,,,,,,,,
00:02:20.160,,,,,,,,,,,,,,e
00:02:20.045,,,,,,,,,,,,,,
00:02:19.930,,,,,$^1,,,,,,,,,
00:02:19.814,,,,,,,,,,,,,,
00:02:19.699,,,,,,,,,,,,,,
00:02:19.584,,,,,,,,,,,,,,
00:02:19.470,,,,,,x1,,,,,,,,
00:02:19.355,,,,,,,,,,,,,,
00:02:19.241,x3,,,,@1,,,,,,,,,
00:02:19.127,,,,,,,,,,,,,,
00:02:19.013,,,,,,,,,,,,,,
00:02:18.899,,,,,,,,,,,,,,
00:02:18.785,,l3,,,,,,,,,,,,
00:02:18.671,,,,,,,,,,,,,,
00:02:18.557,,,,,,,,,,,,,,
00:02:18.443,,,,,,,,,,,,,,
00:02:18.329,x3,,,,$^1,,,,,,,,,s
00:02:18.214,,,,,,,,,,,,,,
00:02:18.099,,,,,,x1,,,,,,,,
00:02:17.984,,,,,,,,,,,,,,
00:02:17.869,,,x1,,,,,,,,,,,
00:02:17.754,,,,,,,,,,,,,,
00:02:17.638,,,,,,,,,,,,,,
00:02:17.522,,,,,,x1,,,,,,,,
00:02:17.406,,,,,,,,,,,,,,
00:02:17.289,@1,<1,,,,,,,,,,,,
00:02:17.173,,,,,,,,,,,,,,
00:02:17.056,,,,,,,,,,,,,,
00:02:16.939,,,,,,,,,,,,,,
00:02:16.822,>1,^1,,,,,,,,,,,,
00:02:16.705,,,,,,,,,,,,,,
00:02:16.589,,,,,,,,,,,,,,
00:02:16.473,$^1,,,,,,,,,,,,,
00:02:16.357,,,,,,,,,,,,,,
00:02:16.242,,,,,x1,,,,,,,,,
00:02:16.127,,,,,,,,,,,,,,
00:02:16.012,,x1,,,,,,,,,,,,
00:02:15.898,,,,,,,,,,,,,,
00:02:15.783,,x1,,,,,,,,,,,,
00:02:15.668,,,,,,,,,,,,,,
00:02:15.554,,,,,x1,,,,,,,,,
00:02:15.439,,,,,,,,,,,,,,
00:02:15.325,,,,,,,,,,,,,,
00:02:15.210,,,,,,,,,,,,,,
00:02:15.095,,,,,x1,,,,,,,,,
00:02:14.981,,,,,,,,,,,,,,
00:02:14.866,,,,,,,,,,,,,,
00:02:14.751,,,,,,,,,,,,,,
00:02:14.636,,,,,,,,,,,,,,
00:02:14.522,,,,,,,,,,,,,,
00:02:14.407,,@1,<1,,,,,,,,,,,
00:02:14.292,,,,,,,,,,,,,,
00:02:14.177,,,,,,,,,,,,,,
00:02:14.062,,,,,,,,,,,,,,
00:02:13.947,,,,,,,,,,,,,,
00:02:13.833,,>1,^1,,,,,,,,,,,
00:02:13.718,,,,,,,,,,,,,,
00:02:13.603,,,,,,,,,,,,,,
00:02:13.488,,,,,,,,,,,,,,
00:02:13.373,,,,,,,,,,,,,,
00:02:13.258,,$^1,,,,,,,,,,,,
00:02:13.143,,,,,,,,,,,,,,
00:02:13.028,,,x1,,,,,,,,,,,
00:02:12.912,,,,,,,,,,,,,,
00:02:12.797,x1,,,,,,,,,,,,,e
00:02:12.682,,,,,,,,,,,,,,
00:02:12.567,,x1,,,,,,,,,,,,
00:02:12.452,,,,,,,,,,,,,,
00:02:12.337,,,x1,,,,,,,,,,,
00:02:12.221,,,,,,,,,,,,,,
00:02:12.106,x1,,,,,,,,,,,,,
00:02:11.991,,,,,,,,,,,,,,
00:02:11.876,,x1,,,x3,,,,,,,,,
00:02:11.760,,,,,,,,,,,,,,
00:02:11.645,,,x1,,,,,,,,,,,
00:02:11.530,,,,,,,,,,,,,,
00:02:11.414,x1,,,,,x3,,,,,,,,
00:02:11.299,,,,,,,,,,,,,,
00:02:11.184,,x1,,,,,,,,,,,,
00:02:11.068,,,,,,,,,,,,,,
00:02:10.953,,,x1,,x3,,,,s,,,,,s
00:02:10.837,,,,,,,,,,,,,,
00:02:10.722,@1,,,,,,,,,,,,,
00:02:10.607,,,,,,,,,,,,,,
00:02:10.491,,,,,,,,,,,,,,
00:02:10.376,,,,,,,,,,,,,,
00:02:10.261,,,,,,,,,,,,,,
00:02:10.145,,,,,,,,,,,,,,
00:02:10.030,^1,<1,,,,,,,,,,,,
00:02:09.914,,,,,,,,,,,,,,
00:02:09.799,,,,,,,,,,,,,,
00:02:09.684,,,,,,,,,,,,,,
00:02:09.568,,,,,,,,,,,,,,
00:02:09.453,,,,,,,,,,,,,,
00:02:09.337,,,,,,,,,,,,,,
00:02:09.222,,^1,<1,,,,,,,,,,,
00:02:09.107,,,,,,,,,,,,,,
00:02:08.991,,,,,,,,,e,,,,,
00:02:08.876,,,,,,,,,,,,,,
00:02:08.761,,,,,,,,,,,,,,
00:02:08.645,,,$^1,,,,,,,,,,,
00:02:08.530,,,,,,,,,,,,,,
00:02:08.414,,@1,,,,,,,,,,,,
00:02:08.299,,,,,,,,,,,,,,
00:02:08.184,,$^1,,,,,,,,,,,,
00:02:08.068,,,,,,,,,,,,,,
00:02:07.953,,@1,,,,,,,,,,,,
00:02:07.837,,,,,,,,,,,,,,
00:02:07.722,,,,,,,,,,,,,,
00:02:07.607,,,,,,,,,,,,,,
00:02:07.491,>1,^1,,,,,,,,,,,,
00:02:07.376,,,,,,,,,,,,,,
00:02:07.261,,,,,,,,,,,,,,
00:02:07.145,,,,,,,,,,,,,,
00:02:07.030,$^1,,,,,,,,,,,,,
00:02:06.914,,,,,,,,,,,,,,
00:02:06.799,>1,@1,,,@1,<1,,,,,,,,
00:02:06.684,,,,,,,,,,,,,,
00:02:06.568,,,,,,,,,,,,,,
00:02:06.453,,,,,,,,,,,,,,
00:02:06.337,,,,,,,,,,,,,,
00:02:06.222,,,,,,,,,,,,,,
00:02:06.107,,,,,,,,,,,,,,
00:02:05.991,^1,<1,,,>1,^1,,,,,,,,
00:02:05.876,,,,,,,,,,,,,,
00:02:05.761,,,,,,,,,,,,,,
00:02:05.645,,,,,,,,,,,,,,
00:02:05.530,,,,,,,,,,,,,,
00:02:05.414,,,,,,,,,,,,,,
00:02:05.299,,,,,,,,,,,,,,
00:02:05.184,,$^1,,,$^1,,,,,,,,,
00:02:05.068,,,,,,,,,,,,,,
00:02:04.953,,,,,,x1,,,,,,,,
00:02:04.837,,,,,,,,,,,,,,
00:02:04.722,,,,,x1,,,,,,,,,
00:02:04.607,,,,,,,,,,,,,,
00:02:04.491,,,,,,x1,,,,,,,,e
00:02:04.376,>3,@3,,,,,,,,,,,,
00:02:04.261,,,,,,,,,,,,,,
00:02:04.145,,,,,,,,,,,,,,
00:02:04.030,,,,,x1,,,,,,,,,
00:02:03.914,,,,,,,,,,,,,,
00:02:03.799,,,,,,,,,,,,,,
00:02:03.684,,,,,,,,,,,,,,
00:02:03.568,,,,,,x1,,,,,,,,
00:02:03.453,,,,,,,,,,,,,,
00:02:03.337,^3,<3,,,@1,,,,,,,,,
00:02:03.222,,,,,,,,,,,,,,
00:02:03.107,,,,,,,,,,,,,,
00:02:02.991,,,,,,,,,,,,,,
00:02:02.876,,,,,,,,,,,,,,
00:02:02.761,,,,,,,,,,,,,,
00:02:02.645,,$^3,,,,,,,,,,,,
00:02:02.530,,,,,,,,,,,,,,
00:02:02.414,,,,,$^1,,,,,,,,,
00:02:02.299,,,,,,,,,,,,,,
00:02:02.184,,,,,,,,,,,,,,
00:02:02.068,,,,,,,,,,,,,,
00:02:01.953,,,,,,,,,,,,,,
00:02:01.837,,,,,,,,,,,,,,
00:02:01.722,,x3,,,,,,,,,,,,
00:02:01.607,,,,,,,,,,,,,,
00:02:01.491,,,x3,,@1,,,,,,,,,s
00:02:01.376,,,,,,,,,,,,,,
00:02:01.261,,,,,,,,,,,,,,
00:02:01.145,,,,,,,,,,,,,,
00:02:01.030,,,,,,,,,,,,,,
00:02:00.914,,,,,,,,,,,,,,
00:02:00.799,,,,,,,,,,,,,,e
00:02:00.684,,,,,,,,,,,,,,
00:02:00.568,,,,,$^1,,,,,,,,,
00:02:00.453,,,,,,,,,,,,,,
00:02:00.337,,@3,,,,,,,,,,,,
00:02:00.222,,,,,,,,,,,,,,
00:02:00.107,,,,,,,,,,,,,,
00:01:59.991,,,,,,,,,,,,,,
00:01:59.876,,,,,x1,,,,,,,,,
00:01:59.761,,,,,,,,,,,,,,
00:01:59.645,,$^3,,,@1,,,,,,,,,
00:01:59.530,,,,,,,,,,,,,,
00:01:59.414,@3,,,,,,,,,,,,,
00:01:59.299,,,,,,,,,,,,,,
00:01:59.184,,,,,,,,,,,,,,
00:01:59.068,,,,,,,,,,,,,,
00:01:58.953,,,,,,,,,,,,,,
00:01:58.837,,,,,,,,,,,,,,
00:01:58.722,,,,,$^1,,,,,,,,,
00:01:58.607,,,,,,,,,,,,,,
00:01:58.491,$^3,,,,x1,,,,,,,,,
00:01:58.376,,,,,,,,,,,,,,
00:01:58.261,,x3,,,,,,,,,,,,
00:01:58.145,,,,,,,,,,,,,,
00:01:58.030,@3,,,,@1,,,,,,,,,
00:01:57.914,,,,,,,,,,,,,,
00:01:57.799,,,,,,,,,,,,,,
00:01:57.684,,,,,,,,,,,,,,
00:01:57.568,$^3,,,,,,,,,,,,,s
00:01:57.453,,,,,,,,,,,,,,
00:01:57.337,,,,,,,,,,,,,,
00:01:57.222,,,,,,,,,,,,,,
00:01:57.107,,,,,,,,,,,,,,
00:01:56.991,,,,,,,,,,,,,,
00:01:56.876,,,,,$^1,,,,,,,,,
00:01:56.761,,,,,,,,,,,,,,
00:01:56.645,,,,,,,,,,,,,,
00:01:56.530,,,,,,,,,,,,,,e
00:01:56.414,,@3,,,,,,,,,,,,
00:01:56.299,,,,,,,,,,,,,,
00:01:56.184,,,,,x1,,,,,,,,,
00:01:56.068,,,,,,,,,,,,,,
00:01:55.953,,,,,@1,,,,,,,,,
00:01:55.837,,,,,,,,,,,,,,
00:01:55.722,,,,,,,,,,,,,,
00:01:55.607,,,,,,,,,,,,,,
00:01:55.491,,$^3,,,,,,,,,,,,
00:01:55.376,,,,,,,,,,,,,,
00:01:55.261,,,,,,,,,,,,,,
00:01:55.145,,,,,,,,,,,,,,
00:01:55.030,,,x3,,$^1,,,,,,,,,
00:01:54.914,,,,,,,,,,,,,,
00:01:54.799,@3,,,,,,,,,,,,,
00:01:54.684,,,,,,,,,,,,,,
00:01:54.568,,,,,,,,,,,,,,
00:01:54.453,,,,,,,,,,,,,,
00:01:54.337,$^3,,,,,,,,,,,,,
00:01:54.222,,,,,,,,,,,,,,
00:01:54.107,,,,,@1,,,,,,,,,
00:01:53.991,,,,,,,,,,,,,,
00:01:53.876,,,l3,,,,,,,,,,,
00:01:53.761,,,,,,,,,,,,,,
00:01:53.645,,,,,,,,,,,,,,
00:01:53.530,,,,,,,,,,,,,,
00:01:53.414,,,,,,,,,,,,,,
00:01:53.299,,,,,,,,,,,,,,
00:01:53.184,,,,,$^1,,,,,,,,,
00:01:53.068,,,,,,,,,,,,,,
00:01:52.953,,,,,,,,,,,,,,
00:01:52.837,,,,,,,,,,,,,,
00:01:52.722,,,,,,,,,,,,,,
00:01:52.607,,,,,,,,,,,,,,
00:01:52.491,,,,,x1,,,,s,,,,,
00:01:52.376,,,,,,,,,,,,,,
00:01:52.261,,@3,,,@1,,,,,,,,,
00:01:52.145,,,,,,,,,,,,,,
00:01:52.030,,,,,,,,,,,,,,
00:01:51.914,,,,,,,,,,,,,,
00:01:51.799,,$^3,,,,,,,,,,,,
00:01:51.684,,,,,,,,,,,,,,
00:01:51.568,,,@3,,,,,,,,,,,
00:01:51.453,,,,,,,,,,,,,,
00:01:51.337,,,,,,,,,,,,,,
00:01:51.222,,,,,,,,,,,,,,
00:01:51.107,,,,,,,,,,,,,,
00:01:50.991,,,,,,,,,,,,,,
00:01:50.876,,,,,,,,,,,,,,
00:01:50.761,,,,,,,,,,,,,,
00:01:50.646,,,$^3,,,,,,,,e,,,
00:01:50.531,,,,,,,,,,,,,,
00:01:50.416,,,,,,,,,,,,,,
00:01:50.302,,,,,,,,,,,,,,
00:01:50.187,,l3,,,,,,,,,,,,s
00:01:50.073,,,,,,,,,,,,,,
00:01:49.958,,,,,,,,,,,,,,
00:01:49.844,,,,,,,,,e,,,,,
00:01:49.730,,,,,,,,,,,,,,
00:01:49.616,,,,,,,,,,,,,,
00:01:49.502,,,,,,,,,,,,,,
00:01:49.388,,,,,,,,,,,,,,
00:01:49.275,r3,,,,,,,,,,,,,
00:01:49.161,,,,,,,,,,,,,,
00:01:49.046,,,,,,,,,,,,,,
00:01:48.932,,,,,,,,,,,,,,
00:01:48.817,,x3,,,,,,,,,s,,,e
00:01:48.701,,,,,,,,,,,,,,
00:01:48.586,,,@3,,,,,,,,,,,
00:01:48.470,,,,,,,,,,,,,,
00:01:48.355,,,,,,,,,,,,,,
00:01:48.240,,,,,,,,,,,,,,
00:01:48.124,,,,,,,,,,,,,,
00:01:48.009,,,,,,,,,,,,,,
00:01:47.894,,,$^3,,,,,,,,,,,
00:01:47.778,,,,,,,,,,,,,,
00:01:47.663,,x3,,,$^1,,,,s,,,,,
00:01:47.547,,,,,,,,,,,,,,
00:01:47.432,,,,,,,,,,,,,,
00:01:47.317,,,,,x3,,,,,,,,,
00:01:47.201,,,,,,,,,,,,,,
00:01:47.086,,,,,,,,,,,,,,
00:01:46.970,,,,,,,,,,,,,,
00:01:46.855,,,,,,,,,,,,,,
00:01:46.740,,,,,,,,,,,,,,
00:01:46.624,,,,,,,,,,,,,,
00:01:46.509,,,,,,,,,,,,,,
00:01:46.394,,,,,,,,,,,,,,
00:01:46.278,,,,,,,,,,,,,,
00:01:46.163,,,,,,,,,,,,,,
00:01:46.047,,,,,@3,<3,,,,,,,,
00:01:45.932,,,,,,,,,,,,,,
00:01:45.817,,,,,,,,,,,,,,
00:01:45.701,,,,,,,,,,,,,,
00:01:45.586,,,,,,,,,,,,,,
00:01:45.470,,,,,,,,,,,,,,
00:01:45.355,,,,,,,,,,,,,,
00:01:45.240,,,,,,,,,,,,,,
00:01:45.124,,,,,$>3,^3,,,,,,,,
00:01:45.009,,,,,,,,,,,,,,
00:01:44.894,,,,,,,,,,,,,,
00:01:44.778,,,,,,,,,,,,,,
00:01:44.663,,,x3,,,,,,,,,,,
00:01:44.547,,,,,,,,,,,,,,
00:01:44.432,,x3,,,,,,,,,,,,
00:01:44.317,,,,,,,,,,,,,,
00:01:44.201,@3,,,,,,,,,,,,,
00:01:44.086,,,,,,,,,,,,,,
00:01:43.970,,,,,,,,,,,,,,
00:01:43.855,,,,,,,,,,,,,,
00:01:43.740,^3,<3,,,,,,,,,,,,
00:01:43.624,,,,,,,,,,,,,,
00:01:43.509,,,,,,,,,,,,,,
00:01:43.394,,,,,,,,,,,,,,
00:01:43.278,,$^3,,,,,,,,,,,,
00:01:43.163,,,,,,,,,,,,,,
00:01:43.047,,,,,@3,,,,,,,,,
00:01:42.932,,,,,,,,,,,,,,
00:01:42.817,,,,,,,,,,,,,,
00:01:42.701,,,,,,,,,,,,,,
00:01:42.586,,,,,$^3,,,,,,,,,s
00:01:42.470,,,,,,,,,,,,,,
00:01:42.355,,,,,,,,,,,,,,
00:01:42.240,,,,,,,,,e,,,,,
00:01:42.124,,,,,,,,,,,,,,
00:01:42.009,,,,,,,,,,,,,,
00:01:41.894,,,,,,,,,s,,,,,
00:01:41.778,,,,,,,,,,,,,,
00:01:41.663,,,,,,,,,,,,,,
00:01:41.547,,,,,,,,,,,,,,
00:01:41.432,,@3,<3,,,,,,,,,,,e
00:01:41.317,,,,,,,,,,,,,,
00:01:41.201,,,,,,,,,,,,,,
00:01:41.086,,,,,,,,,,,,,,
00:01:40.970,,,,,,,,,,,,,,
00:01:40.855,,>3,^3,,,,,,,,,,,
00:01:40.740,,,,,,,,,,,,,,
00:01:40.624,,,,,,,,,,,,,,
00:01:40.509,,,,,,,,,,,,,,
00:01:40.394,,,,,,,,,,,,,,
00:01:40.278,,^3,$<3,,,,,,,,,,,
00:01:40.163,,,,,,,,,,,,,,
00:01:40.047,,,,,,,,,,,,,,
00:01:39.932,,,,,,,,,,,,,,
00:01:39.817,,,,,r3,,,,,,,,,
00:01:39.701,,,,,,,,,,,,,,
00:01:39.586,>3,@3,,,,,,,,,,,,
00:01:39.470,,,,,,,,,,,,,,
00:01:39.355,,,,,,,,,,,,,,
00:01:39.240,,,,,,,,,,,,,,
00:01:39.124,^3,$<3,,,,,,,,,,,,
00:01:39.009,,,,,,,,,,,,,,
00:01:38.894,,,,,,,,,,,,,,
00:01:38.778,,,,,,,,,,,,,,
00:01:38.663,@3,<3,,,>3,@3,,,,,,,,
00:01:38.547,,,,,,,,,,,,,,
00:01:38.432,,,,,,,,,,,,,,
00:01:38.317,,,,,,,,,,,,,,
00:01:38.201,>3,^3,,,^3,<3,,,,,,,,
00:01:38.086,,,,,,,,,,,,,,
00:01:37.970,,,,,,,,,,,,,,
00:01:37.855,,,,,,,,,,,,,,
00:01:37.740,^3,$<3,,,$>3,^3,,,,,,,,
00:01:37.624,,,,,,,,,,,,,,
00:01:37.509,,,,,,,,,,,,,,
00:01:37.394,,,,,,,,,,,,,,
00:01:37.278,,,l3,,r3,,,,,,,,,
00:01:37.163,,,,,,,,,,,,,,
00:01:37.047,,,,,,,,,,,,,,
00:01:36.932,,,,,,,,,,,,,,
00:01:36.817,@3,<3,,,@3,<3,,,,,,,,
00:01:36.701,,,,,,,,,,,,,,
00:01:36.586,,,,,,,,,,,,,,
00:01:36.470,,,,,,,,,,,,,,
00:01:36.355,>3,^3,,,>3,^3,,,,,,,,
00:01:36.240,,,,,,,,,,,,,,
00:01:36.124,,,,,,,,,,,,,,
00:01:36.009,,,,,,,,,e,,,,,
00:01:35.894,$^3,,,,$^3,,,,,,,,,
00:01:35.778,,,,,,,,,,,,,,
00:01:35.663,,,,,,,,,,,,,,
00:01:35.547,,,,,,,,,,,,,,
00:01:35.432,#,r3,#,*,l3,#,,,,,,,,s
00:01:35.317,,,,,,,,,,,,,,
00:01:35.202,,,,,,,,,,,,,,
00:01:35.087,,,,,,,,,,,,,,
00:01:34.972,x2,,,,,x2,,,,,,,,
00:01:34.858,,,,,,,,,,,,,,
00:01:34.744,,,,,,,,,,,,,,
00:01:34.630,,,,,,,,,,,,,,
00:01:34.516,x2,,,,,x2,,,,,,,,
00:01:34.402,,,,,,,,,,,,,,
00:01:34.289,,,,,,,,,,,,,,
00:01:34.176,,,,,,,,,,,,,,
00:01:34.063,,x2,,,x2,,,,,,,,,e
00:01:33.950,,,,,,,,,,,,,,
00:01:33.837,@3,,,,,@3,,,,,,,,
00:01:33.723,,,,,,,,,,,,,,
00:01:33.609,,,,,,,,,,,,,,
00:01:33.495,,,,,,,,,,,,,,
00:01:33.380,^3,<3,,,>3,^3,,,,,,,,
00:01:33.265,,,,,,,,,,,,,,
00:01:33.149,,,,,,,,,,,,,,
00:01:33.033,,,,,,,,,,,,,,
00:01:32.917,,,,,,,,,,,,,,
00:01:32.801,,^3,<3,>3,^3,,,,,,,,,
00:01:32.684,,,,,,,,,,,,,,
00:01:32.567,,,,,,,,,,,,,,
00:01:32.450,,,,,,,,,,,,,,
00:01:32.333,,,,,,,,,,,,,,
00:01:32.216,,,$^3,$^3,,,,,s,,,,,
00:01:32.099,,,,,,,,,,,,,,
00:01:31.983,,@1,,,x3,,,,,,,,,
00:01:31.866,,,,,,,,,,,,,,
00:01:31.749,,,,,,,,,,,,,,
00:01:31.633,,,,,,x3,,,,,,,,
00:01:31.517,,,,,,,,,,,,,,
00:01:31.401,,,,,,,,,,,,,,
00:01:31.285,,^1,<1,x3,,,,,,,,,,
00:01:31.169,,,,,,,,,,,,,,s
00:01:31.053,,,,,,,,,,,,,,
00:01:30.937,,,,,,,,,,,,,,
00:01:30.822,,,,,,,,,,,,,,
00:01:30.706,,,,,,,,,,,,,,
00:01:30.591,,>1,^1,,@3,,,,,,,,,e
00:01:30.475,,,,,,,,,,,,,,
00:01:30.360,,,,,,,,,,,,,,
00:01:30.245,,,,,,,,,,,,,,
00:01:30.130,>1,^1,,,^3,<3,,,,,,,,
00:01:30.015,,,,,,,,,,,,,,
00:01:29.900,,,,,,,,,,,,,,
00:01:29.785,,,,,,,,,,,,,,
00:01:29.671,^1,<1,,,,$^3,,,,,,,,
00:01:29.556,,,,,,,,,,,,,,
00:01:29.442,,,,,x3,,,,,,,,,
00:01:29.327,,,,,,,,,,,,,,
00:01:29.213,,^1,<1,@3,,,,,,,,,,
00:01:29.099,,,,,,,,,,,,,,
00:01:28.985,,,,,,,,,,,,,,
00:01:28.871,,,,,,,,,,,,,,
00:01:28.757,,,,,,,,,,,,,,
00:01:28.643,,,,,,,,,e,,,,,
00:01:28.529,,,$^1,$^3,,,,,s,,,,,
00:01:28.416,,,,,,,,,,,,,,
00:01:28.301,,@1,<1,,,,,,,,,,,
00:01:28.187,,,,,,,,,,,,,,
00:01:28.071,,,,,,,,,,,,,,
00:01:27.956,,,,x3,,,,,,,,,,
00:01:27.841,,,,,,,,,,,,,,
00:01:27.725,,>1,^1,,>3,@3,,,,,,,,
00:01:27.610,,,,,,,,,,,,,,
00:01:27.495,,,,,,,,,,,,,,
00:01:27.379,>1,^1,,,,,,,,,,,,
00:01:27.264,,,,,,,,,,,,,,
00:01:27.148,,,,>3,^3,,,,,,,,,
00:01:27.033,,,,,,,,,,,,,,
00:01:26.918,,,,,,,,,,,,,,
00:01:26.802,,,,,,,,,e,,,,,
00:01:26.687,$^1,,,$^3,,,,,s,,,,,
00:01:26.571,,,,,,,,,,,,,,
00:01:26.456,,,@1,,,,,,,,,,,
00:01:26.341,,,,,,,,,,,,,,
00:01:26.225,,,,x3,,,,,,,,,,
00:01:26.110,,,,,,,,,,,,,,
00:01:25.995,,,,,,,,,,,,,,
00:01:25.879,,,,,,,,,,,,,,
00:01:25.764,,>1,^1,,@3,,,,,,,,,
00:01:25.648,,,,,,,,,,,,,,
00:01:25.533,,,,,,,,,,,,,,
00:01:25.418,,,,,,,,,,,,,,
00:01:25.302,,,,>3,^3,,,,,,,,,
00:01:25.187,,,,,,,,,,,,,,
00:01:25.071,,,,,,,,,,,,,,
00:01:24.956,,,,,,,,,e,,,,,
00:01:24.841,,$^1,,$^3,,,,,,,,,,
00:01:24.725,,,,,,,,,,,,,,
00:01:24.610,,,,,,,,,,,,,,
00:01:24.495,,,,,,,,,,,,,,
00:01:24.379,x2,,,x3,,,,,,,,,,s
00:01:24.264,,,,,,,,,,,,,,
00:01:24.148,,,,,,,,,,,,,,
00:01:24.033,,,,,,,,,,,,,,
00:01:23.918,,x2,,,,,,,,,,,,
00:01:23.802,,,,,,,,,,,,,,
00:01:23.687,,,,,,,,,s,,,,,
00:01:23.571,,,,,,,,,,,,,,
00:01:23.456,,,x2,,,,,,,,,,,
00:01:23.341,,,,,,,,,,,,,,
00:01:23.225,,,,,,,,,,,,,,
00:01:23.110,,,,,,,,,,,,,,
00:01:22.995,,,,,,x2,,,,,,,,
00:01:22.879,,,,,,,,,,,,,,
00:01:22.764,x2,,,,,,,,,,,,,
00:01:22.648,,,,,,,,,,,,,,
00:01:22.533,,,,,x2,,,,,,,,,
00:01:22.418,,,,,,,,,,,,,,
00:01:22.302,,,,,,,,,,,,,,
00:01:22.187,,,,,,,,,,,,,,
00:01:22.071,,l2,,,,,,,,,,,,
00:01:21.956,,,,,,,,,,,,,,
00:01:21.841,,,,,,,,,,,,,,e
00:01:21.725,,,,,,,,,,,,,,
00:01:21.610,,,,r2,,,,,,,,,,
00:01:21.495,,,,,,,,,,,,,,
00:01:21.379,,,,,,,,,,,,,,
00:01:21.264,,,,,,,,,,,,,,
00:01:21.148,x2,,,,,,,,,,,,,
00:01:21.033,,,,,,,,,,,,,,
00:01:20.918,,x2,,,,,,,,,,,,
00:01:20.802,,,,,,,,,,,,,,
00:01:20.687,x2,,,x3,,,,,,,,,,
00:01:20.571,,,,,,,,,,,,,,
00:01:20.456,,,,,@3,,,,,,,,,
00:01:20.341,,,,,,,,,,,,,,
00:01:20.225,,,x2,,^3,<3,,,,,,,,
00:01:20.110,,,,,,,,,,,,,,
00:01:19.995,,,,,,,,,,,,,,
00:01:19.879,,,,,,,,,,,,,,
00:01:19.764,,x2,,,>3,^3,,,,,,,,
00:01:19.648,,,,,,,,,,,,,,
00:01:19.533,,,,,,,,,,,,,,
00:01:19.418,,,,,,,,,,,,,,
00:01:19.302,x2,,,,$^3,,,,,,,,,
00:01:19.187,,,,,,,,,,,,,,
00:01:19.071,,x2,,@3,,,,,,,,,,
00:01:18.956,,,,,,,,,,,,,,
00:01:18.841,x2,,,$^3,,,,,,,,,,
00:01:18.725,,,,,,,,,,,,,,
00:01:18.610,,,,,@3,,,,,,,,,
00:01:18.495,,,,,,,,,,,,,,
00:01:18.379,,x2,,,^3,<3,,,,,,,,
00:01:18.264,,,,,,,,,,,,,,
00:01:18.148,,,,,,,,,,,,,,
00:01:18.033,,,,,,,,,,,,,,
00:01:17.918,x2,,,,>3,^3,,,,,,,,
00:01:17.802,,,,,,,,,,,,,,
00:01:17.687,,,,,,,,,,,,,,
00:01:17.571,,,,,,,,,,,,,,
00:01:17.456,,,x2,,$^3,,,,,,e,,,
00:01:17.341,,,,,,,,,,,,,,
00:01:17.225,,x2,,,,,,,,,,,,
00:01:17.110,,,,,,,,,,,,,,
00:01:16.995,x2,,,x3,,,,,,,,,,s
00:01:16.879,,,,,,,,,,,,,,
00:01:16.764,,,,,@3,,,,,,,,,
00:01:16.648,,,,,,,,,,,,,,
00:01:16.533,,x2,,,$^3,,,,,,,,,
00:01:16.418,,,,,,,,,,,,,,
00:01:16.302,,,,,,,,,,,,,,
00:01:16.187,,,,,,,,,,,,,,
00:01:16.071,x2,,,x3,,,,,,,,,,
00:01:15.956,,,,,,,,,,,,,,
00:01:15.841,,,,,,,,,,,,,,
00:01:15.725,,,,,,,,,,,,,,
00:01:15.610,,x2,,,x3,,,,,,s,,,
00:01:15.495,,,,,,,,,,,,,,
00:01:15.379,x2,,,,,,,,,,,,,
00:01:15.264,,,,,,,,,,,,,,
00:01:15.148,,,,x2,,,,,,,,,,e
00:01:15.033,,,,,,,,,,,,,,
00:01:14.918,,,,,,,,,,,,,,
00:01:14.802,,,,,,,,,,,,,,
00:01:14.687,,,l2,,,,,,,,,,,
00:01:14.571,,,,,,,,,,,,,,
00:01:14.456,,,,,,,,,,,,,,
00:01:14.341,,,,,,,,,,,,,,
00:01:14.225,,,,,x2,,,,,,,,,
00:01:14.110,,,,,,,,,,,,,,
00:01:13.995,,,,,,,,,,,,,,
00:01:13.879,,,,,,,,,,,,,,
00:01:13.764,,,x2,,,x3,,,,,,,,
00:01:13.648,,,,,,,,,,,,,,
00:01:13.533,,x2,,,x3,,,,,,,,,
00:01:13.418,,,,,,,,,,,,,,
00:01:13.302,x2,,,,,,,,,,,,,
00:01:13.187,,,,,,,,,,,,,,
00:01:13.071,,,,,,,,,,,,,,
00:01:12.956,,,,,,,,,,,,,,
00:01:12.841,,x2,,@3,<3,,,,,,,,,
00:01:12.725,,,,,,,,,,,,,,
00:01:12.610,,,,,,,,,,,,,,
00:01:12.495,,,,,,,,,,,,,,
00:01:12.380,x2,,,,,,,,,,,,,
00:01:12.266,,,,>3,^3,,,,,,,,,
00:01:12.151,,,,,,,,,,,,,,
00:01:12.037,,,,,,,,,,,,,,
00:01:11.922,,x2,,,,,,,,,e,,e,
00:01:11.808,,,,,,,,,,,,,,
00:01:11.694,,,x2,$^3,,,,,,,,,,
00:01:11.580,,,,,,,,,,,,,,
00:01:11.467,r3,,,,,l3,,,,,,,,
00:01:11.353,,,,,,,,,,,,,,
00:01:11.239,,,,,@3,,,,,,,,,
00:01:11.125,,,,,,,,,,,,,,
00:01:11.011,,x2,,,,,,,,,,,,
00:01:10.896,,,,,,,,,,,,,,
00:01:10.781,,,,,,,,,,,,,,
00:01:10.666,,,,,,,,,,,,,,
00:01:10.551,x2,,,,,,,,,,,,,
00:01:10.435,,,,,,,,,,,,,,
00:01:10.320,,,,,,,,,,,,,,
00:01:10.205,,,,,,,,,,,,,,
00:01:10.089,,x2,,,$^3,,,,,,,,,
00:01:09.974,,,,,,,,,,,,,,
00:01:09.858,x2,,,@3,,,,,,,,,,
00:01:09.743,,,,,,,,,,,,,,
00:01:09.628,,x2,,$^3,,,,,,,,,,s
00:01:09.512,,,,,,,,,,,,,,
00:01:09.397,,,,,,,,,,,,,,
00:01:09.282,,,,,,,,,,,,,,
00:01:09.166,x2,,,,,,,,,,,,,e
00:01:09.051,,,,,,,,,,,,,,
00:01:08.935,,,,,,,,,,,,,,
00:01:08.820,,,,,,,,,,,,,,
00:01:08.705,,l2,,,,,,,,,,,,
00:01:08.589,,,,,,,,,,,,,,
00:01:08.474,,,,@3,<3,,,,,,,,,
00:01:08.358,,,,,,,,,,,,,,
00:01:08.243,x2,,,,,,,,,,,,,
00:01:08.128,,,,,,,,,,,,,,
00:01:08.012,,x2,,,,,,,,,,,,
00:01:07.897,,,,,,,,,,,,,,
00:01:07.782,x2,,,>3,^3,,,,,,,,,
00:01:07.666,,,,,,,,,,,,,,
00:01:07.551,,,,,,,,,,,,,,
00:01:07.435,,,,,,,,,,,,,,
00:01:07.320,,l2,,,,,,,,,,,,
00:01:07.205,,,,,,,,,,,,,,
00:01:07.089,,,,$^3,,,,,,,,,,
00:01:06.974,,,,,,,,,,,,,,
00:01:06.858,x2,,,,x3,,,,,,,,,
00:01:06.743,,,,,,,,,,,,,,
00:01:06.628,,,,@3,,,,,,,,,,
00:01:06.512,,,,,,,,,,,,,,
00:01:06.397,,x2,,$^3,,,,,,,,,,
00:01:06.282,,,,,,,,,,,,,,
00:01:06.166,x2,,,,,,,,,,,,,
00:01:06.051,,,,,,,,,,,,,,
00:01:05.935,,l3,,,r3,,,,e,,,,,s
00:01:05.820,,,,,,,,,,,,,,
00:01:05.705,x2,,,,,,,,,,,,,
00:01:05.589,,,,,,,,,,,,,,
00:01:05.474,,x2,,,,,,,,,,,,
00:01:05.358,,,,,,,,,,,,,,
00:01:05.243,,,,,,,,,,,,,,e
00:01:05.128,,,,,,,,,,,,,,
00:01:05.012,r2,,,,,,,,,,,,,
00:01:04.897,,,,,,,,,,,,,,
00:01:04.782,,,,,,@3,,,,,,,,
00:01:04.666,,,,,,,,,,,,,,
00:01:04.551,,x2,,,,,,,,,s,,s,
00:01:04.435,,,,,,,,,,,,,,
00:01:04.320,x2,,,,,$^3,,,,,,,,
00:01:04.205,,,,,,,,,,,,,,
00:01:04.089,,x2,,,@3,,,,,,,,,
00:01:03.974,,,,,,,,,,,,,,
00:01:03.858,,,,,$^3,,,,,,,,,
00:01:03.743,,,,,,,,,,,,,,
00:01:03.628,x2,,,@3,,,,,,,,,,
00:01:03.512,,,,,,,,,,,,,,
00:01:03.397,,,,,,,,,,,,,,
00:01:03.282,,,,,,,,,,,,,,
00:01:03.166,,l2,,,,,,,,,,,,
00:01:03.051,,,,,,,,,,,,,,
00:01:02.935,,,,$^3,,,,,,,,,,
00:01:02.820,,,,,,,,,,,,,,
00:01:02.705,x2,,,,,,,,,,,,,
00:01:02.589,,,,,,,,,,,,,,
00:01:02.474,,,,x3,,,,,,,,,,s
00:01:02.359,,,,,,,,,,,,,,
00:01:02.243,,x1,,,,,,,,,,,,
00:01:02.128,,,,,,,,,,,,,,
00:01:02.013,,,@1,,,,,,,,,,,
00:01:01.898,,,,,,,,,,,,,,
00:01:01.783,,,$^1,,,,,,,,,,,
00:01:01.667,,,,,,,,,,,,,,
00:01:01.552,,x1,,,,,,,,,,,,e
00:01:01.437,,,,,,,,,,,,,,
00:01:01.322,,,l1,,@3,,,,,,,,,
00:01:01.207,,,,,,,,,,,,,,
00:01:01.092,,x1,,,,,,,,,,,,
00:01:00.977,,,,>3,^3,,,,,,,,,
00:01:00.862,x1,,,,,,,,,,,,,
00:01:00.748,,,,,,,,,,,,,,
00:01:00.633,,x1,,$^3,,,,,,,,,,
00:01:00.518,,,,,,,,,,,,,,
00:01:00.403,,,x1,,,@3,,,,,,,,
00:01:00.289,,,,,,,,,,,,,,
00:01:00.174,,@1,,,,,,,,,,,,
00:01:00.059,,,,,,,,,,,,,,
00:00:59.944,,$^1,,,,$^3,,,,,,,,
00:00:59.830,,,,,,,,,,,,,,
00:00:59.715,,,,,,,,,,,,,,
00:00:59.601,,,,,,,,,,,,,,
00:00:59.486,,,l1,,,,,,,,,,,
00:00:59.371,,,,,,,,,,,,,,
00:00:59.256,,,,,x3,,,,,,,,,
00:00:59.140,,,,,,,,,,,,,,
00:00:59.024,,x1,,@3,,,,,,,,,,
00:00:58.907,,,,,,,,,,,,,,
00:00:58.789,,,x1,$^3,,,,,,,,,,s
00:00:58.671,,,,,,,,,,,,,,
00:00:58.552,,l1,,,,,,,,,,,,
00:00:58.434,,,,,,,,,,,,,,
00:00:58.316,,,,,,,,,,,,,,
00:00:58.199,,,,,,,,,,,,,,
00:00:58.084,,,x1,,,,,,,,,,,e
00:00:57.968,,,,,,,,,,,,,,
00:00:57.853,,,,,@3,,,,,,,,,
00:00:57.738,,,,,,,,,,,,,,
00:00:57.624,,,@1,,,,,,,,,,,
00:00:57.509,,,,,,,,,,,,,,
00:00:57.395,,,,,,,,,,,,,,
00:00:57.280,,,,,,,,,,,,,,
00:00:57.166,,,$^1,,$^3,,,,,,,,,
00:00:57.051,,,,,,,,,,,,,,
00:00:56.937,,,,@3,,,,,,,,,,
00:00:56.822,,,,,,,,,,,,,,
00:00:56.708,,,,,,,,,,,,,,
00:00:56.593,,,,^3,<3,,,,,,,,,
00:00:56.479,,@1,,,,,,,,,,,,
00:00:56.364,,,,,,,,,,,,,,
00:00:56.250,,$^1,,,$^3,,,,,,,,,
00:00:56.135,,,,,,,,,,,,,,
00:00:56.021,,,,,>3,@3,,,,,,,,
00:00:55.906,,,,,,,,,,,,,,
00:00:55.792,,,,,,,,,,,,,,
00:00:55.677,,,,>3,^3,,,,,,,,,
00:00:55.563,@1,,,,,,,,,,,,,
00:00:55.448,,,,,,,,,,,,,,
00:00:55.334,$^1,,,$^3,,,,,,,e,,,
00:00:55.219,,,,,,,,,,,,,,
00:00:55.104,,,,,,x3,,,,,,,,s
00:00:54.990,,,,,,,,,,,,,,
00:00:54.875,,,,,,,,,,,,,,
00:00:54.760,,,,,,,,,,,,,,
00:00:54.645,,,,@3,,,,,,,,,,
00:00:54.530,,,,,,,,,,,,,,
00:00:54.415,,,,$^3,,,,,,,,,,
00:00:54.299,,,,,,,,,,,,,,
00:00:54.184,,,,,,,,,,,,,,
00:00:54.069,,,,,,,,,,,,,,
00:00:53.953,,,,,x3,,,,,,,,,
00:00:53.838,,,,,,,,,,,,,,
00:00:53.722,,,,,,,,,,,,,,
00:00:53.606,,,,,,,,,,,,,,
00:00:53.490,#,l3,#,#,r3,#,,,,,s,,,e
00:00:53.374,,,,,,,,,,,,,,
00:00:53.258,,,,,,,,,,,,,,
00:00:53.142,,,,,,,,,,,,,,
00:00:53.026,,x2,,,@3,,,,,,,,,
00:00:52.909,,,,,,,,,,,,,,
00:00:52.792,,,,,,,,,,,,,,
00:00:52.674,,,,,,,,,,,,,,
00:00:52.555,x2,,,,$^3,,,,,,,,,
00:00:52.438,,,,,,,,,,,,,,
00:00:52.321,,,,,,,,,,,,,,
00:00:52.206,,,,,,,,,,,,,,
00:00:52.092,,x2,,,x3,,,,,,,,,
00:00:51.979,,,,,,,,,,,,,,
00:00:51.866,,,,,@3,,,,,,,,,
00:00:51.752,,,,,,,,,,,,,,
00:00:51.637,x2,,,,$^3,,,,,,,,,
00:00:51.523,,,,,,,,,,,,,,
00:00:51.407,,x2,,,x3,,,,,,,,,s
00:00:51.292,,,,,,,,,,,,,,
00:00:51.176,x2,,,,,,,,,,,,,
00:00:51.060,,,,,,,,,,,,,,
00:00:50.944,,,,,,,,,,,,,,
00:00:50.829,,,,,,,,,,,,,,
00:00:50.713,,l2,,,,,,,,,,,,e
00:00:50.599,,,,,,,,,,,,,,
00:00:50.484,,,,,,,,,,,,,,
00:00:50.370,,,,,,,,,,,,,,
00:00:50.256,r2,,,,@3,<3,,,,,,,,
00:00:50.142,,,,,,,,,,,,,,
00:00:50.028,,,,,,,,,,,,,,
00:00:49.913,,,,,>3,^3,,,,,,,,
00:00:49.797,,x2,,,,,,,,,,,,
00:00:49.681,,,,,,,,,,,,,,
00:00:49.565,x2,,,,$^3,,,,,,,,,
00:00:49.447,,,,,,,,,,,,,,
00:00:49.330,,x2,,,,@3,,,,,,,,
00:00:49.212,,,,,,,,,,,,,,
00:00:49.094,,,,,,,,,,,,,,
00:00:48.978,,,,,,,,,,,,,,
00:00:48.862,r2,,,,>3,^3,,,,,,,,
00:00:48.746,,,,,,,,,,,,,,
00:00:48.631,,,,,,,,,,,,,,
00:00:48.517,,,,,,,,,,,,,,
00:00:48.403,,x2,,,$^3,,,,,,,,,
00:00:48.289,,,,,,,,,,,,,,
00:00:48.175,,,,,x3,,,,,,,,,
00:00:48.061,,,,,,,,,,,,,,
00:00:47.947,x2,,,,@3,,,,,,,,,
00:00:47.833,,,,,,,,,,,,,,
00:00:47.719,,x2,,,,,,,,,,,,
00:00:47.605,,,,,,,,,,,,,,
00:00:47.490,x2,,,,$^3,,,,,,,,,s
00:00:47.376,,,,,,,,,,,,,,
00:00:47.261,,,,,,,,,,,,,,
00:00:47.146,,,,,,,,,,,,,,
00:00:47.031,,l2,,,,,,,,,,,,
00:00:46.916,,,,,,,,,,,,,,
00:00:46.801,,,,,,,,,,,,,,
00:00:46.686,,,,,,,,,,,,,,
00:00:46.571,x2,,,,,,,,,,,,,e
00:00:46.455,,,,,,,,,,,,,,
00:00:46.340,,,,,@3,<3,,,,,,,,
00:00:46.224,,,,,,,,,,,,,,
00:00:46.109,,x2,,,,,,,,,,,,
00:00:45.993,,,,,,,,,,,,,,
00:00:45.877,x2,,,,,,,,,,,,,
00:00:45.761,,,,,,,,,,,,,,
00:00:45.645,,x2,,,,,,,,,,,,
00:00:45.529,,,,,,,,,,,,,,
00:00:45.413,,,,,$>3,^3,,,,,,,,
00:00:45.297,,,,,,,,,,,,,,
00:00:45.181,x2,,,,,,,,,,,,,
00:00:45.065,,,,,,,,,,,,,,
00:00:44.950,,,,,x3,,,,,,,,,
00:00:44.835,,,,,,,,,,,,,,
00:00:44.721,,l2,,,@3,,,,,,,,,
00:00:44.607,,,,,,,,,,,,,,
00:00:44.493,,,,,,,,,,,,,,
00:00:44.379,,,,,,,,,,,,,,
00:00:44.265,x2,,,,$^3,,,,,,,,,
00:00:44.150,,,,,,,,,,,,,,
00:00:44.035,,x2,,,,,,,,,,,,
00:00:43.920,,,,,,,,,,,,,,
00:00:43.805,x2,,,,r3,,,,,,,,,
00:00:43.690,,,,,,,,,,,,,,
00:00:43.574,,,,,,,,,,,,,,
00:00:43.459,,,,,,,,,,,,,,
00:00:43.343,,l2,,,,,,,,,,,,
00:00:43.228,,,,,,,,,,,,,,
00:00:43.113,,,,,,,,,,,,,,
00:00:42.997,,,,,,,,,,,,,,
00:00:42.882,x2,,,,,,,,,,,,,
00:00:42.766,,,,,,,,,,,,,,
00:00:42.651,,,,,,,,,,,,,,
00:00:42.536,,,,,,,,,,,,,,
00:00:42.420,#,r2,*,*,l2,*,,,s,,,,,
00:00:42.305,,,,,,,,,,,,,,
00:00:42.190,,,,,,,,,,,,,,
00:00:42.074,,,,@3,,,,,,,,,,
00:00:41.959,,,x4,,,,,,,,,,,
00:00:41.843,,,,,,,,,,,,,,
00:00:41.728,,,,$^3,,,,,,,,,,
00:00:41.613,,,,,,,,,,,,,,
00:00:41.497,,x4,,,@3,,,,,,,,,
00:00:41.382,,,,,,,,,,,,,,
00:00:41.266,,,,,,,,,,,,,,
00:00:41.151,,,,,,,,,,,,,,
00:00:41.036,r4,,,,,,,,,,,,,
00:00:40.920,,,,,,,,,,,,,,
00:00:40.805,,,,,,,,,,,,,,
00:00:40.690,,,,,,,,,,,,,,
00:00:40.574,,,x4,,$^3,,,,,,e,,,
00:00:40.459,,,,,,,,,,,,,,
00:00:40.343,,x4,,,,,,,,,,,,
00:00:40.228,,,,,,,,,,,,,,
00:00:40.113,x4,,,x3,,,,,,,,,,s
00:00:39.997,,,,,,,,,,,,,,
00:00:39.882,,,,,,,,,,,,,,
00:00:39.766,,,,,,,,,,,,,,
00:00:39.651,,,l4,,,,,,,,,,,
00:00:39.536,,,,,,,,,,,,,,
00:00:39.420,,,,,,,,,,,,,,
00:00:39.305,,,,,,,,,,,,,,
00:00:39.190,,x4,,,x3,,,,,,,,,
00:00:39.074,,,,,,,,,,,,,,
00:00:38.959,,,,,,,,,,,,,,
00:00:38.843,,,,,,,,,,,,,,
00:00:38.728,x4,,,x3,,,,,,,s,,,
00:00:38.613,,,,,,,,,,,,,,
00:00:38.497,,,x4,,,,,,,,,,,
00:00:38.382,,,,,,,,,,,,,,
00:00:38.266,,x4,,,,,,,,,,,,e
00:00:38.151,,,,,,,,,,,,,,
00:00:38.036,,,,,,,,,,,,,,
00:00:37.920,,,,,,,,,,,,,,
00:00:37.805,x4,,,,,,,,,,,,,
00:00:37.690,,,,,,,,,,,,,,
00:00:37.574,,,,,,,,,,,,,,
00:00:37.459,,,,,,,,,,,,,,
00:00:37.343,,,x4,,,,,,,,,,,
00:00:37.228,,,,x3,,,,,,,,,,
00:00:37.113,,,,,,,,,,,,,,
00:00:36.997,,,,,,,,,,,,,,
00:00:36.882,,x4,,,x3,,,,,,,,,
00:00:36.766,,,,,,,,,,,,,,
00:00:36.651,x4,,,x3,,,,,,,,,,
00:00:36.536,,,,,,,,,,,,,,s
00:00:36.420,,,x4,,,,,,,,,,,
00:00:36.305,,,,,,,,,,,,,,
00:00:36.190,,,,,,,,,,,,,,
00:00:36.074,,,,,,,,,,,,,,
00:00:35.959,,l4,,,,,,,,,,,,
00:00:35.843,,,,,,,,,,,,,,
00:00:35.728,,,,,,,,,,,,,,e
00:00:35.613,,,,,,,,,,,,,,
00:00:35.497,x4,,,,@3,,,,,,,,,
00:00:35.382,,,,,,,,,,,,,,
00:00:35.266,,,,,,,,,,,,,,
00:00:35.151,,,,,,,,,,,,,,
00:00:35.036,,,x4,,$^3,,,,,,,,,
00:00:34.920,,,,,,,,,,,,,,
00:00:34.805,,x4,,,,,,,,,,,,
00:00:34.690,,,,,,,,,,,,,,
00:00:34.574,x4,,,x3,,,,,,,,,,
00:00:34.459,,,,,,,,,,,,,,
00:00:34.343,,,,,@3,,,,,,,,,
00:00:34.228,,,,,,,,,,,,,,
00:00:34.113,,,x4,,,,,,,,,,,
00:00:33.997,,,,,,,,,,,,,,
00:00:33.882,,,,,,,,,,,,,,
00:00:33.766,,,,,,,,,,,,,,
00:00:33.651,,x4,,,,,,,,,,,,
00:00:33.536,,,,,,,,,,,,,,
00:00:33.420,,,,,,,,,,,,,,
00:00:33.305,,,,,,,,,,,,,,
00:00:33.190,x4,,,,$^3,,,,,,,,,
00:00:33.074,,,,,,,,,,,,,,
00:00:32.959,,,x4,,,,,,,,,,,
00:00:32.843,,,,,,,,,,,,,,
00:00:32.728,,x4,,x3,,,,,,,,,,s
00:00:32.613,,,,,,,,,,,,,,
00:00:32.498,,,,,,,,,,,,,,
00:00:32.383,,,,,,,,,,,,,,
00:00:32.268,x4,,,,,,,,,,,,,
00:00:32.154,,,,,,,,,,,,,,
00:00:32.040,,,,,,,,,,,,,,
00:00:31.926,,,,,,,,,,,,,,
00:00:31.812,,,l4,,,,,,,,,,,
00:00:31.698,,,,,,,,,,,,,,
00:00:31.584,,,,,,,,,,,,,,
00:00:31.470,,,,,,,,,,,,,,
00:00:31.356,,x4,,,,,,,,,,,,e
00:00:31.241,,,,,,,,,,,,,,
00:00:31.126,r4,,,,,,,,,,,,,
00:00:31.011,,,,,,,,,,,,,,
00:00:30.896,,,l4,,,,,,,,,,,
00:00:30.781,,,,,,,,,,,,,,
00:00:30.665,,,,,,,,,,,,,,
00:00:30.550,,,,,,,,,,,,,,
00:00:30.434,,x4,,,,,,,,,,,,
00:00:30.319,,,,,,,,,,,,,,
00:00:30.204,,,,,,,,,,,,,,
00:00:30.088,,,,,,,,,,,,,,
00:00:29.973,r4,,,,,,,,,,,,,
00:00:29.857,,,,,,,,,,,,,,
00:00:29.742,,,,x3,,,,,,,,,,
00:00:29.627,,,,,,,,,,,,,,
00:00:29.511,,,x4,,@3,,,,,,,,,
00:00:29.396,,,,,,,,,,,,,,
00:00:29.281,,x4,,,,,,,,,,,,
00:00:29.165,,,,,,,,,,,,,,
00:00:29.050,x4,,,,$^3,,,,,,,,,s
00:00:28.934,,,,,,,,,,,,,,
00:00:28.819,,,,,,,,,,,,,,
00:00:28.704,,,,,,,,,,,,,,
00:00:28.588,,l4,,,,,,,,,,,,
00:00:28.473,,,,,,,,,,,,,,
00:00:28.357,,,,,,,,,,,,,,e
00:00:28.242,,,,,,,,,,,,,,
00:00:28.127,r4,,,,,,,,,,,,,
00:00:28.011,,,,,,,,,,,,,,
00:00:27.896,,,,,,,,,,,,,,
00:00:27.781,,,,,,,,,,,,,,
00:00:27.665,,,x4,,,,,,,,,,,
00:00:27.550,,,,,,,,,,,,,,
00:00:27.434,,x4,,@3,,,,,,,,,,
00:00:27.319,,,,,,,,,,,,,,
00:00:27.204,x4,,,,,,,,,,,,,
00:00:27.088,,,,,,,,,,,,,,
00:00:26.973,,,,$^3,,,,,,,,,,s
00:00:26.857,,,,,,,,,,,,,,
00:00:26.742,,,x4,,,,,,,,,,,
00:00:26.627,,,,,,,,,,,,,,
00:00:26.511,,,,,,,,,,,,,,e
00:00:26.396,,,,,,,,,,,,,,
00:00:26.281,,x4,,,,,,,,,,,,
00:00:26.165,,,,,,,,,,,,,,
00:00:26.050,,,,,,,,,,,,,,
00:00:25.934,,,,,,,,,,,,,,
00:00:25.819,x4,,,,,,,,,,e,,,
00:00:25.704,,,,,,,,,,,,,,
00:00:25.588,,,,,,,,,,,,,,
00:00:25.473,,,,,,,,,,,,,,
00:00:25.357,#,l3,#,,,,,,,,,,,
00:00:25.242,,,,,,,,,,,,,,
00:00:25.127,,,,,,,,,,,,,,
00:00:25.011,,,,,,,,,,,,,,
00:00:24.896,,,,,,,s,,,,,,,
00:00:24.781,,,,,,,,,,,,,,
00:00:24.665,,,,,,,,,,,,,,
00:00:24.550,,,,,,,,,,,,,,
00:00:24.434,,,,x3,,,,,,,,,,
00:00:24.319,,,,,,,,,,,,,,
00:00:24.204,,,,,,,,,,,,,,
00:00:24.089,,,,,,,,,,,,,,
00:00:23.973,,,,x3,,,,s,,,s,,,
00:00:23.858,,,,,,,,,,,,,,
00:00:23.743,,,,,@3,,,,,,,,,
00:00:23.629,,,,,,,,,,,,,,
00:00:23.514,,,,,,,,,,,,,,
00:00:23.399,,,,,,,,,,,,,,
00:00:23.284,,,,>3,^3,,,,,,,,,
00:00:23.170,,,,,,,,,,,,,,
00:00:23.055,,,,,,,,,,,,,,
00:00:22.940,,,,^3,$<3,,,,,,,,,
00:00:22.826,,,,,,,,,,,,,,
00:00:22.711,,,,,,,,,,,,,,
00:00:22.595,,,,x3,,,,,,,,,,
00:00:22.480,,,,,,,,,,,,,,
00:00:22.365,,,,,,,,,,,,,,
00:00:22.249,,,,,,,,,,,,,,
00:00:22.134,,,,,x3,,,,,,,,,
00:00:22.019,,,,,,,,,,,,,,
00:00:21.904,,,,x3,,,,,,,,,,s
00:00:21.789,,,,,,,,,,,,,,
00:00:21.674,,,,,,,,,,,,,,
00:00:21.559,,,,,,,,,,,,,,
00:00:21.444,,,,,,,,,,,,,,
00:00:21.329,,,,,,,,,,,,,,
00:00:21.215,,,,,,,,,,,,,,
00:00:21.100,,,,,,,,,,,,,,
00:00:20.985,,,,,,,,,,,,,,
00:00:20.871,,,,,,,,,,,,,,
00:00:20.756,,,,,,,,,,,,,,
00:00:20.641,,,,,,,,,,,,,,
00:00:20.525,,,,,,,,,,,,,,
00:00:20.409,,,,,,,,,,,,,,
00:00:20.291,,,,@3,,,,,,,,,,e
00:00:20.173,,,,,,,,,,,,,,
00:00:20.056,,,,,,,,,,,,,,
00:00:19.939,,,,,,,,,,,,,,
00:00:19.822,,,,,,,,,,,,,,
00:00:19.706,,,,^3,<3,,,,,,,,,
00:00:19.591,,,,,,,,,,,,,,
00:00:19.476,,,,,,,,,,,,,,
00:00:19.361,,,,,,,,,,,,,,
00:00:19.246,,,,,,,,,,,,,,
00:00:19.132,,,,,$^3,,,,,,,,,
00:00:19.017,,,,,,,,,,,,,,
00:00:18.902,,,,@3,,,,,,,,,,
00:00:18.788,,,,,,,,,,,,,,
00:00:18.673,,,,,,,,,,,,,,
00:00:18.558,,,,,,,,,,,,,,
00:00:18.443,,,,$^3,,,,,,,,,,
00:00:18.328,,,,,,,,,,,,,,
00:00:18.214,,,,,,,,,,,,,,
00:00:18.099,,,,,,,,,,,,,,
00:00:17.984,,,,,r3,,,,,,,,,s
00:00:17.869,,,,,,,,,,,,,,
00:00:17.753,,,,,,,,,,,,,,
00:00:17.638,,,,,,,,,,,,,,
00:00:17.523,,,,,,,,,,,,,,
00:00:17.408,,,,,,,,,,,,,,
00:00:17.293,,,@3,,,,,,,,,,,e
00:00:17.177,,,,,,,,,,,,,,
00:00:17.062,,,,,,,,,,,,,,
00:00:16.947,,,,,,,,,,,,,,
00:00:16.831,,,,,,,,,,,,,,
00:00:16.716,,>3,^3,,,,,,,,,,,
00:00:16.601,,,,,,,,,,,,,,
00:00:16.486,,,,,,,,,,,,,,
00:00:16.372,,,,,,,,,,,,,,
00:00:16.257,,,,,,,,,,,,,,
00:00:16.142,,$^3,,,,,,,,,,,,
00:00:16.028,,,,>3,@3,,,,,,,,,
00:00:15.913,,,,,,,,,,,,,,
00:00:15.798,,,,,,,,,,,,,,
00:00:15.684,,,,,,,,,,,,,,
00:00:15.569,,,,,,,,,,,,,,
00:00:15.454,,,,,,,,,,,,,,
00:00:15.340,,,,^3,<3,,,,,,,,,
00:00:15.225,,,,,,,,,,,,,,
00:00:15.110,,,,,,,,,,,,,,
00:00:14.995,,,,,,,,,,,,,,
00:00:14.880,,,,,,,,,,,,,,
00:00:14.765,,,,$>3,^3,,,,,,,,,
00:00:14.650,,,,,,,,,,,,,,
00:00:14.535,,,,,@3,,,,,,,,,
00:00:14.420,,,,,,,,,,,,,,
00:00:14.305,,,,,$^3,,,,,,,,,s
00:00:14.189,,,,,,,,,,,,,,
00:00:14.074,,,,,,,,,,,,,,
00:00:13.959,,,,,,,,,,,,,,
00:00:13.844,,,,>3,@3,,,,,,,,,e
00:00:13.728,,,,,,,,,,,,,,
00:00:13.612,,,,,,,,,,,,,,
00:00:13.496,,,,,,,,,,,,,,
00:00:13.380,,,,^3,<3,,,,,,,,,
00:00:13.264,,,,,,,,,,,,,,
00:00:13.147,,,,,,,,,,,,,,
00:00:13.030,,,,,,,,,,,,,,
00:00:12.913,,,,$>3,^3,,,,,,,,,
00:00:12.796,,,,,,,,,,,,,,
00:00:12.680,,,,,@3,,,,,,,,,
00:00:12.563,,,,,,,,,,,,,,
00:00:12.448,,,,,$^3,,,,,,,,,s
00:00:12.332,,,,,,,,,,,,,,
00:00:12.217,,,,,,,,,,,,,,
00:00:12.102,,,,,,,,,,,,,,
00:00:11.988,,,,>3,@3,,,,,,,,,e
00:00:11.874,,,,,,,,,,,,,,
00:00:11.760,,,,,,,,,,,,,,
00:00:11.647,,,,,,,,,,,,,,
00:00:11.534,,,,,,,,,,,,,,
00:00:11.421,,,,^3,<3,,,,,,,,,
00:00:11.308,,,,,,,,,,,,,,
00:00:11.194,,,,,,,,,,,,,,
00:00:11.080,,,,$>3,^3,,,,,,,,,
00:00:10.966,,,,,,,,,,,,,,
00:00:10.851,,,,,@3,,,,,,,,,
00:00:10.736,,,,,,,,,,,,,,
00:00:10.621,,,,,$^3,,,,,,,,,s
00:00:10.506,,,,,,,,,,,,,,
00:00:10.391,,,,,,,,,,,,,,
00:00:10.275,,,,,,,,,,,,,,
00:00:10.160,,,,,,,,,,,,,,
00:00:10.044,,,,,,,,,,,,,,
00:00:09.929,,,,,,,,,,,,,,
00:00:09.814,,,,,,,,,,,,,,
00:00:09.698,,l2,,,,,,,,,,,,
00:00:09.583,,,,,,,,,,,,,,
00:00:09.467,,,,,,,,,,,,,,e
00:00:09.352,,,,,,,,,,,,,,
00:00:09.237,,,,,@3,,,,,,,,,
00:00:09.121,,,,,,,,,,,,,,
00:00:09.006,,,,,,,,,,,,,,
00:00:08.891,,,,,,,,,,,,,,
00:00:08.775,,l2,,,$^3,,,,,,,,,
00:00:08.660,,,,,,,,,,,,,,
00:00:08.544,,,,@3,,,,,,,,,,
00:00:08.429,,,,,,,,,,,,,,
00:00:08.314,,,,$^3,,,,,,,,,,
00:00:08.198,,,,,,,,,,,,,,
00:00:08.083,,,,,,,,,,,,,,
00:00:07.967,,,,,,,,,,,,,,
00:00:07.852,,l2,,x3,,,,,,,,,,
00:00:07.737,,,,,,,,,,,,,,
00:00:07.622,,,,,x3,,,,,,,,,s
00:00:07.508,,,,,,,,,,,,,,
00:00:07.395,,,,,,,,,,,,,,
00:00:07.282,,,,,,,,,,,,,,
00:00:07.170,,,,,,,,,,,,,,
00:00:07.058,,,,,,,,,,,,,,
00:00:06.946,,l2,,,,,,,,,,,,
00:00:06.835,,,,,,,,,,,,,,
00:00:06.722,,,,,,,,,,,,,,
00:00:06.607,,,,,,,,,,,,,,
00:00:06.492,,,,,,,,,,,,,,
00:00:06.375,,,,,,,,,,,,,,
00:00:06.256,,,,,,,,,,,,,,
00:00:06.137,,,,,,,,,,,,,,
00:00:06.015,,l2,,,,,,,,,,,,
00:00:05.894,,,,,,,,,,,,,,
00:00:05.773,,,,,,,,,,,,,,e
00:00:05.653,,,,,,,,,,,,,,
00:00:05.533,,,,,@3,,,,,,,,,
00:00:05.415,,,,,,,,,,,,,,
00:00:05.297,,,,,,,,,,,,,,
00:00:05.179,,,,,,,,,,,,,,
00:00:05.063,,l2,,,$^3,,,,,,,,,
00:00:04.947,,,,,,,,,,,,,,
00:00:04.831,,,,@3,,,,,,,,,,
00:00:04.717,,,,,,,,,,,,,,
00:00:04.602,,,,$^3,,,,,,,,,,
00:00:04.488,,,,,,,,,,,,,,
00:00:04.375,,,,,,,,,,,,,,
00:00:04.262,,,,,,,,,,,,,,
00:00:04.150,,l2,,,x3,,,,,,,,,
00:00:04.038,,,,,,,,,,,,,,
00:00:03.925,,,,,,,,,,,,,,
00:00:03.812,,,,,,,,,,,,,,
00:00:03.699,,,,x3,,,,,,,,,,s
00:00:03.585,,,,,,,,,,,,,,
00:00:03.471,,,,,,,,,,,,,,
00:00:03.356,,,,,,,,,,,,,,
00:00:03.241,,l2,,,,,,,,,,,,
00:00:03.126,,,,,,,,,,,,,,
00:00:03.010,,,,,,,,,,,,,,
00:00:02.895,,,,,,,,,,,,,,
00:00:02.780,,,,,,,,,,,,,,
00:00:02.664,,,,,,,,,,,,,,
00:00:02.549,,,,,,,,,,,,,,
00:00:02.433,,,,,,,,,,,,,,
00:00:02.318,,l2,,,,,,,,,,,,
00:00:02.203,,,,,,,,,,,,,,
00:00:02.087,,,,,,,,,,,,,,
00:00:01.972,,,,,,,,,,,,,,
00:00:01.856,,,,,@3,,,,,,,,,e
00:00:01.741,,,,,,,,,,,,,,
00:00:01.626,,,,,,,,,,,,,,
00:00:01.510,,,,,,,,,,,,,,
00:00:01.395,,l2,,,$^3,,,,,,,,,
00:00:01.279,,,,,,,,,,,,,,
00:00:01.164,,,,@3,,,,,,,,,,
00:00:01.048,,,,,,,,,,,,,,
00:00:00.932,,,,$^3,,,,,,,,,,
00:00:00.816,,,,,,,,,,,,,,
00:00:00.700,,,,,,,,,,,,,,
00:00:00.584,,,,,,,,,,,,,,
00:00:00.467,,l2,,,x3,,,,,,,,,
00:00:00.350,,,,,,,,,,,,,,
00:00:00.234,,,,,,,,,,,,,,
00:00:00.117,,,,,,,,,,,,,,
00:00:00.000,*,,,x3,,*,,,,,,,,s