00:03:38.361,,,,,,,w,w,w,w,,,,,
00:03:38.216,,,,,,,,,,,,,,,
00:03:38.072,,,,,,,,,,,,,,,
00:03:37.928,,,,,,,,,,,,,,,
00:03:37.784,,,,,,,,,,,,,,,
00:03:37.640,,,,,,,,,,,,,,,
00:03:37.495,,,,,,,,,,,,,,,
00:03:37.351,,,,,,,,,,,,,,,
00:03:37.207,,,,,,,,,,,,,,,
00:03:37.063,,,,,,,,,,,,,,,
00:03:36.918,,,,,,,,,,,,,,,
00:03:36.774,,,,,,,,,,,,,,,
00:03:36.630,,,,,,,,,,,,,,,
00:03:36.486,,,,,,,,,,,,,,,
00:03:36.341,,,,,,,,,,,,,,,
00:03:36.197,,,,,,,e,,,,,,,,
00:03:36.053,,x2,,,x2,,,,,,,,,,
00:03:35.909,,,,,,,,,,,,,,,
00:03:35.764,,,,,,,,,,,,,,,
00:03:35.620,,,,,x2,,,,,,,,,,
00:03:35.476,,,,x2,,,,,,,,,,,
00:03:35.333,,,,,,,,,,,,,,,
00:03:35.190,,,x2,,,,,e,e,,,,,,
00:03:35.047,,,,,,,,,,,,,,,
00:03:34.905,,x2,,,x4,,,,,,,,,,
00:03:34.764,,,,,,,,,,,,,,,
00:03:34.624,,,,,,,,,,,,,,,
00:03:34.484,,,,x4,,,,,,,,,,,
00:03:34.344,,,,,,,,,,,,,,,
00:03:34.205,,,,,,,,,,,,,,,
00:03:34.066,,,x4,,,,,,,,,,,,
00:03:33.927,,,,,,,,,,,,,,,
00:03:33.788,,x4,,,,,,,,,,,,,
00:03:33.649,,,,,,,,,,,,,,,
00:03:33.510,,,,,,,,,,,,,,,
00:03:33.371,,,,,,,,,,,,,,,
00:03:33.233,,x4,,,,,,,,,,,,,
00:03:33.093,,,,,,,,,,,,,,,
00:03:32.953,,,,,,,,,,,,,,,
00:03:32.814,,,,x4,,,,,,,,,,,
00:03:32.674,,,,,,,,,,,,,,,
00:03:32.534,,,,x4,,,,,,,,,,,
00:03:32.393,,,,,,,,,,,,,,,
00:03:32.252,,,x4,,,,,,,,,,,,
00:03:32.111,,,,,,,,,,,,,,,
00:03:31.969,,,,,,,,,,,,,,,
00:03:31.827,,x4,,,,,,,,,,,,,
00:03:31.684,,,,,,,,,,,,,,,
00:03:31.542,,x4,,,,,,,,,,,,,
00:03:31.401,,,,,,,,,,,,,,,
00:03:31.259,,,,,,,,,,,,,,,
00:03:31.118,,,,,,,,,,,,,,,
00:03:30.976,,,x4,,,,,,,,,,,,
00:03:30.836,,,,,,,,,,,,,,,
00:03:30.696,,,,,,,,,,,,,,,
00:03:30.556,,,,,,,,,,,,,,,
00:03:30.415,,,,,x4,,,,,,,,,,
00:03:30.275,,,,,,,,,,,,,,,
00:03:30.135,,,,,,,,,,,,,,,
00:03:29.995,,,,x4,,,,,,,,,,,
00:03:29.855,,,,,,,,,,,,,,,
00:03:29.715,,,,,,,,,,,,,,,
00:03:29.574,,,x4,,,,,,,,,,,,
00:03:29.434,,,,,,,,,,,,,,,
00:03:29.294,,x4,,,,,,,,,,,,,
00:03:29.154,,,,,,,,,,,,,,,
00:03:29.014,,,,,,,,,,,,,,,
00:03:28.873,,,,,,,,,,,,,,,
00:03:28.733,,,,x4,,,,,,,,,,,
00:03:28.593,,,,,,,,,,,,,,,
00:03:28.453,,,,,,,,,,,,,,,
00:03:28.313,,,,,x4,,,,,,,,,,
00:03:28.173,,,,,,,,,,,,,,,
00:03:28.032,,,,,x4,,,,,,,,,,
00:03:27.892,,,,,,,,,,,,,,,
00:03:27.752,,,,x4,,,,,,,,,,,
00:03:27.612,,,,,,,,,,,,,,e,
00:03:27.472,,,,,,,,,,,,,,,
00:03:27.331,,x4,,,,,,,,,,,,,
00:03:27.191,,,,,,,,,,,,,,,
00:03:27.051,,x4,,,,,,,,,,,,,
00:03:26.911,,,,,,,,,,,,,,,
00:03:26.771,,,,,,,,,,,,,,,
00:03:26.630,,,,,,,,,,,,,,,
00:03:26.490,,,,,,,,,,,,,,,
00:03:26.350,,,,,,,,,,,,,,,
00:03:26.210,,,,,,,,,,,,,,,
00:03:26.070,,,,,,,,,,,,,,s,
00:03:25.930,,,,,,,,,,,,,,,
00:03:25.789,,x4,,,r1,,,,,,,,,,
00:03:25.649,,,,,,,,,,,,,,,
00:03:25.509,,,,,,,,,,,,,,,
00:03:25.369,,x4,,,r1,,,,,,,,,,
00:03:25.229,,,,,,,,,,,,,,,
00:03:25.088,,,x4,r1,,,,,,,,,,,
00:03:24.948,,,,,,,,,,,,,,,
00:03:24.808,,x4,,,r1,,,,,,,,,,
00:03:24.668,,,,,,,,,,,,,,,
00:03:24.528,,,,,,,,,,,,,,,
00:03:24.387,,r3,,,,,,,,,,,,,
00:03:24.247,,,,,,,,,,,,,,,
00:03:24.107,,,,,l3,,,,,,,,,,
00:03:23.967,,,,,,,,,,,,,,,
00:03:23.827,,,,,,,,,,,,,,,
00:03:23.687,,x4,,,l1,,,,,,,,,,
00:03:23.546,,,,,,,,,,,,,,,
00:03:23.405,,,,,,,,,,,,,,,
00:03:23.264,,,,,,,,,,,,,,,
00:03:23.123,,x4,,,l1,,,,,,,,,e,
00:03:22.981,,,,,,,,,,,,,,,
00:03:22.839,,,,,,,,,,,,,,,
00:03:22.697,,,,,,,,,,,,,,,
00:03:22.555,,x4,,,x1,,,,,,,,,,
00:03:22.413,,,x4,x1,,,,,,,,,,,
00:03:22.271,,x4,,,x1,,,,,,,,,,
00:03:22.130,,,,,,,,,,,,,,s,
00:03:21.988,,,,,,,,,,,,,,,
00:03:21.848,,,,,,,,,,,,,,,
00:03:21.708,,,,,,,,,,,,,,,
00:03:21.568,,,,,,,,,,,,,,,
00:03:21.428,,,,,,,,,,,,,,,
00:03:21.287,,,x4,r1,,,,,,,,,,,
00:03:21.147,,,,,,,,,,,,,,,
00:03:21.007,,,,,,,,,,,,,,,
00:03:20.867,,x4,,,l1,,,,,,,,,,
00:03:20.727,,,,,,,,,,,,,,,
00:03:20.587,,x4,,,l1,,,,,,,,,,
00:03:20.446,,,,,,,,,,,,,,,
00:03:20.306,,x4,,,l1,,,,,,,,,,
00:03:20.166,,,,,,,,,,,,,,,
00:03:20.026,,,,,,,,,,,,,,,
00:03:19.886,,,,,,,,,,,,,,,
00:03:19.745,,,l1,r1,,,,,,,,,,e,
00:03:19.605,,,,,,,,,,,,,,,
00:03:19.465,,,,,,,,,,,,,,,
00:03:19.325,,,,,,,,,,,,,,,
00:03:19.185,,l1,,,x1,,,,,,,,,,
00:03:19.046,,,,,,,,,,,,,,,
00:03:18.908,,,,,,,,,,,,,,,
00:03:18.770,,,,,,,,,,,,,,s,
00:03:18.631,,,l1,x4,,,,,,,,,,,
00:03:18.491,,,,,,,,,,,,,,,
00:03:18.351,,,,,,,,,,,,,,,
00:03:18.211,,,,,,,,,,,,,,e,
00:03:18.071,,l1,,,x4,,,,,,,,,,
00:03:17.928,,,,,,,,,,,,,,,
00:03:17.786,,,,,,,,,,,,,,,
00:03:17.644,,,,,,,,,,,,,,,
00:03:17.502,,,l1,,,,,s,s,,,,,,
00:03:17.361,,,,,,,,,,,e,,,,
00:03:17.221,,,,,,,,,,,,,,,
00:03:17.081,,,,,x3,,,,,,,,,,
00:03:16.941,,,,,,,,,,,,,,,
00:03:16.801,,,,x3,,,,,,,,,,,
00:03:16.661,,,,,,,,,,,,,,,
00:03:16.520,,,,,,,,,,,,,,,
00:03:16.380,,,x3,,,,,,,,,,,,
00:03:16.240,,,,,,,,,,,,,,,
00:03:16.100,,,,x3,,,,e,,,,,,,
00:03:15.960,,,,,,,,,e,,,,,,
00:03:15.819,,l3,,,r3,,,,,,,,,,
00:03:15.679,,,x3,x3,,,,,,,s,,,,
00:03:15.539,,,,,,,,,,,,,,,
00:03:15.399,,,,,,,,,,,,,,,
00:03:15.259,,x1,,,x3,,,,,,,,,,
00:03:15.118,,,,,,,,,,,,,,,
00:03:14.978,,,x1,x3,,,,,,,,,,,
00:03:14.838,,,,,,,,,,,,,,,
00:03:14.698,,x1,,,x3,,,,,,,,,,
00:03:14.558,,,,,,,,,,,,,,,
00:03:14.418,,,,r3,,,,,,,,,,,
00:03:14.277,,,,,,,,,,,,,,,
00:03:14.137,,@1,,,,,,,,,,,,,
00:03:13.997,,,,,,,,,,,,,,,
00:03:13.857,,,,,,,,,,,,,,,
00:03:13.717,,,,,,,,,,,,,,,
00:03:13.576,,$^1,,,x3,,,,,,,,,,
00:03:13.436,,,,,,,,,,,,,,,
00:03:13.296,,,,,,,,,,,,,,,
00:03:13.156,,,,,,,,,,,,,,,
00:03:13.016,,,,,,,,,,,,,,,
00:03:12.876,,,,,,,,,,,,,,,
00:03:12.735,,,,,,,,,,,e,,,,
00:03:12.595,,,,,,,,,,,,,,,
00:03:12.455,,,,,,,,,,,,,,,
00:03:12.315,,,l3,,,,,,,,,,,,
00:03:12.175,,,,,,,,,,,,,,,
00:03:12.034,,,,,,,,,,,,,,,
00:03:11.894,,,x3,,,,,,,,,,,,
00:03:11.754,,,,,,,,,,,,,,,
00:03:11.614,,x3,,,,,,,,,,,,,
00:03:11.474,,,,,,,,,,,,,,,
00:03:11.333,,,,x3,,,,,,,,,,,
00:03:11.193,,,,,x3,,,,,,s,,,,
00:03:11.053,,,,,,,,,,,,,,,
00:03:10.913,,,,,,,,,,,,,,,
00:03:10.773,,,,x3,,,,,,,,,,,
00:03:10.632,,,,,,,,,,,,,,,
00:03:10.492,,,l3,,,,,,,,,,,,
00:03:10.352,,,,,,,,,,,,,,,
00:03:10.211,,x3,,,,,,,,,,,,,
00:03:10.071,,,,x3,,,,,,,,,,,
00:03:09.930,,,,,,,,,,,,,,,
00:03:09.789,,,,,,,,,,,,,,,
00:03:09.649,,,x3,,,,,,,,,,,,
00:03:09.508,,,,,,,,,,,,,,,
00:03:09.367,,,,,l3,,,,,,,,,,
00:03:09.226,,,,,,,,,,,,,,,
00:03:09.085,,,,x3,,,,,,,,,,,
00:03:08.943,,,,,,,,,,,,,,,
00:03:08.802,,,,,,,,,,,,,,,
00:03:08.661,,r3,,,l3,,,,,,,,,,
00:03:08.519,,,,,,,,,,,,,,,
00:03:08.378,,,,,,,,,,,e,,,,
00:03:08.237,,,,,,,,,,,,,,,
00:03:08.097,,,,,,,,,,,,,,,
00:03:07.956,,,,,,,,,,,,,,,
00:03:07.816,,x3,,,x3,,,,,,,,,,
00:03:07.677,,,,,,,,,,,,,,,
00:03:07.537,,,,,,,,,,,,,,,
00:03:07.398,,,x3,,,,,,,,,,,,
00:03:07.258,,,,,,,,,,,,,,,
00:03:07.119,,,,x3,,,,,,,,,,,
00:03:06.980,,,,,,,,,,,,,,,
00:03:06.841,,x3,,,x3,,,,,,,,,,
00:03:06.701,,,x3,x3,,,,,,,s,,,s,
00:03:06.562,,,,,,,,,,,,,,,
00:03:06.422,,,,,,,,,,,,,,,
00:03:06.282,,,,,,,,,,,,,,,
00:03:06.142,,,,,,,,,,,,,,,
00:03:06.002,,,,,,,,,,,,,,,
00:03:05.862,,,,,,,,,,,,,,,
00:03:05.722,,x4,,x4,,,,,,,,,,e,
00:03:05.581,,,,,,,,,,,,,,,
00:03:05.440,,,,,,,,,,,,,,,
00:03:05.299,,,,,,,,,,,,,,,
00:03:05.159,,,x4,,x4,,,,,,,,,s,
00:03:05.018,,,,,,,,,,,,,,,
00:03:04.876,,,,,,,,,,,,,,,
00:03:04.735,,,,,,,,,,,,,,,
00:03:04.594,,x4,,x4,,,,,,,,,,,
00:03:04.452,,,,,,,,,,,,,,,
00:03:04.311,,,,,,,,,,,,,,e,
00:03:04.169,,,,,,,,,,,,,,,
00:03:04.028,,,,,,,,,,,,,,,
00:03:03.886,,,,,,,,,,,e,,,,
00:03:03.745,,,,,,,,,,,,,,,
00:03:03.603,,,,,,,,,,,,,,,
00:03:03.462,,,,,,,,,,,,,,,
00:03:03.320,,,x3,x3,,,,,,,,,,,
00:03:03.179,,,,,,,,,,,,,,,
00:03:03.037,,,,,,,,,,,,,,,
00:03:02.896,,x3,,,,,,,,,,,,,
00:03:02.755,,,,,,,,,,,,,,,
00:03:02.614,,,,,x3,,,,,,,,,,
00:03:02.473,,,,,,,,,,,,,,,
00:03:02.332,,,x3,x3,,,,,,,,,,,
00:03:02.193,,x3,,,x3,,,,,,s,,,s,
00:03:02.055,,,,,,,,,,,,,,,
00:03:01.916,,,,,,,,,,,,,,,
00:03:01.777,,,,,,,,,,,,,,,
00:03:01.639,,,,,,,,,,,,,,,m
00:03:01.500,,,,,,,,,,,,,,e,
00:03:01.362,,,,,,,,,,,,,,,m
00:03:01.224,,,,,@3,,,,,,,,,,
00:03:01.084,,,,,,,,,,,,,,,m
00:03:00.945,,,,,,,,,,,,,,,
00:03:00.805,,,,,,,,,,,,,,,m
00:03:00.666,,,,,,,,,,,,,,,
00:03:00.525,,,,,,,,,,,,,,,m
00:03:00.384,,,,,,,,,,,,,,,
00:03:00.243,,,,,,,,,,,,,,,
00:03:00.102,,l1,,>3,^3,,,,,,,,,,
00:02:59.961,,,,,,,,,,,,,,,
00:02:59.820,,,@2,,,,,,,,,,,,
00:02:59.679,,,,,,,,,,,,,,,
00:02:59.537,,,,,,,,,,,,,,,
00:02:59.397,,,,,,,,,,,,,,,
00:02:59.256,,,$^2,$^3,,,,,,,,,,,
00:02:59.116,,,,,,,,,,,,,,,
00:02:58.975,,,,,,,,,,,,,,,
00:02:58.835,,@3,,,@3,,,,,,,,,,
00:02:58.695,,,,,,,,,,,,,,,
00:02:58.555,,,,,,,,,,,,,,,
00:02:58.415,,,,,,,,,,,,,,,
00:02:58.275,,^3,<3,>3,^3,,,,,,,,,,
00:02:58.136,,,,,,,,,,,,,,,
00:02:57.996,,,,,,,,,,,,,,,
00:02:57.856,,,,,,,,,,,,,,,
00:02:57.716,,,$^3,$^3,,,,,,,,,,,
00:02:57.577,,,,,,,,,,,,,,,
00:02:57.437,,,,,,,,,,,,,,,
00:02:57.298,,,,,,,,,,,e,,,,
00:02:57.159,,l3,,,r3,,,,,,,,,,m
00:02:57.019,,,,,,,,,,,,,,,
00:02:56.880,,,,,,,,,,,,,,,m
00:02:56.741,,,@3,,,,,,,,s,,,,
00:02:56.602,,,,,,,,,,,,,,,m
00:02:56.463,,,,,,,,,,,,,,,
00:02:56.324,,>3,^3,,,,,,,,,,,,m
00:02:56.185,,,,,,,,,,,,,,,
00:02:56.043,,,,,,,,,,,,,,,m
00:02:55.900,,,,,,,,,,,,,,,
00:02:55.758,,,,,,,,,,,,,,,
00:02:55.616,,$^3,,,,,,,,,,,,s,
00:02:55.473,,,,,,,,,,,,,,,
00:02:55.330,,,,,,,,,,,,,,,
00:02:55.187,,,,,,,,,,,,,,,
00:02:55.044,,,,,,,,,,,,,,,
00:02:54.904,,,,,,,,,,,,,,e,
00:02:54.764,,,,@3,,,,,,,,,,,
00:02:54.624,,,,,,,,,,,,,,,
00:02:54.484,,,,,,,,,,,,,,,
00:02:54.343,,,,$^3,,,,,,,,,,,
00:02:54.203,,,,,,,,,,,,,,,
00:02:54.063,,,,,,,,,,,,,,,
00:02:53.923,,,,,l3,,,,,,,,,,
00:02:53.783,,,,,,,,,,,,,,,
00:02:53.643,,,x3,,,,,,,,,,,,
00:02:53.502,,,,,,,,,,,,,,,
00:02:53.362,,,,,x3,,,,,,,,,,
00:02:53.222,,,,,,,,,,,,,,,
00:02:53.082,,,x3,,,,,,,,,,,,
00:02:52.942,,,,,,,,,,,,,,,
00:02:52.801,,,,,,,,,,,,,,,
00:02:52.661,,x3,,,,,,,,,,,,,m
00:02:52.521,,,,,,,,,,,,,,,
00:02:52.381,,,,,,,,,,,,,,,m
00:02:52.241,,,x3,,,,,,,,,,,,
00:02:52.100,,,,,,,,,,,,,,,m
00:02:51.960,,r3,,,,,,,,,,,,,
00:02:51.820,,,,,,,,,,,,,,,m
00:02:51.679,,,,,,,,,,,,,,,
00:02:51.539,,,,,,,,,,,,,,,m
00:02:51.398,,,,,,,,,,,,,,,
00:02:51.258,,x3,,,x3,,,,,,,,,,
00:02:51.117,,,,,,,,,,,,,,,
00:02:50.976,,,,,,,,,,,,,,,
00:02:50.835,,,x3,x3,,,,,,,,,,,
00:02:50.695,,,,,,,,,,,,,,,
00:02:50.554,,,,,,,,,,,,,,,
00:02:50.413,,,,,,,,,,,,,,,
00:02:50.271,,,,,,,,,,,,,,,
00:02:50.130,,,,,,,,,,,,,,,
00:02:49.989,,,,,,,,,,,,,,,
00:02:49.848,,,,,x3,,,,,,,,,,
00:02:49.706,,,,,,,,,,,,,,,
00:02:49.565,,,,,,,,,,,,,,,
00:02:49.424,,,,x3,,,,,,,,,,,
00:02:49.283,,,,,,,,,,,,,,,
00:02:49.143,,,x3,,,,,,,,,,,,
00:02:49.002,,,,,,,,,,,,,,,
00:02:48.862,,x3,,,,,,,,,,,,,
00:02:48.723,,,,,,,,,,,,,,,
00:02:48.585,,,x3,,,,,,,,,,,,
00:02:48.446,,,,x3,,,,,,,,,,,
00:02:48.307,,,,,,,,,,,,,,,
00:02:48.169,,,,,x3,,,,,,,,,,
00:02:48.031,,,,,,,,,,,,,,,
00:02:47.893,,,,,,,,,,,,,,,
00:02:47.754,,l3,,,,,,,,,,,,,
00:02:47.615,,,,,,,,,,,,,,,
00:02:47.475,,,,,x3,,,,,,,,,,
00:02:47.336,,,,,,,,,,,,,,,
00:02:47.196,,,l3,,,,,,,,,,,,
00:02:47.055,,,,,,,,,,,,,,,
00:02:46.915,,,,,x3,,,,,,,,,,
00:02:46.774,,,,,,,,,,,,,,,mo
00:02:46.633,,,,r3,,,,,,,,,,,
00:02:46.491,,,,,,,,,,,,,,,
00:02:46.348,,x3,,,,,,,,,,,,s,
00:02:46.206,,,,,,,,,,,,,,,
00:02:46.064,,,,,,,,,,,,,,,
00:02:45.922,,,,,,,,,,,,,,,
00:02:45.780,,,,,,,,,,,,,,e,
00:02:45.638,,,,,,,,,,,,,,,
00:02:45.495,,,,,,,,,,,,,,,
00:02:45.355,,,,x3,,,,,,,,,,,
00:02:45.214,,,,,x3,,,,,,,,,,
00:02:45.073,,,,,,,,,,,,,,,
00:02:44.932,,x3,,,,,,,,,,,,,
00:02:44.792,,,,,,,,,,,,,,,mi
00:02:44.653,,,,,,,,,,,,,,,
00:02:44.513,,,,,,,,,,,,,,,mo
00:02:44.373,,,,,x3,,,,,,,,,,
00:02:44.234,,,,,,,,,,,,,,,
00:02:44.096,,,,x3,,,,,,,,,,,
00:02:43.957,,,,,,,,,,,,,,,
00:02:43.818,,,,,,,,,,,,,,,
00:02:43.680,,,,@3,,,,,,,,,,,mi
00:02:43.542,,,,,,,,,,,,,,,
00:02:43.404,,,,,,,,,,,,,,,mo
00:02:43.266,,,,^3,<3,,,,,,,,,,
00:02:43.127,,,,,,,,,,,,,,,
00:02:42.988,,,,,,,,,,,,,,,
00:02:42.849,,,,,$^3,,,,,,,,,,
00:02:42.710,,,,,,,,,,,,,,,
00:02:42.569,,,@3,,,,,,,,,,,,mi
00:02:42.427,,,,,,,,,,,,,,,
00:02:42.286,,,,,,,,,,,,,,,
00:02:42.144,,>3,^3,,,,,,,,,,,,mo
00:02:42.002,,,,,,,,,,,,,,,
00:02:41.860,,$^3,,,,,,,,,,,,s,
00:02:41.718,,,,,,,,,,,,,,,
00:02:41.575,,,,,,,,,,,,,,,
00:02:41.435,,,,,,,,,,,,,,,mi
00:02:41.294,,,,,,,,,,,,,,,
00:02:41.153,,,,,,,,,,,,,,,mo
00:02:41.012,,,,,,,,,,,,,,,
00:02:40.873,,,,,r4,,,,,,,,,,
00:02:40.733,,,,x4,,,,,,,,,,,
00:02:40.593,,,,,,,,,,,,,,e,
00:02:40.454,,,x4,,,,,,,,,,,,
00:02:40.314,,,,,,,,,,,,,,,mi
00:02:40.174,,x4,,,,,,,,,,,,,
00:02:40.034,,,,,,,,,,,,,,,
00:02:39.895,,,x4,x3,,,,,,,,,,,
00:02:39.753,,,,,,,,,,,,,,,
00:02:39.611,,,,,@3,,,,,,,,,,
00:02:39.469,,,,,,,,,,,,,,,
00:02:39.327,,,,,,,,,,,,,,,
00:02:39.185,,,,,,,,,,,,,,,
00:02:39.043,,,,,,,,,,,,,,,
00:02:38.902,,,,,,,,,,,,,,,
00:02:38.760,,,x4,,,,,,,,,,,,
00:02:38.620,,,,,,,,,,,,,,,
00:02:38.480,,,,,,,,,,,,,,,mo
00:02:38.340,,,,,$^3,,,,,,,,,s,
00:02:38.200,,x4,,,,,,,,,,,,,
00:02:38.061,,,,,,,,,,,,,,,
00:02:37.921,,,,,,,,,,,,,,,
00:02:37.782,,,,,,,,,,,,,,,mi
00:02:37.642,,,x4,,,,,,,,,,,,
00:02:37.501,,,,,,,,,,,,,,e,mo
00:02:37.360,,,,,,,,,,,,,,,
00:02:37.220,,,,,,,,,,,,,,,mi
00:02:37.079,,,@3,@3,,,,,,,,,,,
00:02:36.937,,,,,,,,,,,,,,,mo
00:02:36.794,,,,,,,,,,,,,,,
00:02:36.652,,,,,,,,,,,,,,,mi
00:02:36.510,,,,,,,,,,,,,,,
00:02:36.370,,,,,,,,,,,,,,,m
00:02:36.231,,,,,,,,,,,,,,,
00:02:36.091,,,,,,,,,,,,,,,mo
00:02:35.952,,,,,,,,,,,,,,,
00:02:35.814,,,,,,,,,,,,,,,mi
00:02:35.675,,,,,,,,,,,,,,,
00:02:35.537,,,,,,,,,,,,,,,
00:02:35.399,,,,,,,,,,,,,,,
00:02:35.257,,>3,^3,^3,<3,,,,,,,,,,
00:02:35.114,,,,,,,,,,,,,,,
00:02:34.972,,,,,,,,,,,,,,,
00:02:34.830,,,,,,,,,,,,,,,m
00:02:34.688,,,,,,,,,,,,,,,
00:02:34.547,,,,,,,,,,,,,,,
00:02:34.405,,,,,,,,,,,,,,,m
00:02:34.264,,^3,<3,>3,^3,,,,,,,,,,
00:02:34.128,,,,,,,,,,,,,,,m
00:02:33.991,,,,,,,,,,,,,,,
00:02:33.855,,,,,,,,,,,,,,,m
00:02:33.718,,>3,^3,^3,<3,,,,,,,,,,
00:02:33.582,,,,,,,,,,,,,,,m
00:02:33.446,,,,,,,,,,,,,,,
00:02:33.309,,,,,,,,,,,,,,,
00:02:33.173,,,,,,,s,,s,,,,,,
00:02:33.031,,,,,,,,,,,,,,,
00:02:32.890,,,,,,,,s,,,,,,,
00:02:32.748,,,,,,,,,,,,,,,
00:02:32.607,,,,,,,,,,,,,,,
00:02:32.464,,,,,,,,,,,,,,,m
00:02:32.322,,,,,,,,,,,,,,,
00:02:32.179,,$^3,,,$^3,,,,,,,,,,m
00:02:32.037,,,,,,,,,,,,,,,
00:02:31.898,,,l3,,,,,,,,,,,,m
00:02:31.758,,,,,,,,,,,,,,,
00:02:31.619,,,,,,,,,,,,,,,m
00:02:31.480,,,,,x3,,,,,,,,,,
00:02:31.341,,,,,,,,,,,,,,,m
00:02:31.203,,,,,x3,,,,,,,,,,
00:02:31.064,,,,,,,,,,,,,,,
00:02:30.926,,,x3,,,,,,,,,,,,
00:02:30.785,,,,x3,,,,,,,,,,,
00:02:30.645,,,,,,,,,,,,,,,
00:02:30.504,,,,,,,,,,,,,,,m
00:02:30.363,*,r2,#,#,l2,*,,,,,,,,,
00:02:30.221,,,,,,,,,,,,,,,mo
00:02:30.078,,,,,,,,,,,,,,,
00:02:29.936,,,,,,,,,,,,,,,mi
00:02:29.793,,,,,,,,,,,,,,,
00:02:29.649,,x3,,,,,,,,,,,,,m
00:02:29.504,,,,,,,,,,,,,,,
00:02:29.360,,,,,,,,,,,,,,,mo
00:02:29.215,,,x3,,,,,,,,,,,,
00:02:29.077,,,,,,,,,,,,,,,mi
00:02:28.939,,,,,x3,,,,,,,,,,
00:02:28.801,,,,,,,,,,,,,,,
00:02:28.663,,,,,,,,,,,,,,,
00:02:28.524,,,l3,r3,,,,,,,,,,,
00:02:28.385,,,,,,,,,,,,,,,
00:02:28.247,,,,,,,,,,,,,,,
00:02:28.108,,x2,,,x2,,,,,,,,,,
00:02:27.971,,,,,,,,,,,,,,,m
00:02:27.835,,x2,,,x2,,,,,,,,,,
00:02:27.698,,,,,,,,,,,,,,,m
00:02:27.561,,,,,,,,,,,,,,,
00:02:27.420,,,,,,,,,,,,,,,m
00:02:27.349,,,,r3,,,,,,,,,,,
00:02:27.279,,,,,,,,,,,,,,,m
00:02:27.208,,,,,,,,,,,,,,,
00:02:27.138,,,,,,,,,,,,,,,m
00:02:26.997,,x3,,,,,,,,,,,,,
00:02:26.857,,,,,,,,,,,,,,,
00:02:26.717,,,,,x3,,,,,,,,,,
00:02:26.577,,,,,,,,,,,,,,,
00:02:26.437,,,,,,,,,,,,,,,
00:02:26.291,,,x3,x3,,,,,,,,,,s,
00:02:26.145,,,,,,,,,,,,,,,
00:02:25.999,,,,,,,,,,,,,,,m
00:02:25.853,,x2,,,x2,,,,,,,,,,
00:02:25.721,,,,,,,,,,,,,,,m
00:02:25.589,,,,,,,,,,,,,,e,
00:02:25.457,,,,,,,,,,,,,,,m
00:02:25.325,,,,,,,,,,,,,,,
00:02:25.180,,,,x3,,,,,,,,,,,m
00:02:25.035,,,,,,,,,,,,,,,
00:02:24.889,,,,,,,,,,,,,,,m
00:02:24.744,,,x3,,,,,,,,,,,,
00:02:24.596,,,,,,,,,,,,,,,
00:02:24.448,,x3,,,,,,,,,,,,,
00:02:24.300,,,,,,,,,,,,,,,
00:02:24.152,,,,,x3,,,,,,,,,,
00:02:24.014,,,,x3,,,,,,,,,,s,
00:02:23.876,,,,,,,e,,,,,,,,
00:02:23.738,,x2,,,,,,,,,,,,,m
00:02:23.599,,,,,x2,,,,,,,,,,
00:02:23.463,,,,,,,,,,,,,,,m
00:02:23.327,,x2,,,,,,,,,,,,,
00:02:23.190,,,,,,,,,,,,,,,m
00:02:23.054,,,,,x2,,,,,,,,,,
00:02:22.914,,,,,,,,,,,,,,,m
00:02:22.773,,,,,,,,,,,,,,,
00:02:22.633,,,,,,,,,,,,,,,m
00:02:22.493,,x2,,,x2,,,,,,,,,,
00:02:22.352,,,,,,,,,,,,,,,
00:02:22.211,,,,,,,,,,,,,,e,
00:02:22.070,,,,,,,,,,,,,,,
00:02:21.928,,x2,,,,,,,,,,,,,
00:02:21.788,,,,,,,,,,,,,,,m
00:02:21.647,,,,,,,,,,,,,,,
00:02:21.507,,,,,,,,,,,,,,,mo
00:02:21.366,,,x2,x2,,,,,,,,,,,
00:02:21.226,,,,,,,,,,,,,,,mi
00:02:21.087,,,,,,,,,,,,,,s,
00:02:20.947,,,,,,,,,,,,,,,m
00:02:20.807,,,,,x2,,,,,,,,,,
00:02:20.668,,,,,,,,,,,,,,,mo
00:02:20.528,,,,,,,,,,,,,,,
00:02:20.389,,,,,,,,,,,,,,,mi
00:02:20.250,,x2,,,,x2,,,,,,,,,
00:02:20.110,,,,,,,,,,,,,,,
00:02:19.970,,,,,,,,,,,,,,,
00:02:19.829,,,,,,,,,,,,,,,
00:02:19.689,,,x2,,,,,,,,,,,,
00:02:19.546,,,,,,,,,,,,,,,
00:02:19.404,,,,,,,,,,,,,,,
00:02:19.261,,,,,,,,,,,,,,,m
00:02:19.118,,x2,,,x2,,,,,,,,,,
00:02:18.975,,,,,,,,,,,,,,,m
00:02:18.831,,x2,,,x2,,,,,,,,,,
00:02:18.688,,,,,,,,,,,,,,,m
00:02:18.545,,,x2,,,,,,,,,,,,
00:02:18.404,,,,,,,,,,,,,,,m
00:02:18.263,,,,,,,,,,,,,,,
00:02:18.121,,,,,,,,,,,,,,,m
00:02:17.980,,x2,,,x2,,,,,,,,,,
00:02:17.844,,,,,,,,,,,,,,,
00:02:17.707,,,,,,,,,,,,,,,
00:02:17.571,,,,,,,,,,,,,,,
00:02:17.435,,,,,,x2,,,,,,,,,
00:02:17.298,,,,,,,,,,,,,,,
00:02:17.161,,,,,,,,,,,,,,,
00:02:17.024,,,,,,,,,,,,,,,m
00:02:16.887,x2,,,x2,,,,,,,,,,,
00:02:16.746,,,,,,,,,,,,,,,m
00:02:16.605,,,,,,,,,,,,,,,
00:02:16.464,,,,,,,,,,,,,,,m
00:02:16.323,,,,,x2,,,,,,,,,,
00:02:16.184,,,,,,,,,,,,,,,m
00:02:16.044,,,,,,,,,,,,,,,
00:02:15.905,,,,,,,,,,,,,,,m
00:02:15.765,,x2,,,x2,,,,,,,,,,
00:02:15.625,,,,,,,,,,,,,,,
00:02:15.485,,,,,,,,,,,,,,,
00:02:15.345,,,,,,,,,,,,,,,
00:02:15.206,,,x2,,,,,,,,,,,,
00:02:15.064,,,,,,,,,,,,,,,
00:02:14.922,,,,,,,,,,,,,,,
00:02:14.780,,,,,,,,,,,,,,,m
00:02:14.638,x2,,,,,x2,,,,,,,,,
00:02:14.496,,,,,,,,,,,,,,,m
00:02:14.353,,x2,,,x2,,,,,,,,,,
00:02:14.211,,,,,,,,,,,,,,,m
00:02:14.068,,,,x2,,,,,,,,,,,
00:02:13.926,,,,,,,,,,,,,,,m
00:02:13.784,,,,,,,,,,,,,,,
00:02:13.643,,,,,,,,,,,,,,,m
00:02:13.501,,x2,,x2,,,,,,,,,,,
00:02:13.360,,,,,,,,,,,,,,,
00:02:13.218,,,,,,,,,,,,,,,
00:02:13.077,,,,,,,,,,,,,,,
00:02:12.936,,,,,x2,,,,,,,,,,
00:02:12.796,,,,,,,,,,,,,,,m
00:02:12.655,,,,,,,,,,,,,,,
00:02:12.515,,,,,,,,,,,,,,,mo
00:02:12.374,,,x2,,,x2,,,,,,,,,
00:02:12.234,,,,,,,,,,,,,,,mi
00:02:12.094,,,,,,,,,,,,,,,
00:02:11.954,,,,,,,,,,,,,,,m
00:02:11.815,,x2,,,,,,,,,,,,,
00:02:11.675,,,,,,,,,,,,,,,mo
00:02:11.536,,,,,,,,,,,,,,,
00:02:11.397,,,,,,,,,,,,,,,mi
00:02:11.258,x2,,,x2,,,,,,,,,,,
00:02:11.118,,,,,,,,,,,,,,,
00:02:10.979,,,,,,,,,,,,,,,
00:02:10.839,,,,,,,,,,,,,,,
00:02:10.700,,,,,x2,,,,,,,,,,
00:02:10.559,,,,,,,,,,,,,,,
00:02:10.418,,,,,,,,,,,,,,,
00:02:10.277,,,,,,,,,,,,,,,
00:02:10.136,,,x2,x2,,,,,,,,,,,
00:02:09.995,,,,,,,,,,,,,,,
00:02:09.854,,x2,,,x2,,,,,,,,,,
00:02:09.714,,,,,,,,,,,,,,,
00:02:09.573,,,x2,,,,,,,,,,,,
00:02:09.433,,,,,,,,,,,,,,,
00:02:09.294,,,,,,,,,,,,,,,
00:02:09.154,,,,,,,,,,,,,,,
00:02:09.015,,x2,,,,x2,,,,,,,,,
00:02:08.875,,,,,,,,,,,,,,,
00:02:08.736,,,,,,,,,,,,,,,
00:02:08.597,,,,,,,,,,,,,,,
00:02:08.457,,,x2,,,,,,,,,,,,
00:02:08.317,,,,,,,,,,,,,,,
00:02:08.177,,,,,,,,,,,,,,,
00:02:08.037,,,,,,,,,,,,,,,m
00:02:07.897,,x2,,,x2,,,,,,,,,,
00:02:07.756,,,,,,,,,,,,,,,m
00:02:07.614,,,,,,,,,,,,,,,
00:02:07.473,,,,,,,,,,,,,,,mo
00:02:07.332,,,,x2,,,,,,,,,,,
00:02:07.195,,,,,,,,,,,,,,,
00:02:07.057,,,,,,,,,,,,,,,
00:02:06.919,,,,,,,,,,,,,,,mi
00:02:06.782,,,x2,,x2,,,,,,,,,,
00:02:06.640,,,,,,,,,,,,,,,
00:02:06.499,,,,,,,,,,,,,,,
00:02:06.357,,,,,,,,,,,,,,,
00:02:06.216,,,,x2,,,,,,,,,,,
00:02:06.073,,,,,,,,,,,,,,,mo
00:02:05.931,,,,,,,,,,,,,,,
00:02:05.788,,,,,,,,,,,,,,,
00:02:05.646,,x2,,,x2,,,,,,,,,,
00:02:05.509,,,,,,,,,,,,,,,mi
00:02:05.372,,,x2,x2,,,,,,,,,,,
00:02:05.236,,,,,,,,,,,,,,,m
00:02:05.099,,x2,,,,,,,,,,,,,
00:02:04.959,,,,,,,,,,,,,,,mo
00:02:04.818,,,,,,,,,,,,,,,
00:02:04.678,,,,,,,,,,,,,,,mi
00:02:04.538,x2,,,,,x2,,,,,,,,,
00:02:04.394,,,,,,,,,,,,,,,
00:02:04.250,,,,,,,,,,,,,,,
00:02:04.107,,,,,,,,,,,,,,,
00:02:03.963,,,x2,,,,,,,,,,,,
00:02:03.821,,,,,,,,,,,,,,,mo
00:02:03.678,,,,,,,,,,,,,,,
00:02:03.536,,,,,,,,,,,,,,,
00:02:03.394,x2,,,,,x2,,,,,,,,,
00:02:03.255,,,,,,,,,,,,,,,mi
00:02:03.116,,,,,,,,,,,,,,,
00:02:02.977,,,,,,,,,,,,,,,m
00:02:02.838,,,,x2,,,,,,,,,,,
00:02:02.699,,,,,,,,,,,,,,e,mo
00:02:02.560,,,,,,,,,,,,,,,
00:02:02.422,,,,,,,,,,,,,,,mi
00:02:02.283,,x2,,,x2,,,,,,,,,,
00:02:02.143,,,,,,,,,,,,,,,
00:02:02.003,,,,,,,,,,,,,,,
00:02:01.863,,,,,,,,,,,,,,,
00:02:01.723,,,x2,,,,,,,,,,,,
00:02:01.581,,,,,,,,,,,,,,,mo
00:02:01.439,,,,,,,,,,,,,,,
00:02:01.298,,,,,,,,,,,,,,,
00:02:01.156,,x2,,,x2,,,,,,,,,s,
00:02:01.014,,,,,,,,,,,,,,,mi
00:02:00.871,,x2,,,x2,,,,,,,,,,
00:02:00.729,,,,,,,,,,,,,,,m
00:02:00.587,,,x2,,,,,,,,,,,,
00:02:00.446,,,,,,,,,,,,,,,mo
00:02:00.305,,,,,,,,,,,,,,,
00:02:00.165,,,,,,,,,,,,,,,mi
00:02:00.024,,,x2,x2,,,,,,,,,,e,
00:01:59.885,,,,,,,,,,,,,,,
00:01:59.746,,,,,,,,,,,,,,,
00:01:59.607,,,,,,,,,,,,,,,
00:01:59.468,,,,,x2,,,,,,,,,,mo
00:01:59.332,,,,,,,,,,,,,,,
00:01:59.195,,,,,,,,,,,,,,,
00:01:59.059,,,,,,,,,,,,,,,
00:01:58.923,x2,,,,,x2,,,,,,,,s,
00:01:58.785,,,,,,,,,,,,,,,mi
00:01:58.648,,,,,,,,,,,,,,,
00:01:58.511,,,,,,,,,,,,,,,m
00:01:58.373,,,x2,,,,,,,,,,,,
00:01:58.232,,,,,,,,,,,,,,,mo
00:01:58.090,,,,,,,,,,,,,,,
00:01:57.948,,,,,,,,,,,,,,e,mi
00:01:57.806,x2,,,,,x2,,,,,,,,,
00:01:57.661,,,,,,,,,,,,,,,
00:01:57.516,,,,,,,,,,,,,,,
00:01:57.371,,,,x2,,,,,,,,,,,
00:01:57.226,,,,,,,,,,,,,,,
00:01:57.085,,,,,,,,,,,,,,,mo
00:01:56.944,,,,,,,,,,,,,,,
00:01:56.804,,,,,,,,,,,,,,,
00:01:56.663,,x2,,,x2,,,,,,,,,,
00:01:56.525,,,,,,,,,,,,,,,mi
00:01:56.387,,x2,,,x2,,,,,,,,,s,
00:01:56.250,,,,,,,,,,,,,,,
00:01:56.112,,,,x2,,,,,,,,,,,m
00:01:55.972,,,,,,,,,,,,,,,
00:01:55.832,,,,,,,,,,,,,,,
00:01:55.692,,,,,,,,,,,,,,,m
00:01:55.551,x2,,,,,x2,,,,,,,,,
00:01:55.410,,,,,,,,,,,,,,,m
00:01:55.269,,,,,,,,,,,,,,,
00:01:55.127,,,,,,,,,,,,,,,
00:01:54.986,,x2,,,,,,,,,,,,,
00:01:54.844,,,,,,,,,,,,,,,
00:01:54.703,,,,,,,,,,,,,,,
00:01:54.562,,,,,,,,,,,,,,,
00:01:54.421,,,x2,x2,,,,,,,,,,,
00:01:54.280,,,,,,,,,,,,,,,m
00:01:54.138,,,,,,,,,,,,,,,
00:01:53.997,,,,,,,,,,,,,,,
00:01:53.856,,,,,,x2,,,,,,,,,m
00:01:53.715,,,,,,,,,,,,,,,
00:01:53.574,,,,,,,,,,,,,,,
00:01:53.433,,,,,,,,,,,,,,,m
00:01:53.292,,,x2,x2,,,,,,,,,,,
00:01:53.151,,,,,,,,,,,,,,,m
00:01:53.009,,,,,,,,,,,,,,,
00:01:52.868,,,,,,,,,,,,,,,
00:01:52.727,x2,,,,,,,,,,,,,,
00:01:52.585,,,,,,,,,,,,,,,
00:01:52.444,,,,,,,,,,,,,,,
00:01:52.303,,,,,,,,,,,,,,,m
00:01:52.161,,x2,,,x2,,,,,,,,,,
00:01:52.020,,,,,,,,,,,,,,,
00:01:51.879,,,,,,,,,,,,,,,m
00:01:51.739,,,,,,,,,,,,,,,
00:01:51.598,,,x2,,,,,,,,,,,,
00:01:51.458,,,,,,,,,,,,,,,
00:01:51.319,,,,,,,,,,,,,,,
00:01:51.179,,,,,,,,,,,,,,,
00:01:51.040,,x2,,,x2,,,,,,,,,,m
00:01:50.901,,,,,,,,,,,,,,,
00:01:50.763,,,,,,,,,,,,,,,m
00:01:50.625,,,,,,,,,,,,,,,
00:01:50.487,,,,x2,,,,,,,,,,,
00:01:50.348,,,,,,,,,,,,,,,
00:01:50.209,,,,,,,,,,,,,,,
00:01:50.070,,,,,,,,,,,,,,,mo
00:01:49.931,,x2,,,x2,,,,,,,,,,
00:01:49.791,,,,,,,,,,,,,,,
00:01:49.650,,,,,,,,,,,,,,,
00:01:49.510,,,,,,,,,,,,,,,
00:01:49.369,,,x2,,,,,,,,,,,,
00:01:49.228,,,,,,,,,,,,,,,mi
00:01:49.087,,,,,,,,,,,,,,,
00:01:48.945,,,,,,,,,,,,,,,
00:01:48.804,,x2,,,x2,,,,,,,,,,
00:01:48.663,,,,,,,,,,,,,,e,m
00:01:48.522,,,,,,,,,,,,,,,
00:01:48.380,,,,,,,,,,,,,,,m
00:01:48.239,,,,,,x2,,,,,,,,,
00:01:48.098,,,,,,,,,,,,,,,
00:01:47.957,,,,,,,,,,,,,,s,
00:01:47.815,,,,,,,,,,,,,,,
00:01:47.674,,,,x2,,,,,,,,,,,
00:01:47.533,,,,,,,,,,,,,,,
00:01:47.392,,,,,,,,,,,,,,,
00:01:47.251,,,,,,,,,,,,,,,m
00:01:47.110,x2,,,,,,,,,,,,,,
00:01:46.969,,,,,,,,,,,,,,,m
00:01:46.829,,,,,,,,,,,,,,,
00:01:46.688,,,,,,,,,,,,,,,m
00:01:46.547,,,x2,,,,,,,,,,,,
00:01:46.407,,,,,,,,,,,,,,,m
00:01:46.266,,,,,,,,,,,,,,,
00:01:46.126,,,,,,,,,,,,,,,m
00:01:45.985,,,,,,x2,,,,,,,,,
00:01:45.845,,,,,,,,,,,,,,,
00:01:45.705,,,,,,,,,,,,,,,
00:01:45.564,,,,,,,,,,,,,,,
00:01:45.424,,,,x2,,,,,,,,,,,
00:01:45.286,,,,,,,,,,,,,,,
00:01:45.149,,,,,,,,,,,,,,,
00:01:45.011,,,,,,,,,,,,,,,m
00:01:44.874,x2,,,,,,,,,,,,,,
00:01:44.738,,,,,,,,,,,,,,,
00:01:44.603,,,,,,,,,,,,,,,m
00:01:44.468,,,,,,,,,,,,,,,
00:01:44.333,,,x2,,,,,,,,,,,,
00:01:44.192,,,,,,,,,,,,,,,m
00:01:44.051,,,,,,,,e,e,,,,,,
00:01:43.910,,,,,,,,,,,,,,,m
00:01:43.769,,,,,@1,,,,,,,,,,
00:01:43.624,,,,,,,,,,,,,,,
00:01:43.479,,,,,,,,,,,,,,,
00:01:43.334,,,,,,,,,,,,,,,
00:01:43.189,,,,,,,,s,,,,,,,
00:01:43.047,,,,,^1,<1,,,,,e,,,e,
00:01:42.906,,,,,,,,,,,,,,,
00:01:42.764,,,,,,,,,,,,,,,m
00:01:42.622,,,,,,,,,,,,,,,
00:01:42.484,x3,,,,,$^1,,,,,,,,,
00:01:42.346,,,,,,,,,,,,,,,
00:01:42.208,,,,,,,,,,,,,,,m
00:01:42.070,,,x3,,,,,,,,,,,,
00:01:41.932,,,,,,,,,,,,,,,m
00:01:41.794,,,,r3,,,,e,,,,,,,
00:01:41.655,,,,,,,,,,,,,,,
00:01:41.517,,x3,,,,,,,,,,,,,
00:01:41.377,,,,,x3,,,,,,s,,,,
00:01:41.236,,,,,,,,,,,,,,,
00:01:41.096,,,,,,,,,,,,,,,
00:01:40.956,,,x3,,,,,,,,,,,,
00:01:40.815,,,,,,,,,,,,,,,m
00:01:40.674,,,,x3,,,,,,,,,,,
00:01:40.533,,,,,,,,,,,,,,,m
00:01:40.392,,,,,x3,,,,,,,,,,
00:01:40.251,,,,,,,,,,,,,,,
00:01:40.110,,,,,,x3,,,,,,,,,m
00:01:39.968,,,,,,,,,,,,,,,
00:01:39.827,,,,,,,,,,,,,,,
00:01:39.686,,,,,,,,,,,,,,,m
00:01:39.545,,,,,,,,,,,,,,,
00:01:39.403,,,,,,,,,,,,,,,m
00:01:39.262,,l3,,,r3,,,,,,,,,s,
00:01:39.122,,,,,,,,,,,,,,,
00:01:38.981,,,,,,,,,,,,,,,
00:01:38.841,,,,,,,,,,,,,,,
00:01:38.700,,,,,,,,,,,,,,e,
00:01:38.560,,,,,,,,,,,,,,,
00:01:38.419,,,,,,,,,,,e,,,,
00:01:38.278,,,,r3,,,,,,,,,,,
00:01:38.138,,,,,,,,,,,,,,,
00:01:37.996,,x3,,,,,,,,,,,,,
00:01:37.855,,,x3,,,,,,,,,,,,
00:01:37.713,,,,,,,,,,,,,,,
00:01:37.572,,,,,x3,,,,,,,,,,
00:01:37.429,,,,,,,,,,,,,,,
00:01:37.287,,,x3,x3,,,,,,,,,,,
00:01:37.144,,,,,,,,,,,,,,,
00:01:37.002,,,,,,,,,,,,,,,
00:01:36.862,,l3,,,r3,,,,,,s,,,,
00:01:36.722,,,,,,,,,,,,,,,
00:01:36.581,,,,,,,,,,,,,,,
00:01:36.441,x3,,,,,,,,,,,,,,
00:01:36.303,,,,,,,,,,,,,,,
00:01:36.164,x3,,,,,,,,,,,,,,
00:01:36.026,,,,,,,,,,,,,,,m
00:01:35.887,,l3,,,,,,,,,,,,,
00:01:35.748,,,,,,,,,,,,,,,m
00:01:35.610,,,x3,,,,,,,,,,,,
00:01:35.471,,,,,,,,,,,,,,,
00:01:35.333,,,,,,x3,,,,,,,,,
00:01:35.193,,,,,,,,,,,,,,,m
00:01:35.053,,,,,,x3,,,,,,,,,
00:01:34.912,,,,,,,,,,,,,,,
00:01:34.772,,,,,r3,,,,,,,,,,
00:01:34.631,,,,,,,,,,,,,,,m
00:01:34.490,,,,,,,,,,,,,,,
00:01:34.349,,,,x3,,,,,,,,,,,
00:01:34.208,,,,,,,,,,,,,,,
00:01:34.067,,,,,,,,,,,,,,,m
00:01:33.926,,,,,,,,,,,e,,,,
00:01:33.785,,,,,,,,,,,,,,,
00:01:33.644,,,,,,,,,,,,,,,
00:01:33.503,,,x3,x3,,,,,,,,,,,
00:01:33.363,,,,,,,,,,,,,,,m
00:01:33.222,,,,,,,,,,,,,,,
00:01:33.082,,x3,,,,,,,,,,,,,
00:01:32.942,,,,,,,,,,,,,,,m
00:01:32.802,,,,r3,,,,,,,,,,,
00:01:32.662,,,,,,,,,,,,,,,m
00:01:32.522,,x3,,,,,,,,,,,,,
00:01:32.383,,,x3,,,,,,,,s,,,s,
00:01:32.244,,,,,,,,,,,,,,,
00:01:32.105,,,,,,,,,,,,,,,
00:01:31.965,,,,,,,,,,,,,,,
00:01:31.826,,,,,,,,,,,,,,,
00:01:31.686,,,,,,,,,,,,,,,
00:01:31.547,,,,,,,,,,,,,,,m
00:01:31.407,,,,,x4,,,,,,,,,,
00:01:31.267,,,,,,,,,,,,,,,
00:01:31.126,,,,,,,,,,,,,,,m
00:01:30.985,,,,,,,,,,,,,,,
00:01:30.845,,,,l4,,,,,,,,,,,
00:01:30.703,,,,,,,,,,,,,,,m
00:01:30.562,,,,,,,,,,,,,,,
00:01:30.421,,,,,,,,,,,,,,,m
00:01:30.279,,,x4,,,,,,,,,,,,
00:01:30.138,,,,,,,,,,,,,,,
00:01:29.996,,,,,,,,,,,,,,,
00:01:29.855,,,,,,,,,,,,,,e,
00:01:29.713,,,,,,,,,,,,,,,
00:01:29.572,,,,,,,,,,,,,,,
00:01:29.431,,,,,,,,,,,e,,,,
00:01:29.291,,,,,,,,,,,,,,,m
00:01:29.150,,,,,,,,,,,,,,,
00:01:29.010,,l3,,,r3,,,,,,,,,,m
00:01:28.870,,,,,,,,,,,,,,,
00:01:28.731,,,,,,,,,,,,,,,
00:01:28.591,,,,x3,,,,,,,,,,,
00:01:28.452,,,,,,,,,,,,,,,m
00:01:28.313,,x3,,,,,,,,,,,,,
00:01:28.174,,,,,,,,,,,,,,,m
00:01:28.035,,,,x3,,,,,,,,,,,
00:01:27.896,,,,,x3,,,,,,s,,,s,
00:01:27.756,,,,,,,,,,,,,,,
00:01:27.617,,,,,,,,,,,,,,,
00:01:27.478,,,,,,,,,,,,,,,
00:01:27.339,,,,,,,,,,,,,,,
00:01:27.200,,,,,,,,,,,,,,,
00:01:27.061,,,,,,,,,,,,,,,m
00:01:26.922,,r4,,,,,,,,,,,,,
00:01:26.784,,,,,,,,,,,,,,,m
00:01:26.645,,,,,,,,,,,,,,,
00:01:26.506,,,,,,,,,,,,,,,
00:01:26.367,,,,,x4,,,,,,,,,,
00:01:26.226,,,,,,,,,,,,,,,m
00:01:26.085,,,,,,,,,,,,,,e,
00:01:25.944,,,,,,,,,,,,,,,m
00:01:25.803,,x4,,,,,,,,,,,,,
00:01:25.661,,,,,,,,,,,,,,,
00:01:25.519,,,,,,,,,,,,,,,
00:01:25.377,,,,,,,,,,,,,,,
00:01:25.235,,l3,,,r3,,,,,,,,,,
00:01:25.094,,,,,,,,,,,,,,,
00:01:24.953,,,,,,,,,,,,,,,
00:01:24.812,,,,,,,,,,,,,,,
00:01:24.671,,,,,,,,,,,,,,,
00:01:24.531,,@3,,,@3,,,,,,,,,,m
00:01:24.391,,,,,,,,,,,,,,,m
00:01:24.251,,,,,,,,,,,,,,,m
00:01:24.110,,^3,<3,>3,^3,,,,,,,,,,
00:01:23.970,,,,,,,,,,,,,,,
00:01:23.829,,,$^3,$^3,,,,,,,,,,,
00:01:23.689,,,,,,,,,,,,,,,m
00:01:23.548,,,,,,,,,,,,,,,
00:01:23.406,,,,,,,,,,,,,,,
00:01:23.264,,,,,,,,,,,,,,,
00:01:23.122,,,x3,x3,,,,,,,,,,,
00:01:22.980,,,,,,,,,,,,,,,
00:01:22.885,r3,,,,,l3,,,,,,,,,
00:01:22.838,,,,,,,,,,,,,,,
00:01:22.697,,,,,,,,,,,,,,,m
00:01:22.555,,x3,,,,,,,,,,,,,
00:01:22.414,,,,,,,,,,,,,,,
00:01:22.275,,,,,x3,,,,,,,,,,m
00:01:22.137,,,,,,,,,,,,,,,
00:01:21.999,,,@3,@3,,,,,,,,,,,
00:01:21.861,,,,,,,,,,,,,,,m
00:01:21.723,,>3,^3,^3,<3,,,,,,,,,,
00:01:21.585,,,,,,,,,,,,,,,m
00:01:21.447,,,,,,,,,,,,,,,
00:01:21.309,,$^3,,,$^3,,,,,,,,,s,
00:01:21.168,,,,,,,,,,,,,,,
00:01:21.027,,,,,,,,,,,,,,,
00:01:20.885,,,,,,,,,,,,,,,
00:01:20.744,,,,,,,,,,,,,,,
00:01:20.602,,,,,,,,,,,,,,e,
00:01:20.459,,,,,,,,,,,,,,,m
00:01:20.316,x3,,,,,x3,,,,,,,,,
00:01:20.174,,,,,,,,,,,,,,,m
00:01:20.031,,,x3,,,,,,,,,,,,
00:01:19.889,,,,,,,,,,,,,,,
00:01:19.747,,,,,,,,,,,,,,,
00:01:19.605,,x3,,,,,,,,,,,,,m
00:01:19.463,,,,,,,,,,,,,,,
00:01:19.321,,,,,x3,,,,,,,,,,m
00:01:19.180,,,,,,,,,,,,,,,
00:01:19.038,,,,x3,,,,,,,,,,,
00:01:18.898,,,,,,,,,,,,,,,
00:01:18.759,,,x3,,,,,,,,,,,,
00:01:18.619,,,,,,,,,,,,,,,
00:01:18.480,,,,,,,,,,,,,,,
00:01:18.341,,,,x3,,,,,,,,,,,
00:01:18.203,,,,,,,,,,,,,,,
00:01:18.064,,,,,,,,,,,,,,,
00:01:17.926,,,,,r3,,,,,,,,,,
00:01:17.785,,x3,,,,,,,,,,,,,
00:01:17.644,,,x3,,,,,,,,,,,,
00:01:17.504,,,,,,,,,,,,,,,
00:01:17.363,,@3,,,@3,,,,,,,,,,
00:01:17.223,,,,,,,,,,,,,,,
00:01:17.082,,,,,,,,,,,,,,,
00:01:16.941,,^3,<3,>3,^3,,,,,,,,,,
00:01:16.800,,,,,,,,,,,,,,,
00:01:16.660,,,,,,,,,,,,,,,
00:01:16.520,,,$^3,$^3,,,,,,,,,,,
00:01:16.381,,,,,,,,,,,,,,,
00:01:16.241,,,,,,,,,,,,,,,
00:01:16.101,,,,,,,,,,,,,,,
00:01:15.961,,,,,,,,,,,,,,,
00:01:15.821,,@3,,,,,,,,,,,,,
00:01:15.682,,,,,,,,,,,,,,,
00:01:15.539,,^3,<3,,,,,,,,,,,,
00:01:15.396,,,,,,,,,,,,,,,
00:01:15.254,,,,,,,,,,,,,,,
00:01:15.111,,,$^3,,,,,,,,,,,,
00:01:14.969,,,,,,,,,,,,,,,
00:01:14.827,,,,x3,,,,,,,,,,,
00:01:14.684,,,,,,,,,,,,,,,
00:01:14.542,,,,,x3,,,,,,,,,,
00:01:14.404,,,,,,,,,,,,,,,
00:01:14.266,,x3,,,,,,,,,,,,,
00:01:14.128,,,,,,,,,,,,,,,
00:01:13.989,,,x3,,,,,,,,,,,,
00:01:13.852,,,,,,,,,,,,,,,
00:01:13.715,,,,,,x3,,,,,,,,,
00:01:13.578,,,,,x3,,,,,,,,,,
00:01:13.440,,,,,,,,,,,,,,,
00:01:13.302,,,,,,,,,,,,,,,
00:01:13.255,,,,x3,,,,,,,,,,,
00:01:13.163,,,,,,,,,,,,,,,
00:01:13.070,,,,,,,,,,,,,,,
00:01:13.024,,,,,,,,,,,,,,,
00:01:12.885,,l3,,,,,,,,,,,,,
00:01:12.744,,,,,,,,,,,,,,,
00:01:12.697,,,x3,,,,,,,,,,,,
00:01:12.604,,,,,,,,,,,,,,,
00:01:12.510,,,,,,,,,,,,,,,
00:01:12.463,,,,,,,,,,,,,,,
00:01:12.322,,,,,r3,,,,,,,,,,
00:01:12.181,,,,x3,,,,,,,,,,s,
00:01:12.040,,,,,,,,,,,,,,,
00:01:11.899,,,,,,,,,,,,,,e,
00:01:11.757,,,,,,,,,,,,,,,
00:01:11.616,,,,,,,,,,,,,,,
00:01:11.476,,,,,,,,,,,,,,,
00:01:11.335,,,,,,,,,,,,,,,
00:01:11.194,,,,,,,,,,,,,,,
00:01:11.053,r3,,,,,l3,,,,,,,,,
00:01:10.913,,,,,,,,,,,,,,,
00:01:10.773,,,,,,,,,,,,,,,
00:01:10.632,r3,,,,,,,,,,,,,,
00:01:10.491,,,,,,,,,,,,,,,
00:01:10.351,,,x3,,,,,,,,,,,,
00:01:10.210,,,,,,,,,,,,,,,
00:01:10.069,,x3,,,,,,,,,,,,,
00:01:09.927,,,x3,,,,,,,,,,,,
00:01:09.785,,,,,,,,,,,,,,,
00:01:09.643,,,,,,,,,,,,,,,
00:01:09.502,,,,,,,,,,,,,,,
00:01:09.359,,,,r3,,,,,,,,,,,
00:01:09.216,,,,,,,,,,,,,,,
00:01:09.074,,,,,,,,,,,,,,,
00:01:08.931,,,,,,x3,,,,,,,,,
00:01:08.796,,,,,,,,,,,,,,,
00:01:08.661,,,,,x3,,,,,,,,,,
00:01:08.526,,,,,,,,,,,,,,,
00:01:08.390,,,,,,,,,,,,,,,
00:01:08.254,,,,x3,,,,,,,,,,,
00:01:08.117,,,,,,,,,,,,,,,
00:01:07.981,,,,,,,,,,,,,,,mo
00:01:07.844,,x3,,,x3,,,,,,,,,s,
00:01:07.698,,,,,,,,,,,,,,,
00:01:07.551,,,,,,,,,,,,,,,
00:01:07.405,,,,,,,,,,,,,,,
00:01:07.259,,,,,,,,,,,,,,,
00:01:07.115,,,,,,,,,,,,,,,
00:01:06.970,,,,,,,,,,,,,,,
00:01:06.826,,,,,,,,,,,,,,,
00:01:06.682,,,,,,,,,,,,,,,mi
00:01:06.543,#,l4,#,#,r4,#,,,,,,,,,
00:01:06.404,,,,,,,,,,,,,,,mo
00:01:06.265,,,,,,,,,,,,,,,
00:01:06.126,,x4,,,x1,,,,,,,,,,
00:01:05.988,,,,,,,,,,,,,,,
00:01:05.850,,,x4,x1,,,,,,,,,,,
00:01:05.712,,,,,,,,,,,,,,,
00:01:05.575,,x4,,,x1,,,,,,,,,,mi
00:01:05.436,,,x4,x1,,,,,,,,,,,
00:01:05.298,,,,,,,,,,,,,,,mo
00:01:05.160,,,,,,,,,,,,,,,
00:01:05.022,,,,,,,,,,,,,,,
00:01:04.883,,,,,,,,,,,,,,,
00:01:04.743,,,,,,,,,,,,,,,
00:01:04.604,,,,,,,,,,,,,,,
00:01:04.465,,x4,,,x1,,,,,,,,,,mi
00:01:04.325,,,,,,,,,,,,,,,
00:01:04.185,,,,,,,,,,,,,,,mo
00:01:04.046,,,,,,,,,,,,,,,
00:01:03.906,,x4,,,x1,,,,,,,,,,
00:01:03.765,,,,,,,,,,,,,,,
00:01:03.625,,,,,,,,,,,,,,,
00:01:03.485,,,,,,,,,,,,,,,
00:01:03.344,,x4,,,x1,,,,,,,,,,mi
00:01:03.204,,,,,,,,,,,,,,,
00:01:03.063,,,,,,,,,,,,,,,mo
00:01:02.923,,,,,,,,,,,,,,,
00:01:02.782,,,,,,,,,,,,,,,
00:01:02.641,,,,,,,,,,,,,,,
00:01:02.500,,,,,,,,,,,,,,,
00:01:02.359,,,,,,,,,,,,,,,
00:01:02.218,,,,,,,,,,,,,,,mi
00:01:02.077,,,,x4,,,,,,,,,,,
00:01:01.936,,,,,x4,,,,,,,,,,
00:01:01.794,,,,,,,,,,,,,,,
00:01:01.653,,,x4,,,,,,,,,,,,
00:01:01.512,,,,,,,,,,,,,,,
00:01:01.371,,x4,,,,,,,,,,,,,
00:01:01.230,,,,,,,,,,,,,,,
00:01:01.090,,,,x4,,,,,,,,,,,
00:01:00.948,,,,,x4,,,,,,,,,,
00:01:00.807,,,,,,,,,,,,,,,m
00:01:00.665,,,,,,,,,,,,,,,
00:01:00.524,,,,,,,,,,,,,,,m
00:01:00.383,,,,,,,,,,,,,,,
00:01:00.242,,,,,,,,,,,,,,,mo
00:01:00.101,,,,,,,,,,,,,,,
00:00:59.960,,,x4,,,,,,,,,,,,mi
00:00:59.819,,,,,,,,,,,,,,,
00:00:59.678,,,,,,,,,,,,,,,
00:00:59.537,,,,,,,,,,,,,,,
00:00:59.396,,,,x4,,,,,,,,,,,
00:00:59.256,,,,,,,,,,,,,,,
00:00:59.115,,,,,,,,,,,,,,,
00:00:58.974,,,,,,,,,,,,,,,
00:00:58.834,,,,,x4,,,,,,,,,,
00:00:58.694,,,,,,,,,,,,,,,
00:00:58.553,,,@1,,,,,,,,,,,,
00:00:58.413,,,,,,,,,,,,,,,
00:00:58.273,,,,,,,,s,,,,,,,mo
00:00:58.132,,>1,^1,,,,,,,,,,,e,
00:00:57.992,,,,,,,,,,,e,,,,
00:00:57.852,,,,,,,,,,,,,,,
00:00:57.712,,$^1,,,,,,,,,,,,,
00:00:57.572,,,,,x3,,,,,,,,,,
00:00:57.432,,,x3,,,,,,,,,,,,mi
00:00:57.291,,,,,,,,,,,,,,,
00:00:57.151,,x3,,,,,,,,,,,,,mo
00:00:57.011,,,,,,,,,,,,,,,
00:00:56.871,,,,,x3,,,e,,,,,,,mi
00:00:56.731,,,,,,,,,,,,,,,
00:00:56.590,,,,x3,,,,,,,,,,,mo
00:00:56.450,,,,,x3,,,,,,s,,,,
00:00:56.310,,,,,,,,,,,,,,,mi
00:00:56.170,,,,,,,,,,,,,,,
00:00:56.030,,,x3,,,,,,,,,,,,m
00:00:55.889,,,,,,,,,,,,,,,
00:00:55.749,,,,x3,,,,,,,,,,,mo
00:00:55.609,,,,,,,,,,,,,,,
00:00:55.469,,,,,r3,,,,,,,,,,mi
00:00:55.329,,,,,,,,,,,,,,,
00:00:55.189,,l3,,,,,,,,,,,,,
00:00:55.048,,,,,,,,,,,,,,,
00:00:54.908,,,,,,,,,,,,,,,
00:00:54.768,,,,,,,,,,,,,,,
00:00:54.628,,,,,,,,,,,,,,,
00:00:54.488,,,,,,,,,,,,,,,m
00:00:54.347,,x3,,,x3,,,,,,,,,s,
00:00:54.207,,,,,,,,,,,,,,,
00:00:54.067,,,,,,,,,,,,,,,m
00:00:53.927,,,,,,,,,,,,,,,
00:00:53.787,,,,,,,,,,,,,,e,m
00:00:53.646,,,,,,,,,,,,,,,
00:00:53.506,,,,,,,,,,,e,,,,m
00:00:53.366,,,,r3,,,,,,,,,,,
00:00:53.226,,,,,,,,,,,,,,,m
00:00:53.086,,x3,,,,,,,,,,,,,
00:00:52.946,,,x3,,,,,,,,,,,,
00:00:52.805,,,,,,,,,,,,,,,
00:00:52.665,,,,,r3,,,,,,,,,,
00:00:52.525,,,,,,,,,,,,,,,
00:00:52.385,,,,x3,,,,,,,,,,,
00:00:52.245,,,,,,,,,,,,,,,
00:00:52.104,,,l3,,,,,,,,,,,,m
00:00:51.964,,,,,x3,,,,,,s,,,,
00:00:51.824,,,,,,,,,,,,,,,m
00:00:51.684,,,,,,,,,,,,,,,
00:00:51.544,,,,,l3,,,,,,,,,,m
00:00:51.403,,,,,,,,,,,,,,,
00:00:51.263,,,,x3,,,,,,,,,,,m
00:00:51.123,,,,,,,,,,,,,,,
00:00:50.983,,,x3,,,,,,,,,,,,m
00:00:50.844,,,,,,,,,,,,,,,
00:00:50.706,,x3,,,,,,,,,,,,,
00:00:50.567,,,,,,,,,,,,,,,
00:00:50.428,,,,,x3,,,,,,,,,,
00:00:50.291,,,,,,,,,,,,,,,
00:00:50.153,,,,x3,,,,,,,,,,,m
00:00:50.015,,,,,,,,,,,,,,,
00:00:49.877,,,l3,,,,,,,,,,,,mo
00:00:49.733,,,,,,,,,,,,,,,
00:00:49.590,,,,,,,,,,,,,,,mi
00:00:49.447,,x3,,,,,,,,,,,,s,
00:00:49.303,,,,,,,,,,,,,,,m
00:00:49.163,,,,,,,,,,,,,,,
00:00:49.024,,,,,,,,,,,e,,,e,mo
00:00:48.884,,,,,,,,,,,,,,,
00:00:48.744,,,,,,,,,,,,,,,mi
00:00:48.602,,,,x3,,,,,,,,,,,
00:00:48.460,,,,,x3,,,,,,,,,,
00:00:48.317,,,,,,,,,,,,,,,
00:00:48.175,,x3,,,,,,,,,,,,,
00:00:48.034,,,,,,,,,,,,,,,
00:00:47.894,,,,x3,,,,,,,,,,,
00:00:47.754,,,,,,,,,,,,,,,
00:00:47.614,,,,,x3,,,,,,,,,,m
00:00:47.474,,x3,,,,,,,,,s,,,s,
00:00:47.334,,,,,,,,,,,,,,,m
00:00:47.193,,,,,,,,,,,,,,,
00:00:47.053,,,,,,,,,,,,,,,m
00:00:46.913,,,,,,,,,,,,,,,
00:00:46.773,,,,,,,,,,,,,,,m
00:00:46.633,,,,,,,,,,,,,,,
00:00:46.493,,x4,,,,,,,,,,,,,m
00:00:46.353,,,,,,,,,,,,,,,
00:00:46.214,,,,,,,,,,,,,,,
00:00:46.075,,,,,,,,,,,,,,,
00:00:45.935,,,,,x4,,,,,,,,,,
00:00:45.796,,,,,,,,,,,,,,,
00:00:45.657,,,,,,,,,,,,,,,
00:00:45.518,,,,,,,,,,,,,,,
00:00:45.379,,x4,,,,,,,,,,,,,m
00:00:45.233,,,,,,,,,,,,,,,
00:00:45.088,,,,,,,,,,,,,,,m
00:00:44.942,,,,,,,,,,,,,,,
00:00:44.796,,,,,,,,,,,,,,,m
00:00:44.655,,,,,,,,,,,,,,,
00:00:44.513,,,,,,,,,,,e,,,e,m
00:00:44.372,,,,,,,,,,,,,,,
00:00:44.231,,,,,,,,,,,,,,,m
00:00:44.089,,,,,x3,,,,,,,,,,
00:00:43.948,,,,x3,,,,,,,,,,,
00:00:43.807,,,,,,,,,,,,,,,
00:00:43.666,,x3,,,,,,,,,,,,,
00:00:43.525,,,,,,,,,,,,,,,
00:00:43.384,,,,,,,,,,,,,,,
00:00:43.243,,,x3,,,,,,,,,,,,
00:00:43.102,,,,x3,,,,,,,,,,,m
00:00:42.961,,,,,x3,,,,,,s,,,s,
00:00:42.821,,,,,,,,,,,,,,,m
00:00:42.680,,,,,,,,,,,,,,,
00:00:42.539,,,,,,,,,,,,,,,m
00:00:42.399,,,,,,,,,,,,,,,
00:00:42.258,,,,,,,,,,,,,,,m
00:00:42.118,,,,,,,,,,,,,,,
00:00:41.977,,,,x4,,,,,,,,,,,m
00:00:41.837,,,,,,,,,,,,,,,
00:00:41.696,,,,,,,,,,,,,,,
00:00:41.556,,,,,,,,,,,,,,,
00:00:41.416,,x4,,,,,,,,,,,,,
00:00:41.276,,,,,,,,,,,,,,,
00:00:41.137,,,,,,,,,,,,,,,m
00:00:40.997,,,,,,,,,,,,,,,
00:00:40.858,,,x4,@3,,,,,,,,,,e,mo
00:00:40.719,,,,,,,,,,,,,,,
00:00:40.581,,,,,,,,,,,,,,,mi
00:00:40.443,,,,,,,,,,,,,,,
00:00:40.304,,,,,,,,,,,,,,,m
00:00:40.165,,,,,,,,,,,,,,,
00:00:40.026,,,,,,,,,,,,,,,mo
00:00:39.887,,,,$^3,,,,,,,,,,,
00:00:39.748,,,,,,,,,,,,,,,mi
00:00:39.606,,x3,,,,,,,,,,,,,
00:00:39.465,,,,,,,,,,,,,,,
00:00:39.323,,,,,,,,,,,,,,,
00:00:39.182,,,x3,,,,,,,,,,,,
00:00:39.040,,,,,,,,,,,,,,,
00:00:38.899,,x3,,,,,,,,,,,,s,
00:00:38.757,,,,,,,,,,,,,,,
00:00:38.616,,,,,,,,,,,,,,,
00:00:38.474,,,,,,,,,,,,,,,
00:00:38.333,,,,,,,,,,,,,,,
00:00:38.191,,,,,,,,,,,,,,e,
00:00:38.050,,l3,,,r3,,,,,,,,,,
00:00:37.908,,,,,,,,,,,,,,,
00:00:37.767,,,,,,,,,,,,,,,
00:00:37.625,,,,,,,,,,,,,,,
00:00:37.484,,r3,,,l3,,,,,,,,,,
00:00:37.345,,,,,,,,,,,,,,,
00:00:37.206,,,,,,,,,,,,,,,
00:00:37.066,,,,x3,,,,,,,,,,,
00:00:36.927,,,,,,,,,,,,,,,mo
00:00:36.788,,,,,x3,,,,,,,,,,
00:00:36.649,,x3,,,,,,,,,,,,,
00:00:36.509,,,,,,,,,,,,,,,
00:00:36.370,,,,x3,,,,,,,,,,s,mi
00:00:36.227,,,,,,,,,,,,,,,
00:00:36.084,,,,,,,,,,,,,,,m
00:00:35.941,,,,,,,,,,,,,,,
00:00:35.798,,,,,,,,,,,,,,,mo
00:00:35.660,,,,,,,,,,,,,,,
00:00:35.521,,,,,,,,,,,,,,e,
00:00:35.383,,,,,,,,,,,,,,,
00:00:35.244,,,,,,,,,,,,,,,mi
00:00:35.103,,,,@3,,,,,,,,,,,
00:00:34.963,,,,,,,,,,,,,,,
00:00:34.822,,,,,,,,,,,,,,,
00:00:34.682,,,,^3,<3,,,,,,,,,,
00:00:34.541,,,,,,,,,,,,,,,mo
00:00:34.400,,,,,,,,,,,,,,,
00:00:34.259,,,,,,,,,,,,,,,
00:00:34.118,,,,,$^3,,,,,,,,,,
00:00:33.979,,,,,,,,,,,,,,,
00:00:33.839,,r3,,,,,,,,,,,,,mi
00:00:33.700,,,,,,,,,,,,,,,
00:00:33.560,,,,,,,,,,,,,,,m
00:00:33.421,,,,,@3,,,,,,,,,,
00:00:33.282,,,,,,,,,,,,,,,mo
00:00:33.143,,,,,,,,,,,,,,,
00:00:33.003,,,,>3,^3,,,,,,,,,,mi
00:00:32.864,,,,,,,,,,,,,,,
00:00:32.724,,,,$^3,,,,,,,,,,,
00:00:32.584,,,,,,,,,,,,,,,
00:00:32.444,,,,,,,,,,,,,,,
00:00:32.304,,,,,x3,,,,,,,,,,mo
00:00:32.163,,,,,,,,,,,,,,,
00:00:32.023,,x3,,,,,,,,,,,,,
00:00:31.882,,,x3,,,,,,,,,,,,
00:00:31.741,,,,,,,,,,,,,,,
00:00:31.600,,,,x3,,,,,,,,,,s,mi
00:00:31.458,,,,,,,,,,,,,,,
00:00:31.317,,,,,,,,,,,,,,,m
00:00:31.176,,,,,,,,,,,,,,,
00:00:31.035,,,,,,,,,,,,,,,mo
00:00:30.894,,,,,,,,,,,,,,e,
00:00:30.752,,,,,,,,,,,,,,,mi
00:00:30.612,,l3,,,,,,,,,,,,,
00:00:30.471,,,,,,,,,,,,,,,
00:00:30.330,,,,,,,,,,,,,,,
00:00:30.189,,,,,x3,,,,,,,,,,
00:00:30.049,,,,,,,,,,,,,,,
00:00:29.909,,,,r3,,,,,,,,,,,mo
00:00:29.769,,,,,,,,,,,,,,,
00:00:29.629,,,x3,,,,,,,,,,,s,
00:00:29.489,,,,,,,,,,,,,,,
00:00:29.349,,,,,,,,,,,,,,,mi
00:00:29.210,,,,,,,,,,,,,,e,
00:00:29.070,,@3,,,@3,,,,,,,,,,m
00:00:28.931,,,,,,,,,,,,,,,
00:00:28.792,,,,,,,,,,,,,,,mo
00:00:28.653,,^3,<3,>3,^3,,,,,,,,,,
00:00:28.513,,,,,,,,,,,,,,,mi
00:00:28.374,,,,,,,,,,,,,,,
00:00:28.234,,,$^3,$^3,,,,,,,,,,,
00:00:28.095,,,,,,,,,,,,,,,
00:00:27.955,,,,,x3,,,,,,,,,,
00:00:27.814,,,,,,,,,,,,,,,mo
00:00:27.674,,,x3,,,,,,,,,,,,
00:00:27.533,,,,,,,,,,,,,,,
00:00:27.392,,,,x3,,,,,,,,,,s,
00:00:27.252,,,,,,,,,,,,,,,
00:00:27.112,,,,,,,,,,,,,,,mi
00:00:26.971,,,,,,,,,,,,,,,
00:00:26.831,,,,,,,,,,,,,,,m
00:00:26.694,,,,,,,,,,,,,,,
00:00:26.556,,,,,,,,,,,,,,,mo
00:00:26.418,,,,,,,,,,,,,,e,
00:00:26.281,,,,,,,,,,,,,,,mi
00:00:26.138,,x3,,,,,,,,,,,,,
00:00:25.996,,,,,,,,,,,,,,,
00:00:25.854,,,,,,,,,,,,,,,
00:00:25.712,,,x3,,,,,,,,,,,,mo
00:00:25.566,,,,,,,,,,,,,,,
00:00:25.420,,,x3,,,,,,,,,,,,
00:00:25.275,,,,,,,,,,,,,,,
00:00:25.129,,,,,l3,,,,,,,,,,
00:00:24.989,,,,,,,,,,,,,,,
00:00:24.849,,,,,,,,,,,,,,,mi
00:00:24.708,,,,,,,,,,,,,,,
00:00:24.568,,x3,,,,,,,,,,,,,
00:00:24.431,,,,,,,,,,,,,,,m
00:00:24.294,,,,,x3,,,,,,,,,,
00:00:24.156,,,,,,,,,,,,,,,
00:00:24.019,,,,,,,,,,,,,,,m
00:00:23.882,,,,r3,,,,,,,,,,,
00:00:23.746,,,,,,,,,,,,,,,m
00:00:23.609,,,,,,,,,,,,,,,
00:00:23.472,,l3,,,,,,,,,,,,,
00:00:23.329,,,,,,,,,,,,,,,
00:00:23.186,,,,x3,,,,,,,,,,,
00:00:23.043,,,,,,,,,,,,,,,
00:00:22.901,,,,,x3,,,,,,,,,s,
00:00:22.756,,,,,,,,,,,,,,,
00:00:22.612,,,,,,,,,,,,,,,m
00:00:22.468,,,,,,,,,,,,,,,
00:00:22.323,,,,,,,,,,,,,,,
00:00:22.184,,,,,,,,,,,,,,,m
00:00:22.045,,,,,,,,,,,,,,,
00:00:21.906,,,,,,,,,,,,,,e,
00:00:21.767,,,,,,,,,,,,,,,m
00:00:21.628,,x4,,,x1,,,,,,,,,,
00:00:21.488,,,x4,x1,,,,,,,,,,,m
00:00:21.349,,,,,,,,,,,,,,,
00:00:21.209,,,x4,x1,,,,,,,,,,,
00:00:21.069,,,,,,,,,,,,,,,
00:00:20.930,,x4,,,x1,,,,,,,,,,
00:00:20.790,,,,,,,,,,,,,,,
00:00:20.650,,,l4,r1,,,,,,,,,,,
00:00:20.510,,,,,,,,,,,,,,,
00:00:20.370,,,,,,,,,,,,,,,m
00:00:20.229,,,,,,,,,,,,,,,
00:00:20.089,,,,,,,,,,,,,,,
00:00:19.949,,,,,,,,,,,,,,,m
00:00:19.808,,,,,,,,,,,,,,s,
00:00:19.668,,,,,,,,,,,,,,,
00:00:19.527,,x4,,,x1,,,,,,,,,,m
00:00:19.386,,,,,,,,,,,,,,,
00:00:19.245,,,,,,,,,,,,,,,m
00:00:19.104,,,,,,,,,,,,,,,
00:00:18.963,,x4,,,x1,,,,,,,,,,
00:00:18.822,,,,,,,,,,,,,,,
00:00:18.681,,,,,,,,,,,,,,,
00:00:18.539,,,,,,,,,,,,,,,
00:00:18.398,,x4,,,x1,,,,,,,,,,
00:00:18.258,,,,,,,,,,,,,,,
00:00:18.118,,,,,,,,,,,,,,,m
00:00:17.977,,,,,,,,,,,,,,,
00:00:17.837,,,,,,,,,,,,,,,
00:00:17.698,,,,,,,,,,,,,,,m
00:00:17.559,,,,,,,,,,,,,,,
00:00:17.420,,,,,,,,,,,,,,,
00:00:17.281,,,,x4,,,,,,,,,,,m
00:00:17.141,,,,,x4,,,,,,,,,,
00:00:17.002,,,,,,,,,,,,,,,m
00:00:16.862,,,,,,,,,,,,,,,
00:00:16.723,,x4,,,,,,,,,,,,,mo
00:00:16.583,,,,,,,,,,,,,,,
00:00:16.443,,x4,,,,,,,,,,,,,
00:00:16.303,,,,,,,,,,,,,,,
00:00:16.163,,,x4,,,,,,,,,,,,
00:00:16.022,,,,x4,,,,,,,,,,,
00:00:15.882,,,,,,,,,,,,,,,mi
00:00:15.742,,,,,,,,,,,,,,,
00:00:15.601,,,,,,,,,,,,,,,m
00:00:15.460,,,,,,,,,,,,,,,
00:00:15.319,,,,,,,,,,,,,,,mo
00:00:15.179,,,,,,,,,,,,,,,
00:00:15.038,,,x4,,,,,,,,,,,,
00:00:14.897,,,,,,,,,,,,,,,mi
00:00:14.755,,,,,,,,,,,,,,,
00:00:14.614,,,,,,,,,,,,,,,
00:00:14.473,,,,x4,,,,,,,,,,,
00:00:14.332,,,,,,,,,,,,,,,
00:00:14.191,,,,,,,,,,,,,,,
00:00:14.050,,,,,,,,,,,,,,,
00:00:13.909,,,x4,,,,,,,,,,,,
00:00:13.770,,,,,,,,,,,,,,,
00:00:13.630,,,,,,,,,,,,,,,m
00:00:13.491,,,,,,,,,,,,,,,
00:00:13.351,,,,,,,,,,,,,,,
00:00:13.212,,,,,,,,,,,,,,,m
00:00:13.073,,,,,,,,,,,,,,,
00:00:12.933,,,,,,,,,,,,,,,
00:00:12.794,,,,,,,,,,,,,,,m
00:00:12.654,,l4,,,,,,,,,,,,,
00:00:12.515,,,,,,,,,,,,,,,m
00:00:12.375,,,,,,,,,,,,,,,
00:00:12.235,,,,,x4,,,,,,,,,,
00:00:12.094,,,,,,,,,,,,,,,
00:00:11.954,,,,x4,,,,,,,,,,,
00:00:11.813,,,,,,,,,,,,,,,
00:00:11.673,,r4,,,,,,,,,,,,,
00:00:11.532,,,,,,,,,,,,,,,
00:00:11.390,,,,,,,,,,,,,,,m
00:00:11.249,,,,,,,,,,,,,,,
00:00:11.108,,,,,,,,,,,,,,,
00:00:10.967,,,,,,,,,,,,,,,m
00:00:10.825,,,,,,,,,,,,,,,
00:00:10.684,,,,,,,,,,,,,,,
00:00:10.543,,x4,,,,,,,,,,,,,m
00:00:10.401,,,,,,,,,,,,,,,
00:00:10.260,,,,,,,,,,,,,,,m
00:00:10.119,,,,,,,,,,,,,,,
00:00:09.978,,,,,x4,,,,,,,,,,
00:00:09.837,,,,,,,,,,,,,,,
00:00:09.696,,,,,,,,,,,,,,,
00:00:09.556,,,,,,,,,,,,,,,
00:00:09.415,,x4,,,,,,,s,,,,,,
00:00:09.274,,,,,,,,,,,,,,,
00:00:09.134,,,,,,,,,,,,,,,m
00:00:08.993,,,,,,,,,,,,,,,
00:00:08.852,,,,,,,,,,,,,,,
00:00:08.712,,,,,,,,,,,,,,,m
00:00:08.572,,,,,,,,,,,,,,,
00:00:08.431,,,,,,,,,,,,,,,
00:00:08.291,,,,,,,,,,,,,,,m
00:00:08.151,,,x4,,,,,,,,,,,,
00:00:08.011,,x4,,,,,,,,,,,,,m
00:00:07.871,,,,,,,,,,,,,,,
00:00:07.730,,,,,x4,,,,,,,,,,
00:00:07.590,,,,,,,,,,,,,,,
00:00:07.450,,,,,x4,,,,,,,,,,
00:00:07.310,,,,,,,,,,,,,,,
00:00:07.170,,,,r4,,,,,,,,,,,
00:00:07.029,,,,,,,,,,,,,,,
00:00:06.889,,,,,,,,,,,,,,,
00:00:06.749,,,,,,,,,,,,,,,
00:00:06.609,,,,,,,,,,,,,,,
00:00:06.469,,,,,,,,,,,,,,,
00:00:06.329,,,,,,,,,,,,,,,
00:00:06.188,,,,,,,,,,,,,,,
00:00:06.048,,x4,,,,,,,,,,,,,
00:00:05.909,,,,,,,,,,,,,,,
00:00:05.770,,,,,,,,,,,,,,,
00:00:05.631,,,,,,,,,,,,,,,
00:00:05.492,,x4,,,,,,,,,,,,,
00:00:05.356,,,,,,,,,,,,,,,
00:00:05.219,,,,,,,,,,,,,,,
00:00:05.083,,,,,,,,,,,,,,,
00:00:04.946,,,,,x4,,,,,,,,,,
00:00:04.801,,x4,,,,,,,,,,,,,
00:00:04.656,,,,,x4,,,,,,,,,,m
00:00:04.511,,,,,,,,,,,,,,,
00:00:04.366,,,,,,,,,,,,,,,m
00:00:04.226,,,,,,,,,,,,,,,
00:00:04.086,,,,,,,,,,,,,,,
00:00:03.945,,,,,,,,,,,,,,,
00:00:03.805,,,,,,,,,,,,,,,m
00:00:03.665,,,,x4,,,,,,,,,,,
00:00:03.525,,,,,x4,,,,,,,,,,m
00:00:03.385,,,,,,,,,,,,,,,
00:00:03.244,,x4,,,,,,,,,,,,,mo
00:00:03.104,,,,,,,,,,,,,,,
00:00:02.964,,x4,,,,,,,,,,,,,
00:00:02.824,,,,,,,,,,,,,,,
00:00:02.684,,,l4,,,,,,,,,,,,
00:00:02.543,,,,,,,,,,,,,,,
00:00:02.403,,,,,,,,,,,,,,,mi
00:00:02.263,,,,,,,,,,,,,,,
00:00:02.123,,,,,,,,,,,,,,,
00:00:01.983,,,,,,,,,,,,,,,m
00:00:01.843,,,,,,,,,,,,,,,
00:00:01.702,,,,,,,,,,,,,,,
00:00:01.562,,,,,x4,,,,,,,,,,m
00:00:01.422,,,,,,,,,,,,,,,
00:00:01.282,,,,,,,,,,,,,,,m
00:00:01.142,,,,,,,,,,,,,,,
00:00:01.001,,,,,x4,,,,,,,,,,
00:00:00.861,,,,,,,,,,,,,,,
00:00:00.721,,,,,,,,,,,,,,,
00:00:00.581,,,,,,,,,,,,,,,
00:00:00.441,,x4,,,,,s,,,,,,,,
00:00:00.330,,,,,,,,,,,,,,,
00:00:00.294,,,,,x4,,,,,,,,,,m
00:00:00.220,,,,,,,,,,,,,,,
00:00:00.165,,x4,,,,,,,,,,,,,m
00:00:00.110,,,,,,,,,,,,,,,
00:00:00.000,*,,,,,*,,s,,,,,,,