00:05:50.885,,,,,,,,,,,,,,
00:05:49.307,,,,,,,,,,,,,,
00:05:48.517,,,,,,,,,,,,,,
00:05:47.728,,,,,,,w,w,w,w,,,,
00:05:46.938,,,,,,,,,,,,,,
00:05:46.149,,,,,,,,,,,,,,
00:05:45.359,,,,,,,e,,,e,,,,
00:05:44.570,,,x2,x2,,,s,,,,,,,
00:05:44.161,,,,,,,,,,,,,,e
00:05:43.752,,,,,,,,,,,,,,
00:05:43.479,,,,,,,,,,,,,,
00:05:43.342,,,,,,,,,,,,,,
00:05:42.933,,,x3,,,,,,,,,,,
00:05:42.670,,,,,,,,,,,,,,
00:05:42.407,,,,,,,,,,,,,,
00:05:42.144,,,,,,,,,,,,,,
00:05:41.880,,,,x3,,,,,,,,,,
00:05:41.646,,,,,,,,,,,,,,
00:05:41.411,,@1,,,,,,,,,,,,
00:05:41.176,,,,,,,,,,,,,,
00:05:40.941,,,,,x3,,,,,,,,,
00:05:40.735,,,,,,,,,,,,,,
00:05:40.530,,,,,,,,,,,,,,
00:05:40.324,,,,,,,,,,,,,,
00:05:40.118,,,,x3,,,,,,,,,,s
00:05:39.903,,,,,,,,,,,,,,
00:05:39.688,,,,,,,,,,,,,,
00:05:39.473,,,,,,,,,e,,,,,
00:05:39.258,,$^1,,,x3,,,,,,,,,
00:05:39.016,,,,,,,,,,,,,,
00:05:38.774,,,,,,,,,,,,,,
00:05:38.532,,,,,,,,,,,,,,
00:05:38.290,,,,r3,,,,,,,,,,
00:05:37.975,,,,,,,,,,,,,,
00:05:37.660,,,,,,,,,,,,,,
00:05:37.502,,,,,,,,,,,,,,
00:05:37.449,,,,,x3,,,,,,,,,
00:05:37.344,,,,,,,,,,,,,,
00:05:37.029,,,,x3,,,,,,,,,,
00:05:36.768,,,,,,,,,,,,,,
00:05:36.508,,,,,,,,,,,,,,
00:05:36.247,,,,,,,,,,,,,,
00:05:35.986,,,,,x3,,,,s,,,,,
00:05:35.732,,,,,,,,,,,,,,
00:05:35.478,,,@1,x3,,,,,,,,,,
00:05:35.224,,,,,,,,,,,,,,
00:05:34.970,,,,,x3,,,,,,,,,
00:05:34.759,,,,,,,,,,,,,,
00:05:34.547,,,,,,,,,,,,,,
00:05:34.336,,,,,,,,,,,,,,
00:05:34.125,,,,x3,,,,,,,,,,
00:05:33.947,,,,,,,,,,,,,,
00:05:33.769,,,,,,,,,,,,,,
00:05:33.591,,,,,,,,,,,,,,
00:05:33.413,,,,,x3,,,,,,,,,
00:05:33.224,,,,,,,,,,,,,,
00:05:33.035,,,,,,,,,,,,,,
00:05:32.846,,,,,,,,,e,,,,,
00:05:32.657,,,$^1,x3,,,,,,,,,,
00:05:32.457,,,,,,,,,,,,,,
00:05:32.258,,,,,,,,,,,,,,
00:05:32.125,,x3,,,x3,,,,,,,,,
00:05:32.059,,,,,,,,,,,,,,
00:05:31.860,,,,x3,,,,,,,,,,
00:05:31.698,,,,,,,,,,,,,,
00:05:31.537,,,,,,,,,,,,,,
00:05:31.376,,,,,,,,,,,,,,
00:05:31.214,,,x3,,,,,,,,,,,
00:05:31.055,,,,,,,,,s,,,,,
00:05:30.896,,,,,,,,,,,,,,
00:05:30.790,,,,,,,,,,,,,,
00:05:30.738,,,,,,,,,,,,,,
00:05:30.579,,x3,,,x3,,,,,,,,,
00:05:30.417,,,,,,,,,,,,,,
00:05:30.255,,,,,,,,,,,,,,
00:05:30.094,,,,,,,,,,,,,,
00:05:29.932,,,x3,,,,,,,,,,,
00:05:29.730,,,,,,,,,,,,,,
00:05:29.527,,,,,,,,,,,,,,
00:05:29.392,,,x3,x3,,,,,,,,,,
00:05:29.324,,,,,,,,,,,,,,
00:05:29.121,,,,,x3,,,,,,,,,
00:05:28.935,,,,,,,,,,,,,,
00:05:28.748,,,,,,,,,,,,,,
00:05:28.562,,,,,,,,,,,,,,
00:05:28.376,,@3,,,x3,,,,,,,,,e
00:05:28.204,,,,,,,,,,,,,,
00:05:28.032,,,,,,,,,,,,,,
00:05:27.861,,,,,,,,,,,,,,
00:05:27.689,,,,,x3,,,,,,,,,
00:05:27.484,,,,,,,,,,,,,,
00:05:27.278,,,,,,,,,,,,,,
00:05:27.072,,,,,,,,,,,,,,
00:05:26.866,,,,,x3,,,,,,,,,
00:05:26.658,,,,,,,,,,,,,,
00:05:26.449,,,,,,,,,,,,,,
00:05:26.240,,,,,,,,,,,,,,
00:05:26.031,,,,x3,,,,,,,,,,
00:05:25.844,,,,,,,,,,,,,,
00:05:25.656,,,,,,,,,,,,,,
00:05:25.468,,,,,,,,,,,,,,
00:05:25.281,,,,x3,,,,,,,,,,
00:05:25.095,,,,,,,,,,,,,,
00:05:24.909,,,,,,,,,,,,,,
00:05:24.724,,,,,,,,,,,,,,
00:05:24.538,,,,,x3,,,,,,,,,
00:05:24.342,,,,,,,,,,,,,,
00:05:24.145,,,,,,,,,,,,,,
00:05:23.949,,,,,,,,,,,,,,
00:05:23.753,,$^3,,,x3,,,,,s,,,,
00:05:23.511,,,,,,,,,,,,,,
00:05:23.270,,,,x3,,,,,,,,,,s
00:05:23.028,,,,,,,,,,,,,,
00:05:22.787,,@3,,,,,,,,,,,,e
00:05:22.565,,,,,,,,,,,,,,
00:05:22.342,,,,,,,,,,,,,,
00:05:22.120,,$^3,,,,,,,,,,,,
00:05:21.898,,,,,,,,,,,,,,
00:05:21.698,,,,x3,,,,,,,,,,
00:05:21.498,,,,,,,,,,,,,,
00:05:21.298,,,x3,,,,,,,,,,,
00:05:21.098,,,,x3,,,,,,,,,,
00:05:20.899,,,,,,,,,,,,,,
00:05:20.701,,,x3,,,,,,,,,,,
00:05:20.503,,,,,,,,,,e,,,,
00:05:20.304,,,,x3,,,,,,s,,,,s
00:05:20.096,,,,,,,,,,,,,,
00:05:19.888,,@3,,,,,,,,,,,,
00:05:19.680,,,,,,,,,,,,,,
00:05:19.472,,,,,,,,,,,,,,
00:05:19.268,,,,,,,,,,,,,,e
00:05:19.063,,,,,,,,,,,,,,
00:05:18.858,,,,,,,,,,,,,,
00:05:18.654,,,,,,,,,,,,,,
00:05:18.445,,,,,,,,,,,,,,
00:05:18.236,,,,,,,,,,e,,,,
00:05:18.028,,$^3,,,,,,e,,,,,,
00:05:17.819,,,,,,,,s,,,,,,
00:05:17.614,,,,x3,,,,,,,,,,
00:05:17.409,,,,,,,,,,,,,,
00:05:17.204,,,x3,,,,,,,,,,,
00:05:16.999,,,,x3,,,,,,,,,,
00:05:16.779,,,,,,,,,,,,,,
00:05:16.560,,,x3,,,,,,,,,,,
00:05:16.341,,,,,,,,e,,,,,,
00:05:16.122,,,,x3,,,,s,,,,,,s
00:05:15.907,,,,,,,,,,,,,,
00:05:15.692,,@3,,,,,,,,,,,,e
00:05:15.477,,,,,,,,,,,,,,
00:05:15.261,,,,,x3,,,,,,,,,
00:05:15.039,,,,,,,,,,,,,,
00:05:14.817,,,,,,,,,,,,,,
00:05:14.595,,,,,,,e,e,,,,,,
00:05:14.372,,$^3,,,x3,,,s,,,,,,
00:05:14.156,,,,,,,,,,,,,,
00:05:13.940,,,,,,,,,,,,,,
00:05:13.724,,,,,x3,,,,,,,,,
00:05:13.508,,,,,,,,,,,,,,
00:05:13.302,,,,x3,,,,,,,,,,
00:05:13.097,,,,,,,,,,,,,,
00:05:12.891,,,,,x3,,,e,,,,,,
00:05:12.686,,,,x3,,,,s,,,,,,s
00:05:12.466,,,,,,,,,,,,,,
00:05:12.245,,,,@3,,,,,e,,,,,e
00:05:12.025,,,,,,,,,,,,,,
00:05:11.805,,,,,,,,,,,,,,
00:05:11.596,,,,,,,,,,,,,,
00:05:11.386,,,,,,,,,,,,,,
00:05:11.177,,,,$^3,,,,e,,,,,,
00:05:10.968,,,,,,,,s,,,,,,
00:05:10.757,,,,x3,,,,,,,,,,
00:05:10.547,,,,,,,,,,,,,,
00:05:10.336,,,,x3,,,,,,,,,,
00:05:10.125,,@1,,,x3,,,,,,,,,
00:05:09.910,,,,,,,,,,,,,,
00:05:09.695,,,,x3,,,,,,,,,,
00:05:09.480,,,,,,,,e,,,,,,
00:05:09.265,,$^1,,,x3,,,,,,,,,s
00:05:09.055,,,,,,,,,,,,,,
00:05:08.844,,,,,@1,,,,,,,,,
00:05:08.634,,,,,,,,,,,,,,
00:05:08.423,,,,,,,,,,,,,,
00:05:08.206,,,,,,,,,,,,,,
00:05:07.990,,,,,,,,,,,,,,
00:05:07.773,,,,,,,,,,,,,,
00:05:07.557,,,,,$^1,,,,,,,,,
00:05:07.342,,,,,,,,,,,,,,
00:05:07.127,,,,x1,,,,,,,,,,
00:05:06.912,,,,,,,,,,,,,,
00:05:06.696,,,@1,,,,,,,,,,,
00:05:06.486,,,,,,,,,,,,,,
00:05:06.275,,,,,,,,,,,,,,
00:05:06.065,,,,,,,,,,,,,,
00:05:05.854,,,$^1,,,,,s,,,,,,
00:05:05.643,,,,,,,,,,,,,,
00:05:05.432,,@1,,,,,,,,,,,,
00:05:05.221,,,,,,,,,,,,,,
00:05:05.009,,,,,,,,,,,,,,
00:05:04.792,,,,,,,,,,,,,,
00:05:04.574,,,,,,,,,,,,,,
00:05:04.357,,,,,,,,e,,,,,,
00:05:04.140,,$^1,,,,,,,,,,,,
00:05:03.928,,,,,,,,,,,,,,
00:05:03.717,,,,,,,,,,,,,,
00:05:03.506,,,,,,,,,,,,,,
00:05:03.294,,,x1,,,,,,,,,,,
00:05:03.092,,,,,,,,,,,,,,
00:05:02.889,,@1,,,,,,,,,,,,
00:05:02.686,,,,,,,,,,,,,,
00:05:02.484,,$^1,,,,,,,,,,,,
00:05:02.381,,,,,,,,,,,,,,
00:05:02.278,,,,,,,,,,,,,,
00:05:02.073,,,@1,,,,,,,,,,,
00:05:01.867,,,,,,,,,,,,,,
00:05:01.662,,,$^1,,,,,,,,,,,
00:05:01.558,,,,,,,,,,,,,,
00:05:01.455,,,,,,,,,,,,,,
00:05:01.248,,@1,,,,,,,,,,,,
00:05:01.041,,,,,,,,,,,,,,
00:05:00.834,,$^1,,,,,,,,,,,,
00:05:00.633,,,,,,,,,,,e,,e,e
00:05:00.431,,,@1,,,,,,,,,,,
00:05:00.230,,,,,,,,,,,,,,
00:05:00.029,,,$^1,,,,,,,,,,,
00:04:59.831,,,,,,,,,,,,,,
00:04:59.634,,@1,,,,,,,,,,,,
00:04:59.437,,,,,,,,,,,,,,
00:04:59.239,,$^1,,,,,,,,,s,,s,s
00:04:59.035,,,,,,,,,,,,,,
00:04:58.830,,,@1,,,,,,,,e,,e,e
00:04:58.626,,,,,,,,,,,,,,
00:04:58.422,,,$^1,,,,,,,,,,,
00:04:58.221,,,,,,,,,,,,,,
00:04:58.021,@1,,,,,,,,,,,,,
00:04:57.821,,,,,,,,,,,,,,
00:04:57.621,$^1,,,,,,,s,,,s,,s,s
00:04:57.407,,,,,,,,,,,,,,
00:04:57.193,,@1,,,,,,,,,e,,e,e
00:04:56.979,,,,,,,,,,,,,,
00:04:56.765,,$^1,,,,,,,,,,,,
00:04:56.562,,,x1,,,,,,,,,,,
00:04:56.359,,,x1,,,,,,,,,,,
00:04:56.157,,,x1,,,,,e,,,,,,
00:04:55.954,,,,,,,,,,,,,,
00:04:55.746,,,,,@1,,,,,,,,,
00:04:55.539,,,,,,,,,,,,,,
00:04:55.331,,,,,,,,,,,,,,
00:04:55.123,,,,,$^1,,,,,,,,,
00:04:54.917,,,,x1,,,,,,,,,,
00:04:54.711,,,,x1,,,,,,,,,,
00:04:54.505,,,,x1,,,,,,,,,,
00:04:54.299,,,,,,,,,,,,,,
00:04:54.089,@1,,,,,,,,,,,,,
00:04:53.880,,,,,,,,,,,,,,
00:04:53.671,,,,,,,,,,,,,,
00:04:53.462,$^1,,,,,,,,,,,,,
00:04:53.252,,x1,,,,,,,,,,,,
00:04:53.042,,x1,,,,,,,,,,,,
00:04:52.832,,,x1,,,,,,,,,,,
00:04:52.622,,,x1,,,,s,s,s,,s,,s,s
00:04:52.522,,,,,,,,,,,,,,
00:04:52.422,,@1,,,,,,,,,,,,
00:04:52.321,,,,,,,,,,,,,,
00:04:52.221,,,,,x3,,,,,,,,,
00:04:52.048,,,,,,,,,,,,,,
00:04:51.874,,,,,,,,,,,,,,
00:04:51.701,,,,,,,,,,,,,,
00:04:51.528,,,,,x3,,,,,,,,,
00:04:51.382,,,,,,,,,,,,,,
00:04:51.235,,,,,,,,,,,,,,
00:04:51.089,,,,,,,,,,,,,,
00:04:50.943,,,,,,x3,,,,,,,,
00:04:50.790,,,,,,,,,,,,,,
00:04:50.738,,,,,,,,,,,,,,
00:04:50.636,,,,,,,,,,,,,,
00:04:50.534,,,,,,,,,,,,,,
00:04:50.482,,,,,,,,,,,,,,
00:04:50.329,,,,,x3,,,,,,,,,
00:04:50.193,,,,,,,,,,,,,,
00:04:50.148,,,,,,,,,,,,,,
00:04:50.058,,,,,,,,,,,,,,
00:04:49.968,,,,,,,,,,,,,,
00:04:49.923,,,,,,,,,,,,,,
00:04:49.788,,,,x3,,,,,,,,,,
00:04:49.658,,,,,,,,,,,,,,
00:04:49.615,,,,,,,,,,,,,,
00:04:49.529,,,,,,,,,,,,,,
00:04:49.442,,,,,,,,,,,,,,
00:04:49.399,,,,,,,,,,,,,,
00:04:49.269,,,,,,x3,,,,,,,,
00:04:49.142,,,,,,,,,,,,,,
00:04:49.100,,,,,,,,,,,,,,
00:04:49.015,,,,,,,,,,,,,,
00:04:48.930,,,,,,,,,,,,,,
00:04:48.888,,,,,,,,,,,,,,
00:04:48.761,,,,,x3,,,,,,,,,
00:04:48.627,,,,,,,,,,,,,,
00:04:48.583,,,,,,,,,,,,,,
00:04:48.494,,,,,,,,,,,,,,
00:04:48.405,,,,,,,,,,,,,,
00:04:48.360,,,,,,,,,e,,,,,
00:04:48.227,,$^1,,x3,,,,,,s,,,,
00:04:48.113,,,,,,,,,,,,,,
00:04:48.000,,,,,,,,,,,,,,
00:04:47.924,,,,x1,,,,,,,,,,
00:04:47.886,,,,,,,,,,,,,,
00:04:47.773,,,,,,,,,,,,,,
00:04:47.662,,,,,,,,,,,,,,
00:04:47.626,,,x1,,,,,,,,,,,
00:04:47.552,,,,,,,,,,,,,,
00:04:47.479,,,,,,,,,,,,,,
00:04:47.442,,,,,,,,,,,,,,
00:04:47.332,,,,x1,,,,,,,,,,
00:04:47.225,,,,,,,,,,,,,,
00:04:47.189,,,,,,,,,,,,,,
00:04:47.117,,,,,,,,,,,,,,
00:04:47.046,,,x1,,,,,,,,,,,
00:04:47.010,,,,,,,,,,,,,,
00:04:46.903,,,,,,,,,,,,,,
00:04:46.799,,,,,,,,,,,,,,
00:04:46.764,,,,x1,,,,,,,,,,
00:04:46.694,,,,,,,,,,,,,,
00:04:46.624,,,,,,,,,,,,,,
00:04:46.589,,,,,,,e,e,,e,,,,
00:04:46.484,,,x1,,,,s,s,,s,,,,
00:04:46.359,,,,,,,,,,,,,,
00:04:46.234,,,,,,,,,,,,,,
00:04:46.150,,,,,,x1,,,,,,,,
00:04:46.108,,,,,,,,,,,,,,
00:04:46.066,,,,,,,,,,,,,,
00:04:45.983,,,,,,,,,,,,,,
00:04:45.869,,,,,,,,,,,,,,
00:04:45.831,,,,,x1,,,,,,,,,
00:04:45.755,,,,,,,,,,,,,,
00:04:45.679,,,,,,,,,,,,,,
00:04:45.641,,,,,,,,,,,,,,
00:04:45.528,,,,x1,,,,,,,,,,
00:04:45.422,,,,,,,,,,,,,,
00:04:45.387,,,,,,,,,,,,,,
00:04:45.317,,,,,,,,,,,,,,
00:04:45.246,,,,,,x1,,,,,,,,
00:04:45.211,,,,,,,,,,,,,,
00:04:45.106,,,,,,,,,,,,,,
00:04:44.996,,,,,,,,,,,,,,
00:04:44.960,,,,,x1,,,,,,,,,
00:04:44.887,,,,,,,,,,,,,,
00:04:44.814,,,,,,,,,,,,,,
00:04:44.777,,,,,,,e,e,,e,,,,
00:04:44.668,,,,x1,,,s,s,,s,,,,
00:04:44.556,,,,,,,,,,,,,,
00:04:44.444,,,,,,,,,,,,,,
00:04:44.369,x1,,,,,,,,,,,,,
00:04:44.332,,,,,,,,,,,,,,
00:04:44.220,,,,,,,,,,,,,,
00:04:44.113,,,,,,,,,,,,,,
00:04:44.077,,x1,,,,,,,,,,,,
00:04:44.006,,,,,,,,,,,,,,
00:04:43.935,,,,,,,,,,,,,,
00:04:43.899,,,,,,,,,,,,,,
00:04:43.792,,,x1,,,,,,,,,,,
00:04:43.681,,,,,,,,,,,,,,
00:04:43.645,,,,,,,,,,,,,,
00:04:43.571,,,,,,,,,,,,,,
00:04:43.498,x1,,,,,,,,,,,,,
00:04:43.461,,,,,,,,,,,,,,
00:04:43.350,,,,,,,,,,,,,,
00:04:43.243,,,,,,,,,,,,,,
00:04:43.208,,x1,,,,,,,,,,,,
00:04:43.136,,,,,,,,,,,,,,
00:04:43.065,,,,,,,,,,,,,,
00:04:43.029,,,,,,,e,e,,e,,,,
00:04:42.922,,,x1,,,,,,,,,,,
00:04:42.807,,,,,,,,,,,,,,
00:04:42.691,,,,,,,,,,,,,,
00:04:42.615,,,,,,x1,,,,,,,,
00:04:42.576,,,,,,,,,,,,,,
00:04:42.461,,,,,,,,,,,,,,
00:04:42.351,,,,,,,,,,,,,,
00:04:42.314,,,,,r1,,,,,,,,,
00:04:42.241,,,,,,,,,,,,,,
00:04:42.131,,,,,,,,,,,,,,
00:04:42.021,,,,x1,,,,,,,,,,
00:04:41.911,,,,,,,,,,,,,,
00:04:41.875,,,,,,,,,,,,,,
00:04:41.802,,,,,,,,,,,,,,
00:04:41.729,,,,,,x1,,,,,,,,
00:04:41.692,,,,,,,,,,,,,,
00:04:41.583,,,,,,,,,,,,,,
00:04:41.474,,,,,,,,,,,,,,
00:04:41.438,,,,,r1,,,,,,,,,
00:04:41.366,,,,,,,,,,,,,,
00:04:41.293,,,,,,,,,,,,,,
00:04:41.257,,,,,,,,,,,,,,
00:04:41.148,,,,x1,,,,,,,,,,
00:04:41.041,,,,,,,,,,,,,,
00:04:40.933,,,,,,,,,,,,,,
00:04:40.861,,,,,,x1,,,,,,,,
00:04:40.825,,,,,,,,,,,,,,
00:04:40.717,,,,,,,,,,,,,,
00:04:40.609,,,,,,,,,,,,,,
00:04:40.574,,,,,r1,,,,,,,,,
00:04:40.502,,,,,,,,,,,,,,
00:04:40.395,,,,,,,,,,,,,,
00:04:40.288,,,,x1,,,,,,,,,,
00:04:40.181,,,,,,,,,,,,,,
00:04:40.074,,,,,,,,,,,,,,
00:04:40.003,x1,,,,,,,,,,,,,
00:04:39.968,,,,,,,,,,,,,,
00:04:39.861,,,,,,,,,,,,,,
00:04:39.755,,,,,,,,,,,,,,
00:04:39.720,,l1,,,,,,,,,,,,
00:04:39.650,,,,,,,,,,,,,,
00:04:39.544,,,,,,,,,,,,,,
00:04:39.438,,,x1,,,,,,,,,,,
00:04:39.333,,,,,,,,,,,,,,
00:04:39.227,,,,,,,,,,,,,,
00:04:39.157,x1,,,,,,,,,,,,,
00:04:39.122,,,,,,,,,,,,,,
00:04:39.017,,,,,,,,,,,,,,
00:04:38.904,,,,,,,,,,,,,,
00:04:38.866,,l1,,,,,,,,,,,,
00:04:38.791,,,,,,,,,,,,,,
00:04:38.679,,,,,,,,,,,,,,
00:04:38.566,,,x1,,,,,,,,,,,
00:04:38.456,,,,,,,,,,,,,,
00:04:38.347,,,,,,,,,,,,,,
00:04:38.274,x1,,,,,,,,,,,,,
00:04:38.237,,,,,,,,,,,,,,
00:04:38.128,,,,,,,,,,,,,,
00:04:38.025,,,,,,,,,,,,,,
00:04:37.991,,l1,,,,,,,,,,,,
00:04:37.923,,,,,,,,,,,,,,
00:04:37.821,,,,,,,,,,,,,,
00:04:37.718,,,x1,,,,,,,,,,,
00:04:37.608,,,,,,,,,,,,,,
00:04:37.499,,@1,,,@1,,,,,,,,,
00:04:37.425,,,,,,,,,,,,,,
00:04:37.389,,,,,,,,,,,,,,
00:04:37.352,,,,,,,,,,,,,,
00:04:37.279,,,,,,,,,,,,,,
00:04:37.171,,,,,,,,,,,,,,
00:04:37.135,,$^1,,,$^1,,,,,,,,,
00:04:37.063,,,,,,,,,,,,,,
00:04:36.991,,,,,,,,,,,,,,
00:04:36.956,,,,,,,,,,,,,,
00:04:36.848,,,x1,x1,,,,,,,,,,
00:04:36.739,,,,,,,,,,,,,,
00:04:36.630,,,,,,,,,,,,,,
00:04:36.558,x1,,,,,,,,,,,,,
00:04:36.522,,,,,,,,,,,,,,
00:04:36.485,,,,,,,,,,,,,,
00:04:36.413,,,,,,,,,,,,,,
00:04:36.304,,,,,,,,,,,,,,
00:04:36.268,,l1,,,,,,,,,,,,
00:04:36.196,,,,,,,,,,,,,,
00:04:36.088,,,,,,,,,,,,,,
00:04:35.979,,,x1,,,,,,,,,,,e
00:04:35.871,,,,,,,,,,,,,,
00:04:35.762,,,,,@3,,,,,,,,,
00:04:35.690,x1,,,,,,,,,,,,,
00:04:35.654,,,,,,,,,,,,,,
00:04:35.618,,,,,,,,,,,,,,
00:04:35.546,,,,,,,,,,,,,,
00:04:35.438,,,,,,,,,,,,,,
00:04:35.402,x1,,,,,,,,,,,,,
00:04:35.330,,,,,,,,,,,,,,
00:04:35.222,,,,,,,,,,,,,,
00:04:35.114,,x1,,,,,,,,,,,,
00:04:35.006,,,,,,,,,,,,,,
00:04:34.898,,,,,,,,,,,,,,
00:04:34.826,,x1,,,,,,,,,,,,
00:04:34.790,,,,,,,,,,,,,,
00:04:34.754,,,,,,,,,,,,,,
00:04:34.682,,,,,,,,,,,,,,
00:04:34.574,,,,,,,,,,,,,,
00:04:34.539,,,x1,,,,,,,,,,,
00:04:34.467,,,,,,,,,,,,,,
00:04:34.359,,,,,,,,,,,,,,
00:04:34.251,,,x1,,$^3,,,,,,,,,
00:04:34.144,,,,,,,,,,,,,,
00:04:34.036,,,,,,,,,,,,,,
00:04:33.965,,,,x3,,,,,,,,,,
00:04:33.929,,,,,,,,,,,,,,
00:04:33.822,,,,,,,,,,,,,,
00:04:33.750,,,,,x3,,,,,,,,,
00:04:33.714,,,,,,,,,,,,,,
00:04:33.679,,,,,,,,,,,,,,
00:04:33.607,,,,,,,,,,,,,,
00:04:33.500,,,,,,,,,,,,,,
00:04:33.392,,,,r3,,,,,,,,,,
00:04:33.285,,,,,,,,,,,,,,
00:04:33.178,,,,,,,,,,,,,,
00:04:33.107,,,,,x3,,,,,,,,,
00:04:33.071,,,,,,,,,,,,,,
00:04:32.964,,,,,,,,,,,,,,
00:04:32.857,,,,,,,,,,,,,,
00:04:32.822,,,,r3,,,,,,,,,,
00:04:32.750,,,,,,,,,,,,,,
00:04:32.644,,,,,,,,,,,,,,
00:04:32.537,,,,,x3,,,,,,,,,s
00:04:32.430,,,,,,,,,,,,,,
00:04:32.323,,,@1,@3,,,,,,,,,,e
00:04:32.252,,,,,,,,,,,,,,
00:04:32.217,,,,,,,,,,,,,,
00:04:32.110,,,,,,,,,,,,,,
00:04:32.003,,,,,,,,,,,,,,
00:04:31.968,,,,,,,,,,,,,,
00:04:31.897,,,,,,,,,,,,,,
00:04:31.790,,,,,,,,,,,,,,
00:04:31.684,,,$^1,,,,,,,,,,,
00:04:31.580,,,,,,,,,,,,,,
00:04:31.545,,,,$^3,,,,,,,,,,
00:04:31.476,,,,,,,,,,,,,,
00:04:31.406,,,,,,,,,,,,,,
00:04:31.371,,@1,,,,,,,,,,,,
00:04:31.267,,,,,,,,,,,,,,
00:04:31.160,,,,,,,,,,,,,,
00:04:31.124,,,,x3,,,,,,,,,,
00:04:31.053,,,,,,,,,,,,,,
00:04:30.946,,,,,,,,,,,,,,
00:04:30.838,,$^1,,x3,,,,,,,,,,s
00:04:30.730,,,,,,,,,,,,,,
00:04:30.694,,,,,,,,,,,,,,
00:04:30.621,,,,,,,,,,,,,,e
00:04:30.549,,,,,,,,,,,,,,
00:04:30.512,,,,@3,,,,,,,,,,
00:04:30.404,,,,,,,,,,,,,,
00:04:30.295,,,,,,,,,,,,,,
00:04:30.259,,,,,,,,,,,,,,
00:04:30.186,,,,,,,,,,,,,,
00:04:30.114,,,,,,,,,,,,,,
00:04:30.078,,,,,,,,,,,,,,
00:04:29.969,,,,,,,,,,,,,,
00:04:29.861,,,,,,,,,,,,,,
00:04:29.825,,,,,,,,,,,,,,
00:04:29.752,,,@1,,,,,,,,,,,
00:04:29.680,,,,,,,,,,,,,,
00:04:29.644,,,,,,,,,,,,,,
00:04:29.535,,,,$^3,,,,,,,,,,
00:04:29.427,,,,,,,,,,,,,,
00:04:29.391,,,,,,,,,,,,,,
00:04:29.319,,,,,,,,,,,,,,
00:04:29.210,,,,,,,,,,,,,,
00:04:29.102,,,$^1,x3,,,,,,,,,,
00:04:28.993,,,,,,,,,,,,,,
00:04:28.885,,,,,,,,,,,,,,
00:04:28.813,,,,,,,,,,,,,,
00:04:28.777,,,,x3,,,,,,,,,,
00:04:28.669,,,,,,,,,,,,,,
00:04:28.560,,,,,,,,,,,,,,
00:04:28.524,,,l3,,,,,,,,,,,
00:04:28.452,,,,,,,,,,,,,,
00:04:28.344,,,,,,,,,,,,,,
00:04:28.236,,,,x3,,,,,,,,,,
00:04:28.128,,,,,,,,,,,,,,
00:04:28.020,,,,,,,,,,,,,,
00:04:27.948,,,,,,,,,,,,,,
00:04:27.912,,,l3,,,,,,,,,,,
00:04:27.804,,,,,,,,,,,,,,
00:04:27.696,,,,,,,,,,,,,,
00:04:27.660,,,,,,,,,,,,,,
00:04:27.588,,,,x3,,,,,,,,,,s
00:04:27.480,,,,,,,,,,,,,,
00:04:27.372,,,,,,,,,,,,,,
00:04:27.264,,,,,,,,,,,,,,e
00:04:27.228,,,,,,,,,,,,,,
00:04:27.156,,,@3,,,@3,,,,,,,,
00:04:27.084,,,,,,,,,,,,,,
00:04:27.048,,,,,,,,,,,,,,
00:04:26.940,,,,,,,,,,,,,,
00:04:26.831,,,,,,,,,,,,,,
00:04:26.795,,,,,,,,,,,,,,
00:04:26.723,,,,,,,,,,,,,,
00:04:26.614,,,,,,,,,,,,,,
00:04:26.506,,>3,^3,,>3,^3,,,,,,,,
00:04:26.397,,,,,,,,,,,,,,
00:04:26.289,,,,,,,,,,,,,,
00:04:26.216,,,,,,,,,,,,,,
00:04:26.180,,,,,,,,,,,,,,
00:04:26.072,,$^3,,,$^3,,,,,,,,,
00:04:25.963,,,,,,,,,,,,,,
00:04:25.926,,,,,,,,,,,,,,
00:04:25.854,,,,,,,,,,,,,,
00:04:25.745,,,,,,,,,,,,,,
00:04:25.636,,x3,,,,,,,,,,,,
00:04:25.527,,,,,,,,,,,,,,
00:04:25.417,,,,@3,,,,,,,,,,
00:04:25.344,,,,,,,,,,,,,,
00:04:25.308,,,,,,,,,,,,,,
00:04:25.199,,,,,,,,,,,,,,
00:04:25.092,,,,^3,<3,,,,,,,,,
00:04:25.056,,,,,,,,,,,,,,
00:04:24.984,,,,,,,,,,,,,,
00:04:24.877,,,,,,,,,,,,,,
00:04:24.770,,,,,,,,,,,,,,
00:04:24.660,,,,,,,,,,,,,,
00:04:24.549,,,,>3,^3,,,,,,,,,
00:04:24.476,,,,,,,,,,,,,,
00:04:24.439,,,,,,,,,,,,,,
00:04:24.328,,,,,,,,,,,,,,
00:04:24.222,,,,,,,,,,,,,,
00:04:24.187,,,,,,,,,,,,,,
00:04:24.116,,,,,,,,,,,,,,
00:04:24.010,,,,,,,,,,,,,,
00:04:23.903,,,,$^3,,,,,,,,,,s
00:04:23.792,,,,,,,,,,,,,,
00:04:23.681,,@3,,,@3,,,,,,,,,e
00:04:23.607,,,,,,,,,,,,,,
00:04:23.570,,,,,,,,,,,,,,
00:04:23.459,,,,,,,,,,,,,,
00:04:23.360,,,,,,,,,,,,,,
00:04:23.327,,,,,,,,,,,,,,
00:04:23.261,,,,,,,,,,,,,,
00:04:23.161,,,,,,,,,,,,,,
00:04:23.062,,,,,,,,,,,,,,
00:04:22.958,,,,,,,,,,,,,,
00:04:22.854,,^3,<3,>3,^3,,,,,,,,,
00:04:22.785,,,,,,,,,,,,,,
00:04:22.750,,,,,,,,,,,,,,
00:04:22.646,,,,,,,,,,,,,,
00:04:22.536,,,,,,,,,,,,,,
00:04:22.499,,,,,,,,,,,,,,
00:04:22.425,,,,,,,,,,,,,,
00:04:22.315,,,,,,,,,,,,,,
00:04:22.204,,,$^3,$^3,,,,,,,,,,
00:04:22.099,,,,,,,,,,,,,,
00:04:21.993,,,,,,,,,,,,,,
00:04:21.922,,,x3,,,,,,,,,,,
00:04:21.887,,,,,,,,,,,,,,
00:04:21.781,,,,,,,,,,,,,,
00:04:21.674,,,,,,,,,,,,,,
00:04:21.638,,,,x3,,,,,,,,,,
00:04:21.567,,,,,,,,,,,,,,
00:04:21.459,,,,,,,,,,,,,,
00:04:21.352,,,l3,,,,,,,,,,,
00:04:21.244,,,,,,,,,,,,,,
00:04:21.137,,,,,,,,,,,,,,
00:04:21.066,,,,x3,,,,,,,,,,
00:04:21.030,,,,,,,,,,,,,,
00:04:20.923,,,,,,,,,,,,,,
00:04:20.814,,,,,,,,,,,,,,
00:04:20.778,,,l3,,,,,,,,,,,
00:04:20.706,,,,,,,,,,,,,,
00:04:20.598,,,,,,,,,,,,,,
00:04:20.490,,,,x3,,,,,,,,,,
00:04:20.381,,,,,,,,,,,,,,
00:04:20.272,,@1,,,,,,,,,,,,
00:04:20.200,,,,x3,,,,,,,,,,
00:04:20.163,,,,,,,,,,,,,,
00:04:20.055,,,,,,,,,,,,,,
00:04:19.946,,,,,,,,,,,,,,
00:04:19.910,,,,,x3,,,,,,,,,
00:04:19.837,,,,,,,,,,,,,,
00:04:19.729,,,,,,,,,,,,,,
00:04:19.620,,,,,x3,,,,,,,,,
00:04:19.511,,,,,,,,,,,,,,
00:04:19.403,,,,,,,,,,,,,,
00:04:19.330,,,,,,,,,,,,,,
00:04:19.294,,,,x3,,,,,,,,,,
00:04:19.185,,,,,,,,,,,,,,
00:04:19.077,,,,,,,,,,,,,,
00:04:19.041,,,,,,,,,,,,,,
00:04:18.968,,,,x3,,,,,,,,,,s
00:04:18.860,,,,,,,,,,,,,,
00:04:18.751,,$^1,,,,,,,,,,,,
00:04:18.643,,,,,,,,,,,,,,
00:04:18.534,,,,@1,,,,,,,,,,
00:04:18.426,,,,,,,,,,,,,,
00:04:18.317,,,,,,,,,,,,,,
00:04:18.209,,,,,,,,,,,,,,
00:04:18.172,,,,$^1,,,,,,,,,,
00:04:18.100,,,,,,,,,,,,,,
00:04:17.992,,,,,,,,,,,,,,
00:04:17.883,,,x1,,@3,,,,,,,,,e
00:04:17.777,,,,,,,,,,,,,,
00:04:17.742,,,,,,,,,,,,,,
00:04:17.671,,,,,,,,,,,,,,
00:04:17.601,,x1,,,,,,,,,,,,
00:04:17.566,,,,,,,,,,,,,,
00:04:17.460,,,,,,,,,,,,,,
00:04:17.354,,,,,,,,,,,,,,
00:04:17.319,x1,,,,,,,,,,,,,
00:04:17.248,,,,,,,,,,,,,,
00:04:17.178,,,,,,,,,,,,,,
00:04:17.143,,,,,,,,,,,,,,
00:04:17.037,,x1,,,,,,,,,,,,
00:04:16.926,,,,,,,,,,,,,,
00:04:16.815,,,@1,,,,,,,,,,,
00:04:16.741,,,,,,,,,,,,,,
00:04:16.704,,,,,,,,,,,,,,
00:04:16.593,,,,,,,,,,,,,,
00:04:16.483,,,,,,,,,,,,,,
00:04:16.447,,,,,,,,,,,,,,
00:04:16.374,,,,,,,,,,,,,,
00:04:16.264,,,,,,,,,,,,,,
00:04:16.154,,,$^1,,$^3,,,,,,,,,
00:04:16.046,,,,,,,,,,,,,,
00:04:15.939,,,,,,,,,,,,,,
00:04:15.867,,,,,,,,,,,,,,
00:04:15.831,,,,,,,,,,,,,,
00:04:15.723,,,,x3,,,,,,,,,,
00:04:15.614,,,,,,,,,,,,,,
00:04:15.578,,,,,,,,,,,,,,
00:04:15.505,,,,,,,,,,,,,,
00:04:15.396,,,,,,,,,,,,,,
00:04:15.287,,,,,x3,,,,,,,,,
00:04:15.180,,,,,,,,,,,,,,
00:04:15.072,,,,,,,,,,,,,,
00:04:15.000,,,,x3,,,,,,,,,,
00:04:14.964,,,,,,,,,,,,,,
00:04:14.856,,,,,,,,,,,,,,
00:04:14.748,,,,,,,,,,,,,,
00:04:14.711,,,,,x3,,,,,,,,,
00:04:14.639,,,,,,,,,,,,,,
00:04:14.530,,,,,,,,,,,,,,
00:04:14.421,,,,x3,,,,,,,,,,
00:04:14.314,,,,,,,,,,,,,,
00:04:14.207,,@1,,,,,,,,,,,,
00:04:14.135,,,,,x3,,,,,,,,,
00:04:14.099,,,,,,,,,,,,,,
00:04:13.992,,,,,,,,,,,,,,
00:04:13.883,,,,,,,,,,,,,,
00:04:13.847,,,,x3,,,,,,,,,,
00:04:13.775,,,,,,,,,,,,,,
00:04:13.666,,,,,,,,,,,,,,
00:04:13.558,,,,,x3,,,,,,,,,
00:04:13.452,,,,,,,,,,,,,,
00:04:13.347,,,,,,,,,,,,,,
00:04:13.277,,,,,,,,,,,,,,
00:04:13.242,,,,x3,,,,,,,,,,
00:04:13.136,,,,,,,,,,,,,,
00:04:13.029,,,,,,,,,,,,,,
00:04:12.993,,,,,,,,,,,,,,
00:04:12.921,,,,,x3,,,,,,,,,s
00:04:12.814,,,,,,,,,,,,,,
00:04:12.707,,$^1,,,,,,,,,,,,
00:04:12.599,,,,,,,,,,,,,,
00:04:12.491,,,,,,,,,,,,,,
00:04:12.419,,,,,,,,,,,,,,
00:04:12.383,,,,,,,,,,,,,,
00:04:12.276,,,,,,,,,,,,,,
00:04:12.167,,,,,,,,,,,,,,
00:04:12.131,#,l1,#,#,r1,#,,,,,,,,
00:04:12.059,,,,,,,,,,,,,,
00:04:11.987,,,,,,,,,,,,,,
00:04:11.951,,,,,,,,,,,,,,
00:04:11.843,,,,,x1,,,,,,,,,
00:04:11.736,,,,,,,,,,,,,,
00:04:11.630,,,,,,,,,,,,,,
00:04:11.559,,,,x1,,,,,,,,,,
00:04:11.524,,,,,,,,,,,,,,
00:04:11.417,,,,,,,,,,,,,,
00:04:11.311,,,,,,,,,,,,,,
00:04:11.275,,,,,x1,,,,,,,,,
00:04:11.204,,,,,,,,,,,,,,
00:04:11.097,,,,,,,,,,,,,,
00:04:10.991,,,,x1,,,,,,,,,,
00:04:10.884,,,,,,,,,,,,,,
00:04:10.777,,,,,,,,,,,,,,
00:04:10.706,,,,,x1,,,,,,,,,
00:04:10.670,,,,,,,,,,,,,,
00:04:10.563,,,,x1,,,,,,,,,,
00:04:10.456,,,,,,,,,,,,,,
00:04:10.420,,x1,,,,,,,,,,,,
00:04:10.349,,,,,,,,,,,,,,
00:04:10.242,,,,,,,,,,,,,,
00:04:10.134,,,x1,,,,,,,,,,,
00:04:10.027,,,,,,,,,,,,,,
00:04:09.920,,,,,,,,,,,,,,
00:04:09.848,,x1,,,,,,,,,,,,
00:04:09.812,,,,,,,,,,,,,,
00:04:09.705,,,,,,,,,,,,,,
00:04:09.597,,,,,,,,,,,,,,
00:04:09.561,,,x1,,,,,,,,,,,
00:04:09.489,,,,,,,,,,,,,,
00:04:09.381,,,,,,,,,,,,,,
00:04:09.273,,x1,,,,,,,,,,,,
00:04:09.165,,,,,,,,,,,,,,
00:04:09.057,,@1,,,@1,,,,,,,,,
00:04:08.985,,,,,,,,,,,,,,
00:04:08.949,,,,,,,,,,,,,,
00:04:08.841,,,,,,,,,,,,,,
00:04:08.733,,,,,,,,,,,,,,
00:04:08.697,,$^1,,,$^1,,,,,,,,,
00:04:08.625,,,,,,,,,,,,,,
00:04:08.552,,,,,,,,,,,,,,
00:04:08.516,,,,,,,,,,,,,,
00:04:08.408,,,,,x1,,,,,,,,,
00:04:08.299,,,,,,,,,,,,,,
00:04:08.191,,,,,,,,,,,,,,
00:04:08.118,,,,x1,,,,,,,,,,
00:04:08.082,,,,,,,,,,,,,,
00:04:07.973,,,,,,,,,,,,,,
00:04:07.864,,,,,,,,,,,,,,
00:04:07.828,,,,,x1,,,,,,,,,
00:04:07.755,,,,,,,,,,,,,,
00:04:07.646,,,,,,,,,,,,,,
00:04:07.538,,,,x1,,,,,,,,,,
00:04:07.428,,,,,,,,,,,,,,
00:04:07.319,,,,,,,,,,,,,,
00:04:07.246,,,,,x1,,,,,,,,,
00:04:07.210,,,,,,,,,,,,,,
00:04:07.101,,,,,,x1,,,,,,,,
00:04:06.991,,,,,,,,,,,,,,
00:04:06.954,,,,,r1,,,,,,,,,
00:04:06.881,,,,,,,,,,,,,,
00:04:06.772,,,,,,,,,,,,,,
00:04:06.662,,,,x1,,,,,,,,,,
00:04:06.553,,,,,,,,,,,,,,
00:04:06.443,,,,,,,,,,,,,,
00:04:06.369,,,l1,,,,,,,,,,,
00:04:06.333,,,,,,,,,,,,,,
00:04:06.223,,,,,,,,,,,,,,
00:04:06.113,,,,,,,,,,,,,,
00:04:06.076,,x1,,,,,,,,,,,,
00:04:06.003,,,,,,,,,,,,,,
00:04:05.893,,,,,,,,,,,,,,
00:04:05.782,,,x1,,,,,,,,,,,
00:04:05.678,,,,,,,,,,,,,,
00:04:05.643,,,,,,,,,,,,,,
00:04:05.573,,,,,,,,,,,,,,
00:04:05.503,,x2,,,,,,,,,,,,
00:04:05.468,,,,,,,,,,,,,,
00:04:05.363,,,x2,,,,,,s,,,,,
00:04:05.258,,,,,,,,,,,e,e,e,e
00:04:05.223,,,,,,,,,,,,,,
00:04:05.153,,@1,,,,,,,,,,,,
00:04:05.083,,,,,,,,,,,,,,
00:04:05.048,,,,,,,,,,,,,,
00:04:04.943,,,,,x2,,,,,,,,,
00:04:04.838,,,,,,,,,,,,,,
00:04:04.803,,,,,,,,,,,,,,
00:04:04.733,,,,,,,,,,,,,,
00:04:04.663,,,,,,,,,,,,,,
00:04:04.628,,,,,,,,,,,,,,
00:04:04.523,,,,x2,,,,,,,,,,
00:04:04.418,,,,,,,,,,,,,,
00:04:04.383,,,,,,,,,,,,,,
00:04:04.313,,,,,,,,,,,,,,
00:04:04.243,,,,,,,,,,,,,,
00:04:04.208,,,,,,,,,,,,,,
00:04:04.103,,,,,x2,,,,,,,,,
00:04:04.033,,,,x2,,,,,,,,,,
00:04:03.998,,,,,,,,,,,,,,
00:04:03.963,,,,,,,,,,,,,,
00:04:03.892,,,,,,,,,,,,,,
00:04:03.822,,,,,,,,,,,,,,
00:04:03.787,,,,,,,,,,,,,,
00:04:03.682,,,,,x2,,,,,,,,,
00:04:03.577,,,,,,,,,,,,,,
00:04:03.542,,,,,,,,,,,,,,
00:04:03.472,,,,,,,,,,,,,,
00:04:03.402,,,,,,,,,,,,,,
00:04:03.367,,,,,,,,,,,,,,
00:04:03.262,,,,x2,,,,,,,,,,
00:04:03.156,,,,,,,,,,,,,,
00:04:03.121,,,,,,,,,,,,,,
00:04:03.051,,,,,,,,,,,,,,
00:04:02.981,,,,,,,,,,,,,,
00:04:02.946,,,,,,,,,,,,,,
00:04:02.841,,,,,x2,,,,,,,,,
00:04:02.736,,,,,,,,,,,,,,
00:04:02.701,,,,,,,,,,,,,,
00:04:02.630,,,,,,,,,,,,,,
00:04:02.560,,,,,,,,,,,,,,
00:04:02.525,,,,,,,,,,,,,,
00:04:02.420,,,,x2,,,,,,,,,,
00:04:02.315,,,,,,,,,,,,,,
00:04:02.280,,,,,x2,,,,,,,,,
00:04:02.209,,,,,,,,,,,,,,
00:04:02.139,,,,,,,,,,,,,,
00:04:02.104,,,,,,,,,,,,,,
00:04:01.999,,,,x2,,,,,,,s,s,s,
00:04:01.893,,,,,,,,,,,,,,
00:04:01.858,,,,,,,,,,,,,,
00:04:01.788,,,,,,,,,,,,,,
00:04:01.718,,,,,,,,,,,,,,
00:04:01.683,,,,,,,,,,,e,e,e,
00:04:01.577,,,,,x2,,,,,,,,,
00:04:01.472,,,,,,,,,,,,,,
00:04:01.367,,,,,,,,,,,,,,
00:04:01.261,,,,,,,,,,,,,,
00:04:01.156,,,,x2,,,,,,,,,,
00:04:01.051,,,,,,,,,,,,,,
00:04:00.945,,,,,,,,,,,,,,
00:04:00.840,,,,,,,,,,,,,,
00:04:00.734,,,,,x2,,,,,,,,,
00:04:00.629,,,,,,,,,,,,,,
00:04:00.523,,,,,,,,,,,,,,
00:04:00.418,,,,,,,,,,,,,,
00:04:00.312,,,,x2,,,,,,,s,s,s,
00:04:00.207,,,,,,,,,,,,,,
00:04:00.101,,,,,,,,,,,,,,
00:03:59.996,,,,,,,,,,,e,e,e,
00:03:59.890,,,,,x2,,,,,,,,,
00:03:59.785,,,,,,,,,,,,,,
00:03:59.679,,,,,,,,,,,,,,
00:03:59.574,,,,,,,,,,,,,,
00:03:59.468,,,,x2,,,,,,,,,,
00:03:59.362,,,,,,,,,,,,,,
00:03:59.257,,,,,,,,,,,,,,
00:03:59.151,,,,,,,,,e,,,,,
00:03:59.046,,$^1,,,x2,,,,s,,,,,
00:03:58.944,,,,,,,,,,,,,,
00:03:58.843,,,,,,,,,,,,,,
00:03:58.742,,,,,,,,,,,,,,
00:03:58.640,,,x2,x2,,,,,,,,,,
00:03:58.540,,,,,,,,,,,,,,
00:03:58.439,,,,,,,,,,,,,,
00:03:58.338,,,,,,,,,,,,,,
00:03:58.238,,x2,,,,,,,,,,,,
00:03:58.139,,,,,,,,,,,,,,
00:03:58.040,,,x2,,,,,,,,,,,
00:03:57.941,,,,,,,,,,,,,,
00:03:57.841,,,,x2,,,,,,,,,,
00:03:57.744,,,,,,,,,,,,,,
00:03:57.646,,,,,x2,,,,,,,,,
00:03:57.549,,,,,,,,,,,,,,
00:03:57.451,,,,,x2,,,,,,,,,
00:03:57.355,,,,,,,,,,,,,,
00:03:57.258,,,,,,,,,,,,,,
00:03:57.162,,,,,,,,,,,,,,
00:03:57.066,,,x2,x2,,,,,,,,,,
00:03:56.970,,,,,,,,,,,,,,
00:03:56.873,,,,,,,,,,,,,,
00:03:56.777,,,,,,,,,,,,,,
00:03:56.680,,,x2,,,,,,,,,,,
00:03:56.582,,,,,,,,,,,,,,
00:03:56.483,,x2,,,,,,,,,,,,
00:03:56.385,,,,,,,,,,,,,,
00:03:56.287,,,,@3,,,,,,,,,,
00:03:56.186,,,,,,,,,,,,,,
00:03:56.086,,,,,,,,,,,,,,
00:03:55.986,,,,,,,,,,,,,,
00:03:55.885,,,x2,$^3,,,s,,,s,,,,
00:03:55.781,,,,,,,,,,,,,,
00:03:55.677,,@4,,,,,,,,,,,,
00:03:55.573,,,,,,,,,,,,,,
00:03:55.469,,,,,x3,,,,,,,,,
00:03:55.368,,,,,,,,,,,,,,
00:03:55.267,,,,,,,,,,,,,,
00:03:55.165,,,,,,,e,,,e,,,,
00:03:55.064,,$^4,,,x3,,,,,,,,,
00:03:54.966,,,,,,,,,,,,,,
00:03:54.868,,,x2,,,,,,,,,,,
00:03:54.769,,,,,,,,,,,,,,
00:03:54.671,,,,x2,,,,,,,,,,
00:03:54.575,,,,,,,,,,,,,,
00:03:54.479,,,,,x2,,,,,,,,,
00:03:54.384,,,,,,,,,,,,,,
00:03:54.288,,,,x2,,,,,,,,,,
00:03:54.195,,,,,,,,,,,,,,
00:03:54.101,,,x2,,,,,,,,,,,
00:03:54.008,,,,,,,,,,,,,,
00:03:53.915,,x2,,,,,s,s,,s,s,s,s,
00:03:53.822,,,,,,,,,,,,,,
00:03:53.729,,,,,,,,,,,,,,
00:03:53.636,,,,,,,,,,,,,,
00:03:53.543,,,,x3,,,,,,,,,,
00:03:53.448,,,,,,,,,,,,,,
00:03:53.354,,,,,,,,,,,,,,
00:03:53.259,,,,,,,,,,,,,,
00:03:53.164,,,x3,,,,,,,,,,,
00:03:53.067,,,,,,,,,,,,,,
00:03:52.970,,,,,,,,,,,,,,
00:03:52.874,,,,,,,,,,,,,,
00:03:52.777,,x3,,,,,,,,,,,,
00:03:52.678,,,,,,,,,,,,,,
00:03:52.579,,,,,,,,,,,,,,
00:03:52.480,,,,,,,,,,,,,,
00:03:52.381,,,x3,,,,,,,,,,,
00:03:52.280,,,,,,,,,,,,,,
00:03:52.179,,,,x3,,,,,,,e,e,e,s
00:03:52.079,,,,,,,e,e,,e,,,,
00:03:51.978,,,x2,x3,,,,,,,,,,e
00:03:51.876,,,,,,,,,,,,,,
00:03:51.774,,,,,,,,,,,,,,
00:03:51.672,,,,,,,,,,,,,,
00:03:51.570,,,x2,x3,,,,,,,,,,
00:03:51.469,,,,,,,,,,,,,,
00:03:51.367,,,,,,,,,,,,,,
00:03:51.265,,,,,,,,,,,,,,
00:03:51.164,,x2,,,x3,,,,,,,,,
00:03:51.064,,,,,,,,,,,,,,
00:03:50.965,,,,,,,,,,,,,,
00:03:50.865,,,,,,,,,,,,,,
00:03:50.765,,x2,,,x3,,,,,,,,,
00:03:50.666,,,,,,,,,,,,,,
00:03:50.568,,,,,,,,,,,,,,
00:03:50.469,,,,,,,,,,,,,,
00:03:50.370,,,x2,x3,,,,,,,,,,
00:03:50.268,,,,,,,,,,,,,,
00:03:50.167,,,,,,,,,,,,,,
00:03:50.065,,,,,,,,,,,,,,
00:03:49.964,,x2,,,x3,,,,,,,,,
00:03:49.865,,,,,,,,,,,,,,
00:03:49.766,,,,,,,,,,,,,,
00:03:49.668,,,,,,,,,,,,,,
00:03:49.569,,x2,,,x3,,s,s,,s,,,,
00:03:49.481,,,,,,,,,,,,,,
00:03:49.393,,,x3,,,,,,,,,,,
00:03:49.304,,,,,,,,,,,,,,
00:03:49.216,,,,,,,,,,,,,,
00:03:49.119,,,,,,,,,,,,,,
00:03:49.022,,,x3,,,,,,,,,,,
00:03:48.925,,,,,,,,,,,,,,
00:03:48.828,,,,,,,,,,,,,,
00:03:48.726,,,,,,,,,,,,,,
00:03:48.624,,,,x3,,,,,,,,,,
00:03:48.522,,,,,,,,,,,,,,
00:03:48.420,,,,,,,,,,,,,,
00:03:48.320,,,,,,,,,,,,,,
00:03:48.221,,,,x3,,,,,,,,,,
00:03:48.121,,,,,,,,,,,,,,
00:03:48.021,,x3,,,,,,,,,,,,
00:03:47.924,,,,,,,,,,,,,,
00:03:47.826,,,,,,,,,,,,,,
00:03:47.729,,,,,,,,,,,,,,
00:03:47.631,,x3,,,,,,,,,,,,
00:03:47.539,,,,,,,,,,,,,,
00:03:47.447,,,,,,,,,,,,,,
00:03:47.355,,,,,,,e,,,e,,,,
00:03:47.263,,,,,l2,,,,,,,,,
00:03:47.170,,,,,,,,,,,,,,
00:03:47.076,,,x2,,,,,,,,,,,
00:03:46.982,,,,,,,,,,,,,,
00:03:46.889,,x2,,,,,,,,,,,,
00:03:46.793,,,,,,,,,,,,,,
00:03:46.697,,,,,,,,,,,,,,
00:03:46.600,,,,,,,,,,,,,,
00:03:46.504,*,r2,#,#,l2,*,s,,,s,,,,
00:03:46.405,,,,,,,,,,,,,,
00:03:46.306,,,,,,,,,,,,,,
00:03:46.206,,,,,,,,,,,,,,
00:03:46.107,,,,,,,,,,,,,,
00:03:46.007,,,,,,,,,,,,,,
00:03:45.906,,,,x3,,,,,,,,,,
00:03:45.806,,,,,,,e,,,e,,,,
00:03:45.706,x2,,,,,,,,,,,,,
00:03:45.609,,,,,,,,,,,,,,
00:03:45.512,,x2,,,,,,,,,,,,
00:03:45.415,,,,,,,,,,,,,,
00:03:45.319,x2,,,,,,,,,,,,,
00:03:45.220,,,,,,,,,,,,,,
00:03:45.122,,x2,,,,,,,,,,,,
00:03:45.024,,,,,,,,,,,,,,
00:03:44.925,x2,,,,,,s,,,s,,,,
00:03:44.826,,,,,,,,,,,,,,
00:03:44.726,,,,,,,,,,,,,,
00:03:44.626,,,,,,,,,,,,,,
00:03:44.526,,,,,,,,,,,,,,
00:03:44.425,,,,,,,,,,,,,,
00:03:44.324,,,,x3,,,,,,,,,,s
00:03:44.223,,,,,,,e,,,e,,,,
00:03:44.121,,,x2,,,,,,,,,,,
00:03:44.028,,,,,,,,,,,,,,
00:03:43.934,x2,,,,,,,,,,,,,
00:03:43.840,,,,,,,,,,,,,,
00:03:43.747,,,x2,,,,,,,,,,,
00:03:43.654,,,,,,,,,,,,,,
00:03:43.561,x2,,,,,,,,,,,,,
00:03:43.468,,,,,,,,,,,,,,
00:03:43.375,,,x2,,,,,,,,,,,
00:03:43.279,,,,,,,,,,,,,,
00:03:43.183,x2,,,,,,,,,,s,s,s,e
00:03:43.087,,,,,,,,e,,,,,,
00:03:42.990,,,x2,,,,,,,,e,,,
00:03:42.889,,,,,,,,,,,,,,
00:03:42.789,,,,,,,,,,,,,,
00:03:42.688,,,,,,,,,,,,,,
00:03:42.587,x2,,,,,,,,,,,,,
00:03:42.488,,,,,,,,,,,,,,
00:03:42.389,,,,,,,,,,,,,,
00:03:42.289,,,,,,,,,,,,,,
00:03:42.190,,,x2,,,,s,s,,s,,e,e,s
00:03:42.082,,,,,,,,,,,,,,
00:03:41.975,,@3,,,,,,,,,,,,
00:03:41.867,,,,,,,,,,,,,,
00:03:41.759,,,,,,,,,,,,,,
00:03:41.663,,,,,,,,,,,,,,
00:03:41.566,,$^3,,,,,,,,,,,,
00:03:41.470,,,,,,,,,,,,,,
00:03:41.373,,,,x3,,,,,,,,,,
00:03:41.277,,,,,,,,,,,,,,
00:03:41.182,,,,,,,,,,,,,,
00:03:41.086,,,,,,,e,,,e,,,,
00:03:40.990,,x2,,,x2,,,,,,,,,
00:03:40.895,,,,,,,,,,,,,,
00:03:40.800,x2,,,,,,,,,,,,,
00:03:40.705,,,,,,,,,,,,,,
00:03:40.610,,x2,,,,,,,,,,,,
00:03:40.514,,,,,,,,,,,,,,
00:03:40.419,,,x2,,,,,,,,,,,
00:03:40.323,,,,,,,,,,,,,,
00:03:40.227,x2,,,,,,,,,,,,,
00:03:40.127,,,,,,,,,,,,,,
00:03:40.027,,x2,,,,,,,,,s,s,s,e
00:03:39.926,,,,,,,,e,,,,,,
00:03:39.826,,,x2,,,,s,,,,e,,,
00:03:39.727,,,,,,,,,,,,,,
00:03:39.627,,,,,,,,,,,,,,
00:03:39.527,,,,,,,,,,,,,,
00:03:39.428,,,,,x3,,,,,,,,,
00:03:39.324,,,,,,,,,,,,,,
00:03:39.221,,,,,,,,,,,,,,
00:03:39.117,,,,,,,,,,,,,,
00:03:39.014,,,,x3,,,,s,,s,,e,e,s
00:03:38.908,,,,,,,,,,,,,,
00:03:38.803,@3,,,,,,,,,,,,,
00:03:38.697,,,,,,,,,,,,,,
00:03:38.591,,,,,,,,,,,,,,
00:03:38.493,,,,,,,,,,,,,,
00:03:38.395,$^3,,,,,,,,,,,,,
00:03:38.296,,,,,,,,,,,,,,
00:03:38.198,,,,,,,,,,,,,,
00:03:38.104,,,,,,,,,,,,,,
00:03:38.010,,,,x3,,,,,,,,,,
00:03:37.916,,,,,,,e,,,e,,,,
00:03:37.822,,,x2,,,,,,,,,,,
00:03:37.728,,,,,,,,,,,,,,
00:03:37.635,,x2,,,,,,,,,,,,
00:03:37.541,,,,,,,,,,,,,,
00:03:37.447,x2,,,,,,,,,,,,,
00:03:37.350,,,,,,,,,,,,,,
00:03:37.253,,,x2,,,,,,,,,,,
00:03:37.156,,,,,,,,,,,,,,
00:03:37.060,,x2,,,,,,,,,,,,
00:03:36.959,,,,,,,,,,,,,,
00:03:36.859,x2,,,,,,,,,,,,,
00:03:36.758,,,,,,,,,,,,,,
00:03:36.658,,,,,@3,,,,,,,,,
00:03:36.553,,,,,,,,,,,,,,
00:03:36.449,,,,,,,,,,,,,,
00:03:36.344,,,,,,,,,,,,,,
00:03:36.240,,x2,,,$^3,,s,,,,s,s,s,
00:03:36.141,,,,,,,,,,,,,,
00:03:36.041,,,,,,,,,,,,,,e
00:03:35.942,,,,,,,,e,,,,,,
00:03:35.842,,,,,x3,,,,,,,,,
00:03:35.745,,,,,,,,,,,,,,
00:03:35.648,,,,,,,,,,,,,,
00:03:35.551,,,,,,,,,,,,,,
00:03:35.454,,,,,x3,,,,,,,,,
00:03:35.347,,,,,,,,,,,,,,
00:03:35.241,,,,,,,,,,,,,,
00:03:35.135,,,,,,,,,,,,,,
00:03:35.029,#,l3,#,#,r3,#,,s,,,,,,
00:03:34.933,,,,,,,,,,,,,,
00:03:34.836,,,,,,,,,,,,,,
00:03:34.740,,,,,,,,,,,,,,
00:03:34.644,,x3,,,x3,,,,,,,,,
00:03:34.545,,,,,,,,,,,,,,
00:03:34.447,,,,,,,,,,,,,,
00:03:34.349,,,,,,,,,,,,,,
00:03:34.251,,,,,x3,,,,,,,,,
00:03:34.151,,,,,,,,,,,,,,
00:03:34.051,,,,,,,,,,,,,,
00:03:33.951,,,,,,,,,,,,,,
00:03:33.851,,,,,l3,,,,,,,,,s
00:03:33.750,,,,,,,,,,,,,,
00:03:33.649,,,,,,,,,,,,,,e
00:03:33.549,,,,,,,,,,,,,,
00:03:33.448,,x3,,,,,,,,,,,,
00:03:33.344,,,,,,,,,,,,,,
00:03:33.240,,,,,,,,,,,,,,
00:03:33.136,,,,,,,,,,,,,,
00:03:33.032,,r3,,,,,,,,,,,,s
00:03:32.935,,,,,,,,,,,,,,
00:03:32.837,,,,,,,,,,,,,,e
00:03:32.739,,,,,,,,,,,,,,
00:03:32.642,,,,,x3,,,,,,,,,
00:03:32.545,,,,,,,,,,,,,,
00:03:32.449,,,,,,,,,,,,,,
00:03:32.352,,,,,,,,,,,,,,
00:03:32.256,,,,,x3,,,,,,,,,s
00:03:32.159,,,,,,,,,,,,,,
00:03:32.062,,r3,,,l3,,,,,,,,,
00:03:31.965,,,,,,,,,,,,,,
00:03:31.868,,x3,,,,,,,,,,,,
00:03:31.771,,,,,,,,,,,,,,
00:03:31.674,,,,,,,,,,,,,,
00:03:31.577,,,,,,,,,,,,,,
00:03:31.480,,x3,,,,,,,,,,,,
00:03:31.382,,,,,,,,,,,,,,
00:03:31.284,,,,,,,,,,,,,,
00:03:31.186,,,,,,,,,,,,,,
00:03:31.088,,x3,,,x3,,,,,,,,,
00:03:30.989,,,,,,,,,,,,,,
00:03:30.890,,,,,,,,,,,,,,
00:03:30.791,,,,,,,,,,,,,,
00:03:30.692,,,,,x3,,,,,,,,,
00:03:30.592,,,,,,,,,,,,,,
00:03:30.492,,,,,,,,,,,,,,
00:03:30.392,,,,,,,,,,,,,,
00:03:30.292,,,,,x3,,,,,,e,e,e,e
00:03:30.191,,,,,,,,,,,,,,
00:03:30.091,,,,,,,,,,,,,,
00:03:29.991,,,,,,,e,e,,,,,,
00:03:29.890,*,r2,*,*,l2,*,,,,,,,,
00:03:29.790,,,,,,,,,,,,,,
00:03:29.690,,,,,,,,,,,,,,
00:03:29.590,,,,,,,,,,,,,,
00:03:29.490,,x2,,,x2,,,,,,,,,
00:03:29.390,,,,,,,,,,,,,,
00:03:29.290,,,,,,,,,,,,,,
00:03:29.190,,,,,,,,,,,,,,
00:03:29.089,,x2,,,x2,,,,,,,,,
00:03:28.989,,,,,,,,,,,,,,
00:03:28.889,,,,,,l2,,,,,,,,
00:03:28.788,,,,,,,,,,,,,,
00:03:28.688,,,,,x2,,,,,,,,,
00:03:28.588,,,,,,,,,,,,,,
00:03:28.487,,,,,,,,,,,,,,
00:03:28.387,,,,,,,,,,,,,,
00:03:28.286,,x2,,,,,,,,,,,,
00:03:28.186,,,,,,,,,,,,,,
00:03:28.085,x2,,,,,,,,,,,,,
00:03:27.984,,,,,,,,,,,,,,
00:03:27.884,,,,,,l2,,,,,,,,
00:03:27.784,,,,,,,,,,,,,,
00:03:27.684,,,,,,,,,,,,,,
00:03:27.584,,,,,,,,,,,,,,
00:03:27.484,,,,,x2,,,,,,,,,
00:03:27.385,,,,,,,,,,,,,,
00:03:27.286,,,,,,,,,,,,,,
00:03:27.188,,,,,,,,,,,,,,
00:03:27.089,,x2,,,,,,,,,,,,
00:03:26.992,,,,,,,,,,,,,,
00:03:26.894,,,,,,,,,,,,,,
00:03:26.797,,,,,,,,,,,,,,
00:03:26.699,x2,,,,,,,,,,,,,
00:03:26.602,,,,,,,,,,,,,,
00:03:26.505,,,,,,,,,,,,,,
00:03:26.408,,,,,,,,,,,,,,
00:03:26.311,,,,,,l2,,,,,,,,
00:03:26.213,,,,,,,,,,,,,,
00:03:26.116,,,,,x2,,,,,,,,,
00:03:26.018,,,,,,,,,,,,,,
00:03:25.920,,x2,,,,,,,,,,,,
00:03:25.822,,,,,,,,,,,,,,
00:03:25.723,,,,,,,,,,,,,,
00:03:25.625,,,,,,,,,,,,,,
00:03:25.527,x2,,,,,,,,,,,,,
00:03:25.428,,,,,,,,,,,,,,
00:03:25.329,,,,,,,,,,,,,,
00:03:25.230,,,,,,,,,,,,,,
00:03:25.131,,,,,,l2,,,,,,,,
00:03:25.032,,,,,,,,,,,,,,
00:03:24.933,,,,,x2,,,,,,,,,
00:03:24.834,,,,,,,,,,,,,,
00:03:24.735,,x2,,,,,,,,,,,,
00:03:24.635,,,,,,,,,,,,,,
00:03:24.536,,,,,,,,,,,,,,
00:03:24.436,,,,,,,,,,,,,,
00:03:24.337,x2,,,,,,s,s,,,s,s,s,
00:03:24.237,,,,,,,,,,,,,,
00:03:24.137,,,,,,,,,,,,,,
00:03:24.037,,,,,,,,,,,,,,
00:03:23.937,,,,,l3,,,,,,,,,
00:03:23.838,,,,,,,,,,,,,,
00:03:23.739,,,,,,,,,,,,,,
00:03:23.639,,,,,,,,,,,,,,
00:03:23.540,,,,,,r3,,,,,,,,
00:03:23.441,,,,,,,,,,,,,,
00:03:23.342,,,,,,,,,,,,,,
00:03:23.243,,,,,,,,,,,,,,
00:03:23.144,,,,,l3,,,,,,,,,
00:03:23.044,,,,,,,,,,,,,,
00:03:22.944,,,,,,,,,,,,,,
00:03:22.844,,,,,,,,,,,,,,
00:03:22.744,,,,,,r3,,,,,,,,
00:03:22.644,,,,,,,,,,,,,,
00:03:22.543,,,,,,,,,,,,,,
00:03:22.442,,,,,,,,,,,,,,
00:03:22.342,x3,,,,,,,,,,,,,
00:03:22.240,,,,,,,,,,,,,,
00:03:22.139,,,,,,,,,,,,,,
00:03:22.038,,,,,,,,,,,,,,
00:03:21.936,x3,,,,,,,,,,,,,
00:03:21.834,,,,,,,,,,,,,,
00:03:21.732,,,,,,,,,,,,,,
00:03:21.630,,,,,,,,,,,,,,
00:03:21.527,,x3,,,,,,,,,,,,
00:03:21.430,,,,,,,,,,,,,,
00:03:21.332,,,,,,,,,,,,,,
00:03:21.234,,,,,,,,,,,,,,
00:03:21.137,,x3,,,,,,,,s,,,,s
00:03:21.034,,,,,,,,,,,,,,
00:03:20.932,,,,,x3,,,,,,,,,e
00:03:20.830,,,,,,,,,,,,,,
00:03:20.728,,,,,,,,,,,,,,
00:03:20.623,,,,,,,,,,,,,,
00:03:20.519,,,,,x3,,,,,,,,,
00:03:20.415,,,,,,,,,,,,,,
00:03:20.311,,,,,,,,,,,,,,
00:03:20.219,,,,,,,,,,,,,,
00:03:20.126,,,,,,x3,,,,,,,,
00:03:20.034,,,,,,,,,,,,,,
00:03:19.942,,,,,,,,,,,,,,
00:03:19.849,,,,,,,,,,,,,,
00:03:19.756,,,,,,x3,,,,,,,,
00:03:19.663,,,,,,,,,,,,,,
00:03:19.570,,,,,x3,,,,,,,,,
00:03:19.479,,,,,,,,,,,,,,
00:03:19.388,,,,,,,,,,,,,,
00:03:19.297,,,,,,,,,,,,,,
00:03:19.206,,,,,x3,,,,,,,,,
00:03:19.113,,,,,,,,,,,,,,
00:03:19.020,,x3,,,,,,,,,e,,,
00:03:18.926,,,,,,,,,,e,,,,
00:03:18.833,,x3,,,,,,,,,,,,
00:03:18.742,,,,,,,,,,,,,,
00:03:18.650,,,,,,,,,,,,,,
00:03:18.559,,,,,,,,,,,,,,
00:03:18.467,x3,,,,,,,,,,,,,
00:03:18.378,,,,,,,,,,,,,,
00:03:18.289,,,,,,,,,,,,,,
00:03:18.200,,,,,,,,,,,,,,
00:03:18.110,x3,,,,,,,,,,,,,
00:03:18.021,,,,,,,,,,,,,,
00:03:17.931,,,,,,,,,,,,,,
00:03:17.841,,,,,,,,,,,,,,
00:03:17.751,,x3,,,,,,,,s,s,,,
00:03:17.655,,,,,,,,,,,,,,
00:03:17.558,,x3,,,,,,,,,,,,
00:03:17.461,,,,,,,,,,,,,,
00:03:17.365,,,,,x3,,,,,,,,,
00:03:17.268,,,,,,,,,,,,,,
00:03:17.171,,,,,,,,,,,e,,,
00:03:17.074,,,,,,,,,,,,,,
00:03:16.978,,,,,x3,,,,,,,,,s
00:03:16.878,,,,,,,,,,,,,,
00:03:16.779,,,,,,,,,,,,,,
00:03:16.680,,,,,,,,,,,,,,
00:03:16.581,,,,,,x3,,,,,,,,e
00:03:16.482,,,,,,,,,,,,,,
00:03:16.383,,,,,,,,,,,,,,
00:03:16.284,,,,,,,,,,,,,,
00:03:16.185,,,,,,x3,,,,,s,,,
00:03:16.085,,,,,,,,,,,,,,
00:03:15.985,,,,,x3,,,,,,,,,
00:03:15.884,,,,,,,,,,,,,,
00:03:15.784,,,,,x3,,,,,,,,,
00:03:15.684,,,,,,,,,,,,,,
00:03:15.584,,,,,,,,,,,e,,,
00:03:15.484,,,,,,,,,,,,,,
00:03:15.384,r3,,,,,,,,,,,,,s
00:03:15.289,,,,,,,,,,,,,,
00:03:15.193,,,,,,,,,,,,,,
00:03:15.098,,,,,,,,,,,,,,
00:03:15.002,x3,,,,,,,,,,,,,
00:03:14.909,,,,,,,,,,,,,,
00:03:14.815,,,,,,,,,,,,,,
00:03:14.721,,,,,,,,,,,,,,
00:03:14.627,,l3,,,,,,,,,,,,
00:03:14.529,,,,,,,,,,,,,,
00:03:14.430,,,,,,,,,,,,e,e,
00:03:14.332,,,,,,,e,e,,e,,,,
00:03:14.234,,x3,,,,,,,,,,,,
00:03:14.133,,,,,,,,,,,,,,
00:03:14.033,,,,,,,,,,,,,,
00:03:13.933,,,,,,,,,,,,,,
00:03:13.833,r3,,,,,,,,,,,,,
00:03:13.735,,,,,,,,,,,,,,
00:03:13.637,,,,,,,,,,,,,,
00:03:13.538,,,,,,,,,,,,,,
00:03:13.440,x3,,,,,,,,,,,,,
00:03:13.340,,,,,,,,,,,,,,
00:03:13.240,,,,,,,,,,,,,,
00:03:13.140,,,,,,,,,,,,,,
00:03:13.040,,,,,l3,,,,,,,,,
00:03:12.940,,,,,,,,,,,,,,
00:03:12.840,,,,,,,,,,,,,,
00:03:12.740,,,,,,,,,,,,,,
00:03:12.640,,,,,x3,,,,,,,,,
00:03:12.540,,,,,,,,,,,,,,
00:03:12.440,,,,,,,,,,,,,,
00:03:12.340,,,,,,,,,,,,,,
00:03:12.240,,r3,,,,,,,,,,,,
00:03:12.141,,,,,,,,,,,,,,
00:03:12.042,,,,,,,,,,,,,,
00:03:11.942,,,,,,,,,,,,,,
00:03:11.843,,x3,,,,,,,,,,,,
00:03:11.746,,,,,,,,,,,,,,
00:03:11.648,,,,,,,,,,,,,,
00:03:11.551,,,,,,,,,,,,,,
00:03:11.453,,,,,l3,,,,,,,,,
00:03:11.352,,,,,,,,,,,,,,
00:03:11.250,,,,,,,,,,,,,,
00:03:11.149,,,,,,,,,,,,,,
00:03:11.047,,,,,x3,,s,s,,,,,,
00:03:10.945,,,,,,,,,,,,,,
00:03:10.842,,,,,,,,,,,,,,
00:03:10.740,,,,,,,,,,,,,,
00:03:10.637,,x3,,,x3,,,,,,,,,
00:03:10.541,,,,,,,,,,,,,,
00:03:10.445,,,,,,,,,,,,,,
00:03:10.349,,,,,,,,,,,,,,
00:03:10.253,,x3,,,,,,,,,,,,
00:03:10.156,,,,,,,,,,,,,,
00:03:10.060,,,,,,,,,,,,,,
00:03:09.963,,,,,,,,,,,,,,
00:03:09.867,,x3,,,x3,,,,,,,,,
00:03:09.769,,,,,,,,,,,,,,
00:03:09.672,,,,,,,,,,,,,,
00:03:09.574,,,,,,,,,,,,,,
00:03:09.476,,,,,x3,,,,,,,,,
00:03:09.379,,,,,,,,,,,,,,
00:03:09.282,,,,,,,,,,,,,,
00:03:09.184,,,,,,,,,,,,,,
00:03:09.087,,x3,,,x3,,,,,,,,,
00:03:08.986,,,,,,,,,,,,,,
00:03:08.886,,,,,,,,,,,,,,
00:03:08.786,,,,,,,,,,,,,,
00:03:08.686,,x3,,,,,,,,,,,,
00:03:08.586,,,,,,,,,,,,,,
00:03:08.486,,,,,,,,,,,,,,
00:03:08.385,,,,,,,,,,,,,,
00:03:08.285,x3,,,,,x3,,,,,,,,
00:03:08.184,,,,,,,,,,,,,,
00:03:08.083,,,,,,,,,,,,,,
00:03:07.982,,,,,,,,,,,,,,
00:03:07.880,,,,,,x3,,,,,,,,
00:03:07.780,,,,,,,,,,,,,,
00:03:07.679,,,,,,,,,,,,,,
00:03:07.578,,,,,,,,,,,,,,
00:03:07.478,x3,,,,,x3,,,,,s,s,s,
00:03:07.378,,,,,,,,,,,,,,e
00:03:07.277,,,,,,,,,,,,,,
00:03:07.177,,,,,,,,,,,,,,
00:03:07.077,x3,,,,,,,,,,,,,
00:03:06.977,,,,,,,,,,,,,,
00:03:06.876,,,,,,,,,,,,,,
00:03:06.776,,,,,,,,,,,,,,
00:03:06.676,x3,,,,,x3,,,,,,,,
00:03:06.575,,,,,,,,,,,,,,
00:03:06.474,,,,,,,,,,,,,,
00:03:06.372,,,,,,,,,,,,,,
00:03:06.271,,,,,,x3,,,,,,,,
00:03:06.171,,,,,,,,,,,,,,
00:03:06.071,,,,,,,,,,,,,,
00:03:05.972,,,,,,,,,,,,,,
00:03:05.872,x3,,,,,x3,,,,,,,,
00:03:05.772,,,,,,,,,,,,,,
00:03:05.671,,,,,,,,,,,,,,
00:03:05.571,,,,,,,,,,,,,,
00:03:05.471,x3,,,,,,,,,,,,,
00:03:05.370,,,,,,,,,,,,,,
00:03:05.268,,,,,,,,,,,,,,
00:03:05.166,,,,,,,,,,,,,,
00:03:05.065,x3,,,,,x3,,,,,,,,
00:03:04.959,,,,,,,,,,,,,,
00:03:04.853,,,,,,,,,,,,,,
00:03:04.747,,,,,,,,,,,,,,
00:03:04.641,,,,,,x3,,,,,,,,s
00:03:04.534,,,,,,,,,,,,,,
00:03:04.428,,,,,,,,,,,,,,
00:03:04.321,,,,,,,,,,,,,,
00:03:04.215,,x3,,,x3,,,,,,,,,
00:03:04.109,,,,,,,,,,,,,,
00:03:04.004,,,,,,,,,,,,,,
00:03:03.898,,,,,,,,,,,,,,
00:03:03.792,,x3,,,,,,,,,,,,
00:03:03.689,,,,,,,,,,,,,,
00:03:03.586,,,,,,,,,,,,,,
00:03:03.484,,,,,,,,,,,,,,
00:03:03.381,,x3,,,x3,,,,,,,,,
00:03:03.277,,,,,,,,,,,,,,
00:03:03.173,,,,,,,,,,,,,,
00:03:03.069,,,,,,,,,,,,,,
00:03:02.965,,,,,x3,,,,,,,,,
00:03:02.860,,,,,,,,,,,,,,
00:03:02.754,,,,,,,,,,,,,,
00:03:02.649,,,,,,,,,,,,,,
00:03:02.544,,x3,,,x3,,,,,,,,,
00:03:02.442,,,,,,,,,,,,,,
00:03:02.340,,,,,,,,,,,,,,
00:03:02.238,,,,,,,,,,,,,,
00:03:02.137,,x3,,,,,,,,,,,,
00:03:02.031,,,,,,,,,,,,,,
00:03:01.926,,,,,,,,,,,,,,
00:03:01.821,,,,,,,,,,,,,,
00:03:01.716,,x3,,,x3,,,,,,,,,
00:03:01.604,,,,,,,,,,,,,,
00:03:01.493,,,,,,,,,,,,,,
00:03:01.382,,,,,,,e,e,e,,,,,
00:03:01.271,,,,,x3,,,,,,,,,
00:03:01.174,,,,,,,,,,,,,,
00:03:01.077,,,,,,,,,,,,,,
00:03:00.883,,,,,,,,,,,,,,
00:03:00.688,#,r1,*,*,l1,#,,,,,,,,
00:03:00.494,,,,,,,,,,,,,,
00:03:00.286,,,,,,,,,,,,,,
00:03:00.078,,,,@1,,,,,,,,,,
00:02:59.766,,,,,,,,,,,,,,
00:02:59.870,,,,$^1,,,,,,,,,,
00:02:59.731,,,,,,,,,,,,,,
00:02:59.662,x1,,,,,,,,,,,,,
00:02:59.562,,,,,,,,,,,,,,
00:02:59.528,,,,,,,,,,,,,,
00:02:59.462,,,,,,,,,,,,,,
00:02:59.395,,,,,,,,,,,,,,
00:02:59.262,,x1,,,,,,,,,,,,
00:02:59.128,,,,,,,,,,,,,,
00:02:59.062,,,,,,,,,,,,,,
00:02:58.862,,,@1,@1,,,,,,,,,,
00:02:58.643,,,,,,,,,,,,,,
00:02:58.424,,,,,,,,,,,,,,
00:02:58.205,,,,,,,,,,,,,,
00:02:57.987,,,$^1,$^1,,,,,,,,,,
00:02:57.780,,,,,,,,,,,,,,
00:02:57.573,,@1,,,,,,,,,,,,
00:02:57.367,,,,,,,,,,,,,,
00:02:57.160,,$^1,,,,,,,,,,,,
00:02:56.952,,,,,,,,,,,,,,
00:02:56.743,,,@1,@1,,,,,,,,,,
00:02:56.534,,,,,,,,,,,,,,
00:02:56.326,,,$^1,$^1,,,,,,,,,,
00:02:56.116,,,,,,,,,,,,,,
00:02:55.906,,x1,,,,,,,,,,,,
00:02:55.696,,,,,,,,,,,,,,
00:02:55.486,,,@1,@1,,,,,,,,,,
00:02:55.279,,,,,,,,,,,,,,
00:02:55.072,,,,,,,,,,,,,,
00:02:54.865,,,,,,,,,,,,,,
00:02:54.658,,,$^1,$^1,,,,,,,,,,
00:02:54.448,,,,,,,,,,,,,,
00:02:54.238,,x1,,,,,,,,,,,,
00:02:54.028,,,,,,,,,,,,,,
00:02:53.818,,,x1,x1,,,,,,,,,,
00:02:53.610,,,,,,,,,,,,,,
00:02:53.402,,x1,,,,,,,,,,,,
00:02:53.194,,,,,,,,,,,,,,
00:02:52.986,,,x1,x1,,,,,,,,,,
00:02:52.774,,,,,,,,,,,,,,
00:02:52.562,,x1,,,,,,s,,,,,,
00:02:52.351,,,,,,,,,,,,,,
00:02:52.139,,,@1,,,@1,,,,,,,,
00:02:51.924,,,,,,,,,,,,,,
00:02:51.708,,,,,,,,,,,,,,
00:02:51.493,,,,,,,,e,,,,,,
00:02:51.277,,,,,,,,,,,,,,
00:02:51.070,,,,,,,,,,,,,,
00:02:51.001,,,$^1,,,$^1,,,,,,,,
00:02:50.863,,,,,,,,s,,,,,,
00:02:50.725,,,,,,,,,,,,,,
00:02:50.656,,,,,,,,,,,,,,
00:02:50.586,,>1,@1,@1,<1,,,,,,,,,
00:02:50.448,,,,,,,,,,,,,,
00:02:50.309,,,,,,,,,,,,,,
00:02:50.239,,,,,,,,,,,,,,
00:02:50.170,,,,,,,,,,,,,,
00:02:50.031,,^1,<1,>1,^1,,,,,,,,,
00:02:49.891,,,,,,,,,,,,,,
00:02:49.822,,,,,,,,e,,,,,,
00:02:49.752,,,,,,,,,,,,,,
00:02:49.613,,,,,,,,,,,,,,
00:02:49.399,,,,,,,,,,,,,,
00:02:49.328,,,,,,,,,,,,,,
00:02:49.186,,,$^1,$^1,,,,s,,,,,,
00:02:49.044,,,,,,,,,,,,,,
00:02:48.973,,,,,,,,,,,,,,
00:02:48.902,,,,,,,,,,,,,,
00:02:48.760,,,x1,,,,,,,,,,,
00:02:48.618,,,,,,,,,,,,,,
00:02:48.547,,,,,,,,,,,,,,
00:02:48.476,,,x1,x1,,,,,,,,,,
00:02:48.335,,,,,,,,,,,,,,
00:02:48.122,,,x1,,,,,e,,,,,,
00:02:47.910,,,,,,,,,,,,,,
00:02:47.696,,,,,@1,,,,,,,,,
00:02:47.481,,,,,,,,,,,,,,
00:02:47.267,,,,,,,,,,,,,,
00:02:47.052,,,,,,,,,,,,,,
00:02:46.849,,,,,,,,,,,,,,
00:02:46.781,,,,,$^1,,,,,,,,,
00:02:46.646,,x1,,,,,,,,,,,,
00:02:46.510,,,,,,,,,,,,,,
00:02:46.442,,,,,,,,,,,,,,
00:02:46.374,,,x1,,,,,,,,,,,
00:02:46.239,,,,,,,,,,,,,,
00:02:46.099,,,,,,l1,,,,,,,,
00:02:46.029,,,,,,,,,,,,,,
00:02:45.959,,,,,,,,,,,,,,
00:02:45.820,,,,,x1,,,,,,,,,
00:02:45.680,,,,,,,,,,,,,,
00:02:45.610,,,,,,,,,,,,,,
00:02:45.540,,,,x1,,,,,,,,,,
00:02:45.400,,,,,,,,,,,,,,
00:02:45.258,,,l1,,,,,,,,,,,
00:02:45.187,,,,,,,,,,,,,,
00:02:45.116,,,,,,,,,,,,,,
00:02:44.974,,x1,,,,,,,,,,,,
00:02:44.761,,,,,,,,,,,,,,
00:02:44.549,x1,,,,,,,,,,,,,
00:02:44.339,,,,,,,,,,,,,,
00:02:44.129,,,,@1,,,,,,,,,,
00:02:43.920,,,,,,,,,,,,,,
00:02:43.710,,,,$^1,,,,,,,,,,
00:02:43.499,,,,,,,,,,,,,,
00:02:43.429,,,,,,,,,,,,,,
00:02:43.288,,l1,,,,,,,,,,,,
00:02:43.147,,,,,,,,,,,,,,
00:02:43.076,,,,,,,,,,,,,,
00:02:42.971,r1,,,,,,,,,,,,,
00:02:42.865,,,,,,,,,,,,,,
00:02:42.661,,x1,,,,,,,,,,,,
00:02:42.456,,,,,,,,s,,,,,,
00:02:42.252,,,@1,,,,,,,,,,,
00:02:42.047,,,,,,,,,,,,,,
00:02:41.834,,,,,,,,,,,,,,
00:02:41.621,,,,,,,,,,,,,,
00:02:41.408,,,,,,,,e,,,,,,
00:02:41.195,,,$^1,,,,,s,,,e,,e,
00:02:40.983,,,,,,,,,,,,,,
00:02:40.771,,x1,,,@3,,,,,,,,,
00:02:40.559,,,,,,,,,,,,,,
00:02:40.347,,,x1,,,,,,,,,,,
00:02:40.139,,,,,,,,,,,,,,
00:02:39.932,,x1,,,,,,,,,,,,
00:02:39.725,,,,,,,,e,,,,,,
00:02:39.518,,,x1,,,,,,,,,,,
00:02:39.307,,,,,,,,s,,,,,,
00:02:39.096,,@1,,,,,,,,,,,,
00:02:38.886,,,,,,,,,,,,,,
00:02:38.675,,,,,,,,,,,,,,
00:02:38.463,,,,,,,,,,,,,,
00:02:38.252,,,,,,,,,,,,,,
00:02:38.040,,,,,,,,e,,,,,,
00:02:37.829,,$^1,,,,,,s,,,,,,
00:02:37.619,,,,,,,,,,,,,,
00:02:37.410,,,x1,,,,,,,,,,,
00:02:37.200,,,,,,,,,,,,,,
00:02:36.990,,@1,,,$^3,,,,,,,,,
00:02:36.773,,,,,,,,,,,,,,
00:02:36.556,,,,,,,,,,,,,,
00:02:36.339,,,,,,,,e,,,,,,
00:02:36.121,,$^1,,,,,,s,,,,,,e
00:02:35.981,,,,,,,,,,,,,,
00:02:35.911,,,,,,,,,,,,,,
00:02:35.841,,,,,,,,,,,,,,
00:02:35.701,,,x1,@3,,,,,,,,,,
00:02:35.492,,,,,,,,,,,,,,
00:02:35.282,x1,,,,,,,,,,,,,
00:02:35.070,,,,,,,,,,,,,,
00:02:34.858,,@1,,,,,,,,,,,,
00:02:34.646,,,,,,,,e,,,,,,
00:02:34.434,,$^1,,,,,,,,,s,,s,
00:02:34.229,,,x1,$^3,,,,,,,e,,e,
00:02:34.126,,,,,,,,,,,,,,
00:02:34.023,,,,x3,,,,,,,,,,
00:02:33.818,,@1,,,,,,,,,,,,
00:02:33.612,,,,,x3,,,,,,s,,s,
00:02:33.407,,,,,,,,,,,e,,e,
00:02:33.203,,,,x3,,,,,,,,,,
00:02:32.998,,,,,,,,,,,,,,
00:02:32.793,,$^1,,,x3,,,,,,s,,s,
00:02:32.588,,,,,,,,,,,e,,e,
00:02:32.382,,,,x3,,,,,,,,,,
00:02:32.176,@1,,,,,,,,,,,,,
00:02:31.971,,,,,,x3,,,,,s,,s,
00:02:31.761,,,,,,,,,,,e,,e,
00:02:31.551,,,,,x3,,,,,,,,,
00:02:31.341,,,,,,,,,,,,,,
00:02:31.131,$^1,,,x3,,,,,,,s,,s,
00:02:30.922,,,,,,,,,,,,,,s
00:02:30.712,,@1,,,,,,,,,e,,,
00:02:30.502,,,,,@3,,,,,,,,,e
00:02:30.293,,$^1,,,,,,,,,,,,
00:02:30.087,,,,,,,,,,,,,,
00:02:29.882,,,@1,,,,,,,,,,,
00:02:29.677,,,,,,,,,,,,,,
00:02:29.471,,,$^1,,,,,,,,,,,
00:02:29.261,,,,,,,,,,,,,,
00:02:29.191,,,,,$^3,,,,,,,,,
00:02:29.051,,,,,,,,s,,,,,,
00:02:28.910,,,,x3,,,,,,,,,,
00:02:28.840,,,,,,,,,,,,,,
00:02:28.630,@1,,,,,x3,,,,,,,,
00:02:28.419,,,,,,,,,,,,,,
00:02:28.209,,,,,,,,,,,,,,
00:02:27.998,,,,,,,,e,,,,,,
00:02:27.787,$^1,,,,,x3,,s,,,s,,,s
00:02:27.579,,,,,,,,,,,e,,,
00:02:27.371,,@1,,,@3,,,,,,,,,e
00:02:27.163,,,,,,,,,,,,,,
00:02:26.955,,$^1,,,$^3,,,,,,,,,
00:02:26.740,,,,,,,,,,,,,,
00:02:26.526,,,@1,@3,,,,,,,,,,
00:02:26.312,,,,,,,,,,,,,,
00:02:26.098,,,$^1,$^3,,,,,,,,,,
00:02:25.890,,,,,,,,,,,,,,
00:02:25.682,@1,,,x3,,,,,,,,,,
00:02:25.473,,,,,,,,,,,,,,
00:02:25.265,,,,,,x3,,,,,,,,
00:02:25.049,,,,,,,,,,,,,,
00:02:24.833,,,,x3,,,,,,,,,,
00:02:24.617,,,,,,,,e,,,,,,
00:02:24.402,$^1,,,,,x3,,,,,,,,
00:02:24.186,,,,,,,,,,,,,,
00:02:23.970,,@1,,,x3,,,,,,,,,
00:02:23.754,,,,,,,,,,,,,,
00:02:23.538,,$^1,,,x3,,,s,s,,,,,
00:02:23.328,,,,,,,,,,,,,,
00:02:23.118,,,@1,@3,,,,,,,,,,
00:02:22.908,,,,,,,,,,,,,,
00:02:22.698,,,,,,,,,,,,,,
00:02:22.489,,,,,,,,,,,,,,
00:02:22.280,,,,,,,,,,,,,,
00:02:22.071,,,,,,,,,,,,,,
00:02:21.862,,,,,,,,,,,,,,
00:02:21.646,,,,,,,,,,,,,,
00:02:21.430,,,,,,,,,,,,,,
00:02:21.214,,,,$^3,,,,e,e,,,,,
00:02:20.998,,,$^1,,,,,,,,s,,,s
00:02:20.788,,,,,,,,,,,,,,
00:02:20.578,,@1,,,,,,,,,,,,
00:02:20.368,,,,,,,,,,,,,,
00:02:20.158,,$^1,,,,,,,,,,,,
00:02:19.947,,,,,@3,,,,,,,,,e
00:02:19.736,,,@1,,,,,,,,,,,
00:02:19.525,,,,,,,,,,,,,,
00:02:19.314,,,$^1,,,,,s,s,,,,,
00:02:19.106,,,,,,,,,,,,,,
00:02:18.898,@1,,,,,,,,,,,,,
00:02:18.689,,,,,,,,,,,,,,
00:02:18.481,,,,,,,,,,,,,,
00:02:18.266,,,,,$^3,,,,,,,,,
00:02:18.052,,,,,,,,,,,,,,
00:02:17.837,,,,,,,,e,e,,,,,
00:02:17.623,$^1,,,@3,,,,,s,,,,,
00:02:17.416,,,,,,,,,,,,,,
00:02:17.208,,,,,,,,,,,,,,
00:02:17.001,,,,,,,,,,,,,,
00:02:16.794,,,,$^3,,,,,,,,,,
00:02:16.580,,,,,,,,,,,,,,
00:02:16.508,,,,,,,,,,,,,,
00:02:16.365,,,,,@3,,,,,,,,,
00:02:16.151,,,,,,,,,,,,,,
00:02:15.936,,,,,,,,s,,,,,,
00:02:15.730,,,,,$^3,,,,,,,,,
00:02:15.523,,,,,,,,,,,,,,
00:02:15.317,,,,,,,,,,,,,,
00:02:15.110,,,,x3,,,,,,,,,,
00:02:14.895,,,,,,,,,,,,,,
00:02:14.680,,,,,@3,,,,,,,,,
00:02:14.465,,,,,,,,e,,,,,,
00:02:14.249,,,,,$^3,,,s,,,,,,
00:02:14.039,,,,,,,,,,,,,,
00:02:13.829,,,,,,x3,,,,,,,,s
00:02:13.619,,,,,,,,,e,,,,,
00:02:13.409,,,,,,,,,,,,,,
00:02:13.203,,,,,@3,,,,,,,,,e
00:02:12.997,,,,,,,,,,,,,,
00:02:12.790,,,,,,,,,,,,,,
00:02:12.584,,,,,,,,,s,,,,,
00:02:12.378,,,,,,,,,,,,,,
00:02:12.172,,,,,,,,,,,,,,
00:02:11.967,,,,,,,,,,,,,,
00:02:11.761,,,,,$^3,,,,,,,,,
00:02:11.550,,,,,,,,,,,,,,
00:02:11.339,,,,@3,,,,,,,,,,
00:02:11.128,,,,,,,,e,,,,,,
00:02:10.917,,,,$^3,,,,s,,,,,,
00:02:10.706,,,,,,,,,,,,,,
00:02:10.495,,,,,,,,,,,,,,s
00:02:10.284,,,,,,,,,e,,,,,
00:02:10.073,,,,,,,,,,,,,,
00:02:09.862,,,,,,,,,,,,,,
00:02:09.652,,,,,,,,,,,,,,e
00:02:09.442,,,,x3,,,,,,,,,,
00:02:09.231,,,,,,,,,s,,,,,
00:02:09.019,,,,,x3,,,,,,,,,
00:02:08.807,,,,,,,,,,,,,,
00:02:08.594,,,,,,,,,,,,,,
00:02:08.382,,,,@3,,,,,,,,,,
00:02:08.176,,,,,,,,,,,,,,
00:02:07.970,,,,,,,,,,,,,,
00:02:07.764,,,,$^3,,,,e,,,,,,
00:02:07.558,,,,,,,,s,,,,,,s
00:02:07.346,,,,,,,,,,,,,,
00:02:07.135,,,,,,,,,,,,,,
00:02:06.924,,,,,,,,,,,,,,
00:02:06.713,,,,@3,,,,,,,,,,e
00:02:06.505,,,,,,,,,,,,,,
00:02:06.298,,,,,,,,,,,,,,
00:02:06.090,,,,,,,,e,,,,,,
00:02:05.882,,,,,,,,s,,,,,,
00:02:05.674,,,,,,,,,,,,,,
00:02:05.466,,,,,,,,,,,,,,
00:02:05.327,,,,$^3,,,,,,,,,,
00:02:05.258,,,,,,,,,,,,,,
00:02:05.050,,,,,,,,,,,,,,
00:02:04.840,,,,,,,,,,,,,,
00:02:04.631,,,,x3,,,,,,,,,,
00:02:04.421,,,,,,,,e,,,,,,
00:02:04.212,,,,,,,,s,,,,,,
00:02:04.072,,,,,x3,,,,,,,,,
00:02:04.003,,,,,,,,,,,,,,
00:02:03.793,,,,,,,,,,,,,,
00:02:03.654,,,,x3,,,,,,,,,,
00:02:03.584,,,,,,,,,e,,,,,
00:02:03.374,,,,,x3,,,,,,,,,s
00:02:03.168,,,,,,,,,,,,,,
00:02:02.962,,@3,,,,,,,,,,,,
00:02:02.755,,,,,,,,,,,,,,e
00:02:02.549,,,,,,,,,s,,,,,
00:02:02.340,,,,,,,,,,,,,,
00:02:02.271,,$^3,,,,,,,,,,,,
00:02:02.132,,,,,,,,,,,,,,
00:02:01.923,,,,,,,,,,,,,,
00:02:01.854,,,,,x3,,,,,,,,,
00:02:01.714,,,,,,,,,,,,,,
00:02:01.502,,,,x3,,,,,,,,,,
00:02:01.289,,,,,,,,,,,,,,
00:02:01.076,,,,,,,,e,,,,,,
00:02:00.863,,,,,x3,,,s,,,,,,
00:02:00.651,,,,,,,,,,,,,,
00:02:00.438,,,,x3,,,,,,,,,,s
00:02:00.226,,,,,,,,,e,,,,,
00:02:00.013,,,,,x3,,,,,,,,,
00:01:59.806,,,,,,,,,,,,,,
00:01:59.598,,,,,,,,,,,,,,
00:01:59.390,,,,,,,,,,,,,,
00:01:59.182,,@3,,,,,,,s,,,,,e
00:01:58.973,,,,,,,,,,,,,,
00:01:58.764,,,,,,,,,,,,,,
00:01:58.555,,,,,,,,,,,,,,
00:01:58.346,,,,,,,,,,,,,,
00:01:58.133,,$^3,,,,,,,,,,,,
00:01:57.921,,,,x3,,,,,,,,,,
00:01:57.709,,,,,,,,e,,,,,,
00:01:57.497,,,,x3,,,,s,,,,,,
00:01:57.282,,,,,,,,,,,,,,
00:01:57.068,,,,,x3,,,,,,,,,s
00:01:56.853,,,,,,,,,e,,,,,
00:01:56.638,,,,x3,,,,,,,,,,
00:01:56.429,,,,,,,,,,,,,,
00:01:56.219,,,,,,,,,,,,,,
00:01:56.009,,,,,,,,,,,,,,
00:01:55.800,,,,x3,,,,,s,,,,,
00:01:55.586,,,,,,,,,,,,,,e
00:01:55.515,,@3,,,,,,,,,,,,
00:01:55.372,,,,,,,,,,,,,,
00:01:55.159,,,,,,,,,,,,,,
00:01:54.945,,,,,,,,,,,,,,
00:01:54.732,,,,,,,,,,,,,,
00:01:54.518,,,,,,,,,,,,,,
00:01:54.376,,$^3,,,,,,,,,,,,
00:01:54.305,,,,,,,,e,,,,,,
00:01:54.092,,,,,x3,,s,s,,,,,,s
00:01:53.875,,,,,,,,,,,,,,
00:01:53.659,,,,,,x3,,,,,,,,
00:01:53.443,,,,,,,,,e,,,,,
00:01:53.227,,,,,x3,,,,,,,,,
00:01:53.013,,,,,,,,,,,,,,
00:01:52.799,,,,,,,,,,,,,,
00:01:52.585,,,,,,,,,,,,,,
00:01:52.371,,,,,,x3,,,s,,,,,
00:01:52.159,,,,,,,,,,,,,,
00:01:51.948,,,,,,,,,,,,,,
00:01:51.736,,,,,,,,,,,,,,
00:01:51.525,,,,,x3,,,,,,,,,
00:01:51.315,,,,,,,,,,,,,,
00:01:51.106,,,,,,,,,,,,,,
00:01:50.896,,,,,,,,e,,,,,,
00:01:50.687,,,,,,x3,,s,,,,,,
00:01:50.478,,,,,,,,,,,,,,
00:01:50.268,,,,,x3,,,,,,,,,
00:01:50.059,,,,,,,,,e,,,,,
00:01:49.850,,,,x3,,,,,,,,,,
00:01:49.638,,,,,,,,,,,,,,
00:01:49.427,,,,,,,,,,,,,,
00:01:49.216,,,,,,,,,,,,,,
00:01:49.005,,,,,x3,,,,s,,,,,
00:01:48.791,,,,,,,,,,,,,,
00:01:48.578,,,,,,,,,,,,,,
00:01:48.365,,,,,,,,,,,,,,
00:01:48.151,,,,x3,,,,,,,,,,
00:01:47.937,,,,,,,,,,,,,,
00:01:47.723,,,,,,,,,,,,,,
00:01:47.509,,,,,,,,e,,,,,,
00:01:47.294,,,,,x3,,,s,,,,,,
00:01:47.064,,,,,,,,,,,,,,
00:01:46.834,,,,,,,,,,,,,,
00:01:46.604,,,,,,,,,,,,,,
00:01:46.374,,x3,,,x3,,,,,,,,,
00:01:46.170,,,,,,,,,,,,,,
00:01:45.966,,,x3,x3,,,,,,,,,,
00:01:45.763,,,,,,,,,,,,,,
00:01:45.559,,x3,,,x3,,,,,,,,,
00:01:45.364,,,,,,,,,,,,,,
00:01:45.168,,,,,,,,,,,,,,
00:01:44.973,,,,,,,,,,,,,,
00:01:44.777,,,,,,x3,,,,,,,,
00:01:44.575,,,,,,,,,,,,,,
00:01:44.373,,@3,,,,,,,,,,,,
00:01:44.171,,,,,,,,,,,,,,e
00:01:43.969,,,,,x3,,,,,,,,,
00:01:43.760,,,,,,,,,,,,,,
00:01:43.551,,,,,,,,,,,,,,
00:01:43.342,,,,,,,,,,,,,,
00:01:43.133,,,,,x3,,,,,,,,,
00:01:42.916,,,,,,,,,,,,,,
00:01:42.700,,,,,,,,,,,,,,
00:01:42.483,,,,,,,,,,,,,,
00:01:42.266,,$^3,,,x3,,,,,s,,,,
00:01:42.063,,,,,,,,,,,,,,
00:01:41.859,,,,,,,,,,,,,,
00:01:41.656,,,,,,,,,,,,,,
00:01:41.452,,,,,,,,,,,,,,
00:01:41.245,#,l3,#,#,r3,#,,,,,,,,
00:01:41.039,,,,,,,,,,,,,,
00:01:40.832,,,,,,,e,e,,e,,,,
00:01:40.625,,x3,,,,,,s,,,,,,
00:01:40.414,,,,,,,,,,,,,,
00:01:40.203,,x3,,,,,,,,,,,,
00:01:39.991,,,,,,,,,,,,,,
00:01:39.780,,,,@3,,,,,,,,,,
00:01:39.561,,,,,,,,,,,,,,
00:01:39.343,,,,,,,,,,,,,,
00:01:39.124,,,,,,,,e,,,,,,
00:01:38.906,,,,$^3,,,,s,,,,,,
00:01:38.696,,,,,,,,,,,,,,
00:01:38.485,,x3,,,,,,,,,,,,
00:01:38.275,,,,,,,,,,,,,,
00:01:38.065,,,,,@3,,,,,,,,,
00:01:37.854,,,,,,,,,,,,,,
00:01:37.643,,,,,,,,,,,,,,
00:01:37.431,,,,,,,,e,,,,,,
00:01:37.220,,,,,$^3,,,s,,,,,,
00:01:37.013,,,,,,,,,,,,,,
00:01:36.806,,,x3,,,,,,,,,,,
00:01:36.598,,,,,,,,,,,,,,
00:01:36.391,,,,@3,,,,,,,,,,
00:01:36.184,,,,,,,,,,,,,,
00:01:35.977,,,,$^3,,,,,,,,,,
00:01:35.770,,,,,,,,e,,,,,,
00:01:35.563,,,,,,,,,,,,,,
00:01:35.364,,r3,,,,,,,,,,,,
00:01:35.165,,,,,,,,,,,,,,
00:01:35.032,,,,,,,,,,,,,,
00:01:34.965,,,,,,,,,,,,,,
00:01:34.899,,,,,,,,,,,,,,
00:01:34.766,,,,x3,,,,,,,,,,
00:01:34.561,,,,,,,,,,,,,,
00:01:34.356,,,x3,,,,,,,,,,,
00:01:34.152,,,,@3,,,,,,,,,,
00:01:33.947,,,,,,,,,,,,,,
00:01:33.740,,,,$^3,,,,s,,,,,,
00:01:33.533,,,,,,,,,,,,,,
00:01:33.326,,,,,,,,,,,,,,
00:01:33.120,,,x3,,,,,,,,,,,
00:01:32.910,,,,,,,,,,,,,,
00:01:32.700,,,,x3,,,,,,,,,,
00:01:32.490,,,,,,,,e,,,,,,
00:01:32.281,,,x3,,,,,,,,,,,s
00:01:32.073,,,,x3,,,,,,,,,,
00:01:31.866,,,,,,,,,,,,,,e
00:01:31.659,,,,@3,,,,,,,,,,
00:01:31.451,,,,,,,,,,,,,,
00:01:31.244,,,,,,,,,,,,,,
00:01:31.036,,,,,,,,,,,,,,
00:01:30.828,,,,,,,,,,,,,,
00:01:30.620,,,,$^3,,,,,,,,,,
00:01:30.410,,,,,,,,,,,,,,
00:01:30.199,,x3,,,,,,s,,,,,,
00:01:29.989,,,,,,,,,,,,,,
00:01:29.779,,x3,,,,,,,,,,,,
00:01:29.568,,,,,,,,,,,,,,
00:01:29.358,,,,@3,,,,,,,,,,
00:01:29.148,,,,,,,,e,,,,,,
00:01:28.938,,,,$^3,,,,s,,,,,,
00:01:28.731,,,,,,,,,,,,,,
00:01:28.525,,x3,,,,,,,,,,,,s
00:01:28.318,,,,,,,,,,,,,,
00:01:28.112,,,,@3,<3,,,,,,,,,e
00:01:27.899,,,,,,,,,,,,,,
00:01:27.686,,,,,,,,,,,,,,
00:01:27.472,,,,,,,,,,,,,,
00:01:27.259,,,,,,,,,,,,,,
00:01:27.045,,,,,,,,,,,,,,
00:01:26.831,,,,,,,,,,,,,,
00:01:26.616,,,,>3,^3,,,,,,,,,
00:01:26.402,,,,,,,,,,,,,,
00:01:26.190,,,,,,,,,,,,,,
00:01:25.978,,,,,,,,,,,,,,
00:01:25.766,,,,,,,,e,,,,,,
00:01:25.553,,,,$^3,,,,,,,,,,
00:01:25.346,,,,,,,,,,,,,,
00:01:25.139,,x3,,,,,,,,,,,,
00:01:24.931,,,,,,,,,,,,,,
00:01:24.724,,x3,,,,,,s,,,,,,
00:01:24.513,,,,,,,,,,,,,,
00:01:24.303,,,,@3,,,,,,,,,,
00:01:24.092,,,,,,,,,,,,,,
00:01:23.881,,,,,,,,,,,,,,
00:01:23.670,,,,,,,,,,,,,,
00:01:23.459,,,,,,,,,,,,,,
00:01:23.248,,,,,,,,,,,,,,
00:01:23.037,,,,,,,,,,,,,,
00:01:22.820,,,,,,,,,,,,,,
00:01:22.603,,,,,,,,,,,,,,
00:01:22.386,,,,$^3,,,,e,,,,,,
00:01:22.169,,x3,,,,,s,s,,,,,,s
00:01:22.065,,,,,,,,,,,,,,
00:01:21.962,,,,,,,,,,,,,,
00:01:21.859,,,,,,,,,,,,,,
00:01:21.756,,,,,,,,,,,,,,
00:01:21.653,,,,,,,,,,,,,,
00:01:21.550,,,,,,,,,,,,,,
00:01:21.447,,,,,,,,,,,,,,
00:01:21.344,@3,,,@3,,,,,,,,,,e
00:01:21.238,,,,,,,,,,,,,,
00:01:21.132,,,,,,,,,,,,,,
00:01:21.026,,,,,,,,,,,,,,
00:01:20.920,,,,,,,,,,,,,,
00:01:20.814,,,,,,,,,,,,,,
00:01:20.708,,,,,,,,e,,,,,,
00:01:20.602,,,,,,,,,,,,,,
00:01:20.496,,,,,,,,s,,,,,,
00:01:20.388,^3,<3,,^3,<3,,,,,,,,,
00:01:20.280,,,,,,,,,,,,,,
00:01:20.172,,,,,,,,,,,,,,
00:01:20.064,,,,,,,,,,,,,,
00:01:19.956,,,,,,,,,,,,,,
00:01:19.848,,,,,,,,,,,,,,
00:01:19.740,,,,,,,,,,,,,,
00:01:19.632,,,,,,,,,,,,,,
00:01:19.529,,,,,,,,,,,,,,
00:01:19.425,,,,,,,,,,,,,,
00:01:19.322,,,,,,,,,,,,,,
00:01:19.218,,$^3,,,$^3,,,,,,,,,
00:01:19.011,,,,,,,e,e,,,,,,
00:01:18.804,,,,,,,s,,,,,,,
00:01:18.594,,,,,,,,,,,,,,
00:01:18.383,,,@3,,,,,,,,,,,
00:01:18.173,,,,,,,,,,,,,,
00:01:17.962,,,$^3,,,,,,,,,,,
00:01:17.750,,,,,,,,,,,,,,
00:01:17.538,,,,@3,,,,,,,,,,
00:01:17.326,,,,,,,,,,,,,,
00:01:17.114,,,,$^3,,,,s,,,,,,
00:01:16.906,,,,,,,,,,,,,,
00:01:16.699,,x3,,,x3,,,,,,,,,
00:01:16.491,,,,,,,,,,,,,,
00:01:16.284,,x3,,,x3,,,,,,,,,
00:01:16.070,,,,,,,,,,,,,,
00:01:15.855,,,x3,x3,,,,,,,,,,
00:01:15.641,,,,,,,,e,,,,,,
00:01:15.427,,,x3,x3,,,,s,,,,,,
00:01:15.215,,,,,,,,,,,,,,
00:01:15.004,,x3,,,,,,,,,,,,s
00:01:14.792,,,,,,,,,,,,,,
00:01:14.581,,x3,,,,,,,,,,,,
00:01:14.369,,,,,@3,,,,,,,,,e
00:01:14.157,,,,,,,,,,,,,,
00:01:13.944,,,,,,,,,,,,,,
00:01:13.732,,,,>3,^3,,,,,,,,,
00:01:13.523,,,,,,,,,,,,,,
00:01:13.313,,,,,,,,,,,,,,
00:01:13.103,,,,,,,,,,,,,,
00:01:12.893,,,,$^3,,,,,,,,,,
00:01:12.682,,,,,,,,,,,,,,
00:01:12.470,,@3,,,,,,,,,,,,
00:01:12.259,,,,,,,,e,,,,,,
00:01:12.048,,$^3,,,,,,s,,,,,,
00:01:11.832,,,,,,,,,,,,,,
00:01:11.616,,,,x3,,,,,,,,,,
00:01:11.399,,,,,,,,,,,,,,
00:01:11.183,,,,x3,,,,,,,,,,s
00:01:10.976,,,,,,,,,,,,,,
00:01:10.768,,@3,,,,,,,,,,,,e
00:01:10.561,,,,,,,,,,,,,,
00:01:10.353,,,,,x3,,,,,,,,,
00:01:10.142,,,,,,,,,,,,,,
00:01:09.932,,,,,,,,,,,,,,
00:01:09.721,,,,,,,,,,,,,,
00:01:09.510,,,,,x3,,,,,,,,,
00:01:09.307,,,,,,,,,,,,,,
00:01:09.103,,,,,,,,,,,,,,
00:01:08.899,,$^3,,,,,,e,,,,,,
00:01:08.695,,,,,,,,s,,,,,,s
00:01:08.486,,,,,,,,,,,,,,
00:01:08.277,,,x3,,,,,,,,,,,
00:01:08.068,,,,,,,,,,,,,,
00:01:07.859,,x3,,@3,,,,,,,,,,e
00:01:07.648,,,,,,,,,,,,,,
00:01:07.437,,,,,,,,,,,,,,
00:01:07.226,,,,,,,,e,,,,,,
00:01:07.015,,x3,,,,,,s,,,,,,
00:01:06.809,,,,$^3,,,,,,,,,,
00:01:06.602,,,,,,,,,,,,,,
00:01:06.395,,,,,,,,,,,,,,
00:01:06.188,,x3,,,,,,,,,,,,
00:01:05.986,,,,,,,,,,,,,,
00:01:05.783,,,l3,,,,,,,,,,,
00:01:05.648,,,,,,,,,,,,,,
00:01:05.581,,,,,,,,e,,,,,,
00:01:05.379,,x3,,,,,,s,,,,,,
00:01:05.161,,,,,,,,,,,,,,
00:01:04.943,,,l3,,,,,,,,,,,
00:01:04.725,,,,,,,,,,,,,,
00:01:04.507,,x3,,,,,,,,,,,,s
00:01:04.304,,,,,,,,,,,,,,
00:01:04.101,,,,,@3,,,,,,,,,e
00:01:03.898,,,,,,,,,,,,,,
00:01:03.695,,,,,,,,,,,,,,
00:01:03.480,,,,,$^3,,,,,,,,,
00:01:03.265,,,,,,,,,,,,,,
00:01:03.049,,,,,,,,,,,,,,
00:01:02.834,,,x3,,,,,,,,,,,
00:01:02.629,,,,,,,,,,,,,,
00:01:02.423,,,x3,,,,,,,,,,,
00:01:02.218,,,,,,,,e,,,,,,
00:01:02.013,,,x3,,,,,s,,,,,,
00:01:01.799,,,,,,,,,,,,,,
00:01:01.585,,x3,,,,,,,,,,,,s
00:01:01.371,,,,,,,,,,,,,,
00:01:01.157,,x3,,,,,,,,,,,,
00:01:00.946,,,,,,,,,,,,,,
00:01:00.735,,,,,,,,,,,,,,e
00:01:00.524,,,,,,,,,,,,,,
00:01:00.314,,@3,,,x3,,,,,,,,,
00:01:00.104,,,,,,,,,,,,,,
00:00:59.894,,,,,,,,,,,,,,
00:00:59.684,,,,,,,,,,,,,,
00:00:59.475,,,,,x3,,,,,,,,,
00:00:59.268,,$^3,,,,,,,,,,,,
00:00:59.061,,,,,,,,,,,,,,
00:00:58.854,,,,,,,,e,,,,,,
00:00:58.647,,,x3,,,,,s,,,,,,
00:00:58.441,,,,,,,,,,,,,,
00:00:58.234,,,,x3,,,,,,,,,,s
00:00:58.028,,,,,,,,,,,,,,
00:00:57.821,,@3,,,x3,,,,,,,,,
00:00:57.612,,,,,,,,,,,,,,
00:00:57.404,,,,,,,,,,,,,,
00:00:57.195,,,,,,,,,,,,,,e
00:00:56.986,,,,x3,,,,,,,,,,
00:00:56.775,,,,,,,,,,,,,,
00:00:56.564,,,,,,,,,,,,,,
00:00:56.354,,,,,,,,,,,,,,
00:00:56.143,,,,,x3,,,,,,,,,
00:00:55.929,,,,,,,,,,,,,,
00:00:55.716,,,,,,,,,,,,,,
00:00:55.574,,$^3,,,,,,,,,,,,
00:00:55.503,,,,,,,,e,,,,,,
00:00:55.290,,,,,x3,,,s,,,,,,s
00:00:55.078,,,,,,,,,,,,,,
00:00:54.866,,,,x3,,,,,,,,,,
00:00:54.654,,,,,,,,,,,,,,
00:00:54.442,,,,,x3,,,,,,,,,
00:00:54.234,,,,,,,,,,,,,,
00:00:54.027,,,,x3,,,,,,,,,,
00:00:53.819,,,,,,,,,,,,,,
00:00:53.611,,,,,x3,,,,,,,,,
00:00:53.404,,,,,,,,,,,,,,
00:00:53.196,,,,x3,,,,,,,,,,
00:00:52.989,,,,,,,,,,,,,,
00:00:52.781,,,,,x3,,,,,,,,,
00:00:52.569,,,,,,,,,,,,,,
00:00:52.357,,,,x3,,,,,,,,,,
00:00:52.145,,,,,,,,e,,,,,,
00:00:51.933,,,,,x3,,,s,,,,,,
00:00:51.722,,,,,,,,,,,,,,
00:00:51.510,,,,x3,,,,,,,,,,
00:00:51.299,,,,,,,,,,,,,,
00:00:51.088,,,,,x3,,,,,,,,,
00:00:50.878,,,,,,,,,,,,,,
00:00:50.669,,,,x3,,,,,,,,,,e
00:00:50.460,,,,,,,,,,,,,,
00:00:50.251,,@3,,,x3,,,,,,,,,
00:00:50.039,,,,,,,,,,,,,,
00:00:49.828,,,,,x3,,,,,,,,,
00:00:49.617,,,,,,,,,,,,,,
00:00:49.405,,,,,x3,,,,,,,,,
00:00:49.191,,,,,,,,,,,,,,
00:00:48.976,,,,,x3,,,,,,,,,
00:00:48.761,,,,,,,,e,,,,,,
00:00:48.547,,$^3,,,x3,,,s,,s,,,,
00:00:48.315,,,,,,,,,,,,,,
00:00:48.083,,,,@3,,,,,,,,,,
00:00:47.851,,,,,,,,,,,,,,
00:00:47.618,,,,$^3,,,,,,,,,,s
00:00:47.404,,,,,,,,,,,e,e,e,
00:00:47.190,@3,,,,,,,,,e,,,,
00:00:46.976,,,,,,,,,,,,,,
00:00:46.761,,,,,,,,,,,,,,
00:00:46.562,,,,,,,,,,,,,,
00:00:46.362,,,,,,,,,,,,,,
00:00:46.162,^3,<3,,,,,,,,,,,,
00:00:45.963,,,,,,,,,,s,,,,
00:00:45.764,,,,,,,,,,,,,,
00:00:45.565,,,,,,,,,,,,,,
00:00:45.365,,,,,,,,,,,,,,
00:00:45.166,,$^3,,,,,,,,,,,,
00:00:44.947,,,,,,,,,,,,,,e
00:00:44.728,,,,x3,,,,,,,,,,
00:00:44.509,,,,,,,,,,e,,,,
00:00:44.290,,,,x3,,,,,,,,,,
00:00:44.075,,,,,,,,,,,,,,
00:00:43.860,,@3,,,,,,,,,,,,
00:00:43.646,,,,,,,,,,,,,,
00:00:43.431,,$^3,,,,,,,,,,,,
00:00:43.229,,,,,,,,,,,,,,
00:00:43.027,,,,x3,,,,,,,,,,
00:00:42.825,,,,,,,,,,,,,,
00:00:42.623,,,,x3,,,,,,,,,,
00:00:42.417,,,,,,,,,,,,,,
00:00:42.210,,,x3,,,,,,,,,,,
00:00:42.004,,,,,,,,,,,,,,
00:00:41.798,,,x3,,,,,,,,s,s,s,s
00:00:41.588,,,,,,,,,,,e,e,e,e
00:00:41.378,,,,,@3,,,,,,,,,
00:00:41.169,,,,,,,,,,,,,,
00:00:40.959,,,,,$^3,,,,,,,,,
00:00:40.746,,,,,,,,,,,,,,
00:00:40.533,,@3,,,,,,,,,,,,
00:00:40.321,,,,,,,,,,,,,,
00:00:40.108,,,,,,,,,,,,,,
00:00:39.895,,$^3,,,,,,,,,,,,
00:00:39.682,,,,,,,,,,,,,,
00:00:39.470,,,,,,,,,,,,,,
00:00:39.257,,,,,x3,,,,,,,,,
00:00:39.047,,,,,,,,,,,,,,
00:00:38.837,,r3,,,,,,,,,,,,
00:00:38.627,,,,,,,,,,,,,,
00:00:38.418,,,,,x3,,,,,,s,s,s,s
00:00:38.205,,,,,,,,,,,,,,
00:00:37.992,,,@3,,,,,,,,e,e,e,
00:00:37.779,,,,,,,,,,,,,,
00:00:37.566,,,$^3,,,,,,,,,,,
00:00:37.361,,,,,,,,,,,,,,
00:00:37.156,,,,x3,,,,,,,,,,
00:00:36.951,,,,,,,,,,,,,,
00:00:36.746,,,,x3,,,,,,,s,s,s,
00:00:36.545,,,,,,,,,,,,,,
00:00:36.344,,@3,,,,,,,,,e,e,e,
00:00:36.144,,,,,,,,,,,,,,
00:00:35.943,,$^3,,,,,,,,,,,,
00:00:35.742,,,,,,,,,,,,,,
00:00:35.541,,,,x3,,,,,,,,,,
00:00:35.339,,,,,,,,,,,,,,
00:00:35.138,,,,x3,,,,,,,s,s,s,
00:00:34.932,,,,,,,,,,,,,,
00:00:34.727,,,@3,,,,,,,,e,e,e,
00:00:34.521,,,,,,,,,,,,,,
00:00:34.316,,,$^3,,,,,,,,,,,
00:00:34.109,,,,,,,,,,,,,,
00:00:33.902,,,,x3,,,,,,,,,,
00:00:33.695,,,,,,,,,,,,,,
00:00:33.488,,,,x3,,,,,,,s,s,s,
00:00:33.284,,,,,,,,,,,,,,
00:00:33.080,,@3,,,,,,,,,e,e,e,
00:00:32.876,,,,,,,,,,,,,,
00:00:32.672,,$^3,,,,,,,,,,,,
00:00:32.472,,,,,,,,,,,,,,
00:00:32.271,,,,r3,,,,,,,,,,
00:00:32.071,,,,,,,,,,,,,,
00:00:31.870,,,,x3,,,,,,s,,,,
00:00:31.673,,,,,,,,,,,,,,
00:00:31.477,,,,,l3,,,,,,,,,e
00:00:31.280,,,,,,,,,,,,,,
00:00:31.083,,,,,x3,,,,,,,,,
00:00:30.866,,,,,,,,,,,,,,
00:00:30.649,,,x3,x3,,,,,,,s,s,s,
00:00:30.433,,,,,,,,,,,e,e,e,
00:00:30.216,,,,x3,,,,,,,,,,
00:00:30.011,,,,,,,,,,e,,,,
00:00:29.806,,r3,,,,,,,,,,,,
00:00:29.601,,,,,,,,,,,,,,
00:00:29.397,,x3,,,,,,,,,,,,
00:00:29.188,,,,,,,,,,,,,,
00:00:28.980,,,l3,,,,,,,,,,,
00:00:28.772,,,,,,,,,,,,,,
00:00:28.563,,,x3,,,,,,,,s,s,s,s
00:00:28.353,,,,,,,,,,,e,e,e,e
00:00:28.142,,,,,@3,,,,,,,,,
00:00:27.932,,,,,,,,,,,,,,
00:00:27.721,,,,,,,,,,,s,s,s,
00:00:27.512,,,,,,,,,,,e,e,e,
00:00:27.303,,,,,$^3,,,,,,,,,
00:00:27.094,,,,,,,,,,,,,,
00:00:26.885,,@3,,,,,,,,,,,,
00:00:26.683,,,,,,,,,,,,,,
00:00:26.481,,$^3,,,,,,,,,,,,
00:00:26.279,,,,,,,,,,,,,,
00:00:26.076,,,,x3,,,,,,,,,,
00:00:25.860,,,,,,,,,,,,,,
00:00:25.644,,,x3,,,,,,,,,,,
00:00:25.428,,,,,,,,,,,,,,
00:00:25.211,,,,x3,,,,,,,s,s,s,s
00:00:24.994,,,,,,,,,,,e,e,e,
00:00:24.777,@3,,,,,,,,,,,,,
00:00:24.560,,,,,,,,,,,,,,
00:00:24.343,,,,,,,,,,,,,,
00:00:24.136,,,,,,,,,,,,,,e
00:00:23.929,,,,,,,,,,,,,,
00:00:23.722,,,,,,,,,,,,,,
00:00:23.515,,,,,,,,,,,,,,
00:00:23.316,,,,,,,,,,,,,,
00:00:23.117,,,,,,,,,,,,,,
00:00:22.918,^3,<3,,,,,,,,,,,,
00:00:22.719,,,,,,,,,,,,,,
00:00:22.512,,,,,,,,,,,,,,
00:00:22.305,,,,,,,,,,,,,,
00:00:22.098,,,,,,,,,,,,,,
00:00:21.891,,,,,,,,,,s,,,,
00:00:21.669,,,,,,,,,,,,,,
00:00:21.446,,$^3,,,,,,,,,,,,
00:00:21.224,,,,,,,,,,,,,,
00:00:21.002,,,,,@3,,,,,,,,,
00:00:20.775,,,,,,,,,,,,,,
00:00:20.548,,,,,$^3,,,,,,,,,
00:00:20.321,,,,,,,,,,,,,,
00:00:20.094,,@3,,,,,,,,,,,,
00:00:19.865,,,,,,,,,,,,,,
00:00:19.635,,$^3,,,,,,,,,,,,
00:00:19.406,,,,,,,,,,,,,,
00:00:19.176,,,,,x3,,,,,,,,,
00:00:18.956,,,,,,,,,,,,,,
00:00:18.735,,,,,x3,,,,,,,,,
00:00:18.515,,,,,,,,,,e,,,,
00:00:18.294,,,,x3,,,,,,,,,,
00:00:18.087,,,,,,,,,,,,,,
00:00:17.880,,,,x3,,,,,,,s,s,s,s
00:00:17.673,,,,,,,,,,,,,,
00:00:17.466,,@3,,,,,,,,,e,e,e,e
00:00:17.248,,,,,,,,,,,,,,
00:00:17.029,,,,,,,,,,,,,,
00:00:16.811,,,,,,,,,,,,,,
00:00:16.592,,,,,,,,,,,,,,
00:00:16.369,,,,,,,,,,,,,,
00:00:16.145,,$^3,,,,,,,,,,,,
00:00:15.922,,,,,,,,,,,,,,
00:00:15.699,,,,x3,,,,,,,,,,
00:00:15.478,,,,,,,,,,,,,,
00:00:15.257,,,,,x3,,,,,,,,,
00:00:15.037,,,,,,,,,,,,,,
00:00:14.816,,,,x3,,,,,,s,s,s,s,s
00:00:14.710,,,,,,,,,,,,,,
00:00:14.604,,,,,,,,,,,e,e,e,
00:00:14.498,,,,,,,,,,,,,,
00:00:14.391,>3,@3,,,,,,,,,,,,e
00:00:14.285,,,,,,,,,,,,,,
00:00:14.179,,,,,,,,,,,,,,
00:00:14.073,,,,,,,,,,,,,,
00:00:13.967,,,,,,,,,,,,,,
00:00:13.872,,,,,,,,,,,,,,
00:00:13.777,,,,,,,,,,,,,,
00:00:13.682,^3,<3,,,,,,,,,,,,
00:00:13.587,,,,,,,,,,,,,,
00:00:13.492,,,,,,,,,,,,,,
00:00:13.397,,,,,,,,,,,,,,
00:00:13.302,,,,,,,,,,,,,,
00:00:13.208,,$^3,,,,,,,,,,,,
00:00:13.107,,,,,,,,,,,,,,
00:00:13.007,,,,,,,,,,,,,,
00:00:12.906,,,,,,,,,,,,,,
00:00:12.806,,,,x3,,,,,,,,,,
00:00:12.712,,,,,,,,,,,,,,
00:00:12.618,,,,,,,,,,,,,,
00:00:12.524,,,,,,,,,,,,,,
00:00:12.430,,,l3,,,,,,,,,,,
00:00:12.332,,,,,,,,,,,,,,
00:00:12.234,,,,,,,,,,,,,,
00:00:12.137,,,,,,,,,,,,,,
00:00:12.039,,,x3,,,,,,,,,,,
00:00:11.939,,,,,,,,,,,,,,
00:00:11.838,,,,,,,,,,,,,,
00:00:11.738,,,,,,,,,,,,,,
00:00:11.638,,r3,,,,,,,,,,,,
00:00:11.531,,,,,,,,,,,,,,
00:00:11.423,,,,,,,,,,,,,,
00:00:11.316,,,,,,,,,,,,,,
00:00:11.208,,x3,,,,,,,,,,,,s
00:00:11.097,,,,,,,,,,,,,,
00:00:10.985,,,,,,,,,,,,,,
00:00:10.873,,,,,,,,,,,,,,
00:00:10.762,,,,,,,,,,,,,,
00:00:10.656,,,,,,,,,,,,,,
00:00:10.551,,,,,,,,,,,,,,e
00:00:10.446,,,,,,,,,,,,,,
00:00:10.341,,,,x3,,,,,,,,,,
00:00:10.239,,,,,,,,,,,,,,
00:00:10.137,,@3,,,@3,,,,,,,,,
00:00:10.035,,,,,,,,,,,,,,
00:00:09.934,,,,,,,,,,,,,,
00:00:09.832,,,,,,,,,,,,,,
00:00:09.730,,,,,,,,,,,,,,
00:00:09.628,,,,,,,,,,,,,,
00:00:09.527,,$^3,,,$^3,,,,,,,,,
00:00:09.419,,,,,,,,,,,,,,
00:00:09.312,,,@3,@3,,,,,,,,,,
00:00:09.204,,,,,,,,,,,,,,
00:00:09.097,,,,,,,,,,,,,,
00:00:08.996,,,,,,,,,,,,,,
00:00:08.894,,,,,,,,,,,,,,
00:00:08.793,,,,,,,,,,,,,,
00:00:08.692,,,$^3,$^3,,,,,,,,,,
00:00:08.590,,,,,,,,,,,,,,
00:00:08.488,,,,,,,,,,,,,,
00:00:08.387,,,,,,,,,,,,,,
00:00:08.285,,x3,,,,,,,,,,,,
00:00:08.187,,,,,,,,,,,,,,
00:00:08.088,,,,,,,,,,,,,,
00:00:07.990,,,,,,,,,,,,,,
00:00:07.892,,r3,,,,,,,,,,,,
00:00:07.792,,,,,,,,,,,,,,
00:00:07.693,,,,,,,,,,,,,,
00:00:07.594,,,,,,,,,,,,,,
00:00:07.494,,x3,,,,,,,,,s,s,s,s
00:00:07.420,,,,,,,,,,,,,,
00:00:07.345,,,,,,,,,,,,,,
00:00:07.271,,,,,,,,,,,,,,
00:00:07.196,,,,,,,,,,,,,,
00:00:07.108,,,,,,,,,,,,,,
00:00:07.019,,,,,,,,,,,,,,
00:00:06.930,,,,,,,,,,,,,,
00:00:06.841,,,,,,,,,,,,,,
00:00:06.746,,,,,,,,,,,,,,
00:00:06.651,,,,@3,,,,,,,e,e,e,
00:00:06.556,,,,,,,,,,,,,,
00:00:06.460,,,,,,,,,,,,,,
00:00:06.357,,,,,,,,,,,,,,
00:00:06.255,,,,,,,,,,,,,,
00:00:06.152,,,,,,,,,,,,,,
00:00:06.049,,,,,,,,,,,,,,
00:00:05.944,,,,,,,,,,,,,,
00:00:05.840,,,,$^3,,,,,,,,,,
00:00:05.735,,,,,,,,,,,,,,
00:00:05.630,,,,,,,,,,,,,,
00:00:05.533,,,,,,,,,,,,,,
00:00:05.435,,,,,,,,,,,,,,
00:00:05.338,,,,,,,,,,,,,,
00:00:05.240,,,l3,,,,,,,,,,,
00:00:05.142,,,,,,,,,,,,,,
00:00:05.045,,,,,,,,,,,,,,
00:00:04.947,,,,,,,,,,,,,,
00:00:04.849,,,x3,,,,,,,,,,,
00:00:04.756,,,,,,,,,,,,,,
00:00:04.664,,,,,,,,,,,,,,
00:00:04.572,,,,,,,,,,,,,,
00:00:04.479,,,,r3,,,,,,,,,,
00:00:04.379,,,,,,,,,,,,,,
00:00:04.278,,,,,,,,,,,,,,
00:00:04.178,,,,,,,,,,,,,,
00:00:04.078,,,,x3,,,,,,,s,s,s,
00:00:03.972,,,,,,,,,,,,,,
00:00:03.866,,,,,,,,,,,,,,
00:00:03.760,,,,,,,,,,,,,,
00:00:03.654,,,,,,,,,,,,,,
00:00:03.550,,,,,,,,,,,,,,
00:00:03.446,,,,,,,,,,,,,,
00:00:03.341,,,,,,,,,,,,,,
00:00:03.237,,,,,,,,,,,,,,
00:00:03.134,,,,,,,,,,,,,,
00:00:03.031,,@3,,,,,,,,,e,e,e,
00:00:02.929,,,,,,,,,,,,,,
00:00:02.826,,,,,,,,,,,,,,
00:00:02.727,,,,,,,,,,,,,,
00:00:02.629,,,,,,,,,,,,,,
00:00:02.531,,,,,,,,,,,,,,
00:00:02.432,,$^3,,,,,,,,,,,,
00:00:02.331,,,,,,,,,,,,,,
00:00:02.230,,,,,@3,,,,,,,,,
00:00:02.129,,,,,,,,,,,,,,
00:00:02.028,,,,,,,,,,,,,,
00:00:01.927,,,,,,,,,,,,,,
00:00:01.825,,,,,,,,,,,,,,
00:00:01.723,,,,,,,,,,,,,,
00:00:01.622,,,,,$^3,,,,,,,,,
00:00:01.520,,,,,,,,,,,,,,
00:00:01.418,,,,,,,,,,,,,,
00:00:01.317,,,,,,,,,,,,,,
00:00:01.215,,x3,,,,,,,,,,,,
00:00:01.111,,,,,,,,,,,,,,
00:00:01.008,,,,,,,,,,,,,,
00:00:00.904,,,,,,,,,,,,,,
00:00:00.801,,r3,,,,,,,,,,,,
00:00:00.695,,,,,,,,,,,,,,
00:00:00.590,,,,,,,,,,,,,,
00:00:00.485,,,,,,,,,,,,,,
00:00:00.379,,x3,,,,,,,,,s,s,s,
00:00:00.189,,,,,,,,,,,,,,
00:00:00.000,*,,,,,*,,,,,,,,