00:02:45.923,,,,,,,,,,,,,,
00:02:45.781,,,,,,,,,,,,,,
00:02:45.639,,,,,,,,,,,,,,
00:02:45.497,,,,,,,,,,,,,,
00:02:45.355,,,,,,,,,,,,,,
00:02:45.214,,,,,,,,,,,,,,
00:02:45.072,,,,,,,,,,,,,,
00:02:44.930,,,,,,,,,,,,,,
00:02:44.788,,,,,,,,,,,,,,
00:02:44.646,,,,,,,,,,,,,,
00:02:44.504,,,,,,,,,,,,,,
00:02:44.363,,,,,,,,,,,,,,
00:02:44.221,,,,,,,,,,,,,,
00:02:44.079,,,,,,,,,,,,,,
00:02:43.937,,,,,,,,,,,,,,
00:02:43.795,,,,,,,,,,,,,,
00:02:43.653,,,,,,,,,,,,,,
00:02:43.512,,,,,,,w,w,w,w,,,,
00:02:43.370,,,,,,,,,,,,,,
00:02:43.228,,,,,,,,,,,,,,
00:02:43.086,,,,,,,,,,,,,,
00:02:42.944,,,,,,,,,,,,,,
00:02:42.802,,,,,,,,,,,,,,
00:02:42.660,,,,,,,,,,,,,,
00:02:42.519,,,,,,,,,,,,,,
00:02:42.377,,,,,x4,,,e,,,,,,
00:02:42.235,,,,,,,,,,,,,,
00:02:42.093,,,,,,,,,,,,,,
00:02:41.952,,,,,,,,,,,,,,
00:02:41.811,,x4,,,,,,,,,,,,
00:02:41.669,,,,,,,,,,,,,,
00:02:41.528,,,,,,,,,,,,,,
00:02:41.387,,,,,,,,,,,,,,
00:02:41.247,,,,,x4,,,,,,,,,
00:02:41.106,,,,,,,,,,,,,,
00:02:40.965,,,,,,,,,,,,,,
00:02:40.825,,,,,,,,,,,,,,
00:02:40.685,,x4,,,,,,,,,,,,
00:02:40.544,,,,,,,,,,,,,,
00:02:40.404,,,,,,,,,,,,,,
00:02:40.263,,,,,,,,,,,,,,
00:02:40.122,,,,,x4,,,,,,,,,
00:02:39.981,,,,,,,,,,,,,,
00:02:39.839,,,,,,,,,,,,,,
00:02:39.697,,,,,,,,,,,,,,
00:02:39.555,,x4,,,,,,,,,,,,
00:02:39.412,,,,,,,,,,,,,,
00:02:39.269,,,,,,,,,,,,,,
00:02:39.125,,,,,,,,,,,,,,
00:02:38.980,,,,,,,,,,e,,,,
00:02:38.835,,,,,,,,,,,,,,
00:02:38.763,,x3,,,x3,,,,,,,,,
00:02:38.690,,,,,,,,,,,,,,
00:02:38.545,,,,,,,,,,,,,,
00:02:38.400,,,,,,,,,,,,,,
00:02:38.255,,,,,,,,,,,,,,
00:02:38.110,,,,,,,,,,,,,,
00:02:37.965,,,,,,,,,,,,,,
00:02:37.821,,x3,,,x3,,,,,s,,,,
00:02:37.748,,,,,,,,,,,,,,
00:02:37.676,,,,,,,,,,,,,,
00:02:37.604,,,,,,,,,,,,,,
00:02:37.531,,,,,,,,,,,,,,
00:02:37.459,,,,,,,,,,,,,,
00:02:37.387,,,,,,,,,,,,,,
00:02:37.315,,,,,,,,,,,,,,
00:02:37.243,,,,,,,,,,,,,,
00:02:37.170,,,,,,,,,,,,,,
00:02:37.098,,,,,,,,,,,,,,
00:02:37.026,,,,,,,,,,,,,,
00:02:36.954,,x4,,,,,,,,,,,,
00:02:36.809,,,,,,,,,,,,,,
00:02:36.665,,,,,,,,,,,,,,
00:02:36.521,,,,,,,,,,,,,,
00:02:36.377,,,,,x4,,,,,,,,,
00:02:36.232,,,,,,,,,,,,,,
00:02:36.088,,,,,,,,,,,,,,
00:02:35.943,,,,,,,,,,,,,,
00:02:35.799,,x4,,,,,,,,,,,,
00:02:35.654,,,,,,,,,,,,,,
00:02:35.509,,,,,,,,,,,,,,
00:02:35.365,,,,,,,,,,,,,,
00:02:35.220,,,,,x4,,,,,,,,,
00:02:35.075,,,,,,,,,,,,,,
00:02:34.930,,,,,,,,,,,,,,
00:02:34.785,,,,,,,,,,,,,,
00:02:34.641,,x4,,,,,,,,,,,,
00:02:34.496,,,,,,,,,,,,,,
00:02:34.350,,,,,,,,,,,,,,
00:02:34.205,,,,,,,,,,,,,,
00:02:34.060,,,,,x4,,,,,,,,,
00:02:33.915,,,,,,,,,,,,,,
00:02:33.770,,,,,,,,,,,,,,
00:02:33.625,,,,,,,,,,,,,,
00:02:33.480,,x4,,,,,,,,,,,,
00:02:33.335,,,,,,,,,,,,,,
00:02:33.190,,,,,,,,,,,,,,
00:02:33.046,,,,,,,,,,,,,,
00:02:32.902,,,,,x4,,,,,,,,,
00:02:32.759,,,,,,,,,,,,,,
00:02:32.616,,,,,,,,,,,,,,
00:02:32.473,,,,,,,,,,,,,,
00:02:32.331,,x4,,,,,,,,,,,,
00:02:32.190,,,,,,,,,,,,,,
00:02:32.048,,,,,,,,,,,,,,
00:02:31.908,,,,,,,,,,,,,,
00:02:31.767,,,,,x4,,,,,,,,,
00:02:31.627,,,,,,,,,,,,,,
00:02:31.487,,,,,,,,,,,,,,
00:02:31.347,,,,,,,,,,,,,,
00:02:31.206,,x4,,,,,,,,,,,,
00:02:31.066,,,,,,,,,,,,,,
00:02:30.926,,,,,,,,,,,,,,
00:02:30.786,,,,,,,,,,,,,,
00:02:30.646,,,,,x4,,,,,,,,,
00:02:30.505,,,,,,,,,,,,,,
00:02:30.365,,,,,,,,,,,,,,
00:02:30.225,,,,,,,,,,,,,,
00:02:30.085,,x4,,,,,,,,,,,,
00:02:29.945,,,,,,,,,,,,,,
00:02:29.805,,,,,,,,,,,,,,
00:02:29.664,,,,,,,,,,,,,,
00:02:29.524,,,,,x4,,,,,,,,,
00:02:29.383,,,,,,,,,,,,,,
00:02:29.242,,,,,,,,,,,,,,
00:02:29.099,,,,,,,,,,,,,,
00:02:28.954,,x4,,,,,,,,,,,,
00:02:28.809,,,,,,,e,,,e,,,,
00:02:28.663,,,,,,,s,,,,,,,
00:02:28.516,,,,,,,,,,,,,,
00:02:28.371,,,,,x4,,,,,,,,,
00:02:28.227,,,,,,,,,,,e,,e,e
00:02:28.085,,,,,,,,,,,,,,
00:02:27.943,,,,,,,,,,,,,,
00:02:27.803,*,r3,*,*,l3,*,,,,,s,,s,s
00:02:27.733,,,,,,,,,,,,,,
00:02:27.663,,,,,,,,,,,,,,
00:02:27.593,,,,,,,,,,,,,,
00:02:27.523,,,,,,,,,,,,,,
00:02:27.452,,,,,,,,,,,,,,
00:02:27.381,,,,,,,,,,,,,,
00:02:27.309,,,,,,,,,,,,,,
00:02:27.238,,,x4,,,,,,,,,,,
00:02:27.166,,,,,,,,,,,,,,
00:02:27.095,,,,,,,,,,,,,,
00:02:27.022,,,,,,,,,,,,,,
00:02:26.950,,,,,,,,,,,,,,
00:02:26.878,,,,,,,,,,,,,,
00:02:26.805,,,,,,,,,,,,,,
00:02:26.733,,,,,,,,,,,,,,
00:02:26.660,,x4,,,,,,,,,,,,
00:02:26.588,,,,,,,,,,,,,,
00:02:26.515,,,,,,,,,,,,,,
00:02:26.443,,,,,,,,,,,,,,
00:02:26.370,,,,,,,,,,,,,,
00:02:26.298,,,,,,,,,,,,,,
00:02:26.226,,,,,,,,,,,,,,
00:02:26.153,,,,,,,,,,,,,,
00:02:26.081,,,x4,,,,,,,,,,,
00:02:26.008,,,,,,,,,,,,,,
00:02:25.936,,,,,,,,,,,,,,
00:02:25.863,,,,,,,,,,,,,,
00:02:25.791,,,,,,,,,,,,,,
00:02:25.718,,,,,,,,,,,,,,
00:02:25.646,,,,,,,,,,,,,,
00:02:25.573,,,,,,,,,,,,,,
00:02:25.501,,x4,,,,,,,,,,,,
00:02:25.428,,,,,,,,,,,,,,
00:02:25.356,,,,,,,,,,,,,,
00:02:25.283,,,,,,,,,,,,,,
00:02:25.211,,,,,,,,,,,,,,
00:02:25.066,,,,,,,,,,,,,,
00:02:24.922,,,,x4,,,,,,,,,,
00:02:24.777,,,,,,,,,,,,,,
00:02:24.633,,,,,,,,,,,,,,
00:02:24.490,,,,,,,,,,,,,,
00:02:24.346,,,,,x4,,,,,,,,,
00:02:24.203,,,,,,,,,,,,,,
00:02:24.060,,,,,,,,,,,,,,
00:02:23.917,,,,,,,,,,,,,,
00:02:23.773,,,,x4,,,,,,,,,,
00:02:23.629,,,,,,,,,,,,,,
00:02:23.484,,,,,,,,,,,,,,
00:02:23.340,,,,,,,,,,,,,,
00:02:23.196,,,x4,,,,,,,,,,,
00:02:23.051,,,,,,,,,,,,,,
00:02:22.907,,,,,,,,,,,,,,
00:02:22.763,,,,,,,,,,,,,,
00:02:22.620,,x4,,,,,,,,,,,,
00:02:22.476,,,,,,,,,,,,,,
00:02:22.333,,,,,,,,,,,,,,
00:02:22.190,,,,,,,,,,,,,,
00:02:22.047,,,x4,,,,,,,,,,,
00:02:21.905,,,,,,,,,,,,,,
00:02:21.762,,,,,,,,,,,,,,
00:02:21.621,,,,,,,,,,,,,,
00:02:21.479,,,,x4,,,,,,,,,,
00:02:21.337,,,,,,,,,,,,,,
00:02:21.196,,,,,,,,,,,,,,
00:02:21.055,,,,,,,,,,,,,,
00:02:20.913,,,,,x4,,,,,,,,,
00:02:20.772,,,,,,,,,,,,,,
00:02:20.631,,,,,,,,s,,,,,,
00:02:20.490,,,,,,,,,,,,,,
00:02:20.349,,,x2,,,,,,,,,,,
00:02:20.208,,,,,,,,,,,,,,
00:02:20.066,,,,,,,,,,,,,,
00:02:19.925,,,,,,,,,,,,,,
00:02:19.784,,x2,,,,,,,,,,,,
00:02:19.643,,,,,,,,,,,,,,
00:02:19.502,,,,,,,,,,,,,,
00:02:19.360,,,,,,,,,,,,,,
00:02:19.219,,,x2,,,,,,,,,,,
00:02:19.078,,,,,,,,,,,,,,
00:02:18.937,,,,,,,,,,,,,,
00:02:18.796,,,,,,,,,,,,,,
00:02:18.655,,x2,,,,,,,,,,,,
00:02:18.513,,,,,,,,,,,,,,
00:02:18.372,,,,,,,,,,,,,,
00:02:18.239,,,,,,,,,,,,,,
00:02:18.120,,,,,,,,,,,,,,
00:02:18.011,,,,,,,,,,,,,,
00:02:17.913,,@1,,,,,,,,,,,,
00:02:17.810,,,,,,,,,,s,,,,
00:02:17.689,,,,,,,,,,,,,,
00:02:17.541,,,,,,,,,,,,,,
00:02:17.350,,,,,,,,,,,,,,
00:02:17.128,,^1,<1,,,,,,,,,,,
00:02:16.905,,,,,,,,,,,,,,
00:02:16.683,,,,,,,,,,,,,,
00:02:16.461,,,,,,,,,,,,,,
00:02:16.239,,,,,,,,,,,,,,
00:02:16.017,,,,,,,,,,,,,,
00:02:15.794,,,,,,,,,,,,,,
00:02:15.572,,,,,,,,,,,,,,
00:02:15.350,,,,,,,,,,,,,,
00:02:15.128,,,,,,,,,,,,,,
00:02:14.905,,,,,,,,,,,,,,
00:02:14.683,,,,,,,,,,,,,,
00:02:14.461,,,,,,,,,,,,,,
00:02:14.239,,>1,^1,,,,,,,,,,,
00:02:14.017,,,,,,,,,,,,,,
00:02:13.794,,,,,,,,,,,,,,
00:02:13.572,,,,,,,,,,,,,,
00:02:13.350,,,,,,,,,,,,,,
00:02:13.128,,,,,,,,,,,,,,
00:02:12.905,,,,,,,,,,,,,e,e
00:02:12.683,,,,,,,,,,,,,,
00:02:12.461,,,,@3,,,,,,,,,,
00:02:12.239,,,,,,,,,,,,,,
00:02:12.017,,,,,,,,,,,,,,
00:02:11.794,,,,,,,,,,,,,,
00:02:11.572,,,,,,,,,e,,,,,
00:02:11.350,,,,,,,e,e,,e,,,,
00:02:11.128,,$^1,,,,,,,,,,,,
00:02:10.906,,,,,,,,,,,,,,
00:02:10.684,,,,,,,,,,,,,,
00:02:10.464,,,@1,,,,,,,,,,,
00:02:10.244,,,,,,,,,,,,,,
00:02:10.025,,,,,,,,,,,,,,
00:02:09.807,,,,,,,,,,,,,,
00:02:09.591,,,,,,,,,,,,,,
00:02:09.377,,,$^1,$^3,,,,,,,,,s,s
00:02:09.164,,,,,,,,,,,,,,
00:02:08.951,,,,,,,,,,,,,,
00:02:08.810,,,,,,,,,,,,,,
00:02:08.740,,@1,,,,,,,,,,,e,
00:02:08.528,,,,@3,,,,,,,,,,
00:02:08.318,,,,,,,,,,,,,,
00:02:08.108,,,,,,,,,,,,,,
00:02:07.899,,,,,,,,,,,,,,
00:02:07.690,,$^1,,,,,,,,,,,,
00:02:07.481,,,,,,,,,,,,,,
00:02:07.272,,,,,,,,,,,,,,
00:02:07.061,,,,,,,,,,,,,,
00:02:06.850,,x1,,,,,,,,,,,,
00:02:06.638,,,,,,,,,,,,,,
00:02:06.425,,,,,,,,,,,,,,
00:02:06.211,,,,,,,,,,,,,,
00:02:05.997,,l1,,,,,,,,,,,,
00:02:05.783,,,,,,,,,,,,,,
00:02:05.571,,,,,,,,,,,,,,
00:02:05.362,,,,,,,,,,,,,,
00:02:05.154,,x1,,,,,,,,,,,,
00:02:04.948,,,,,,,,,,,,,,
00:02:04.742,,,,,,,,,,,,,,
00:02:04.535,,,,,,,,,,,,,,
00:02:04.329,,,,,,,,s,,,,,,
00:02:04.123,,,,,,,,,,,,,,
00:02:03.917,,@1,,$^3,,,,,,,,,,
00:02:03.711,,,,,,,,,,,,,,
00:02:03.504,,,,,,,,,,,,,,
00:02:03.297,,,,,@3,,,,,,,,,
00:02:03.089,,,,,,,,,,,,,,
00:02:02.878,,,,,,,,e,,,,,,
00:02:02.666,,,,,,,,s,,,,,,
00:02:02.453,,,,,,,,,,,,,,
00:02:02.240,,,,,,,,,,,,,,
00:02:02.027,,,,,,,,,,,,,,
00:02:01.814,,,,,,,,,,,,,,
00:02:01.600,,,,,,,,,,,,,,
00:02:01.386,,,,,$^3,,,,,,,,s,
00:02:01.172,,,,,,,,e,,,,,,
00:02:00.958,,$^1,,,,,,s,,,,,,
00:02:00.743,,,,,,,,,,,,,,
00:02:00.529,,,,,,,,,,,,,,
00:02:00.314,,,,,,,,,,,,,,
00:02:00.099,,,,,,,,,,,,,,
00:01:59.886,,,,,,,,,,,,,,
00:01:59.674,,,,,,,,,,,,,,e
00:01:59.464,,,,@3,,,,e,,,,,,
00:01:59.257,,,,,,,,,,,,,,
00:01:59.050,,,,,,,,s,,,,,,
00:01:58.843,,,,,,,,,,,,,,
00:01:58.705,,,,,,,,,,,,,,
00:01:58.636,,,,,,,,,,,,,,
00:01:58.428,,,,,,,,,,,,,,
00:01:58.289,,,,^3,<3,,,,,,,,,
00:01:58.219,,,,,,,,,,,,,,
00:01:58.150,,,,,,,,,,,,,,
00:01:58.010,,,,,,,,,,,,,,
00:01:57.801,,,,,,,,e,,,,,,
00:01:57.730,,,,,,,,,,,,,,
00:01:57.590,,,,,,,,s,,,,,,
00:01:57.380,,,,,,,,,,,,,,
00:01:57.169,,,,,$^3,,,,,,,,,s
00:01:56.959,,,,,,,,,,,,,,
00:01:56.748,,,,,,,,,,,,,,e
00:01:56.538,,@3,,,,,,,,,,,,
00:01:56.327,,,,,,,,e,,,,,,
00:01:56.117,,,,,,,,,,,,,,
00:01:55.906,,,,,,,,,,,,,,
00:01:55.766,,,,,,,,,,,,,,
00:01:55.696,,,,,,,,,,,,,,
00:01:55.625,,,,,,,,,,,,,,
00:01:55.485,,^3,<3,,,,,,,,,,,
00:01:55.274,,,,,,,,,,,,,,
00:01:55.064,,,,,,,,,,,,,,
00:01:54.853,,,,,,,,,,,,,,
00:01:54.783,,,$^3,,,,,,,,,,,
00:01:54.643,,,,,,,,,,,,,,s
00:01:54.432,,,,,,,,,,,,,,
00:01:54.222,,,,,,,,,s,,,,,
00:01:54.011,,,,,,,,,,,,,,e
00:01:53.801,,,,,,,,,,,,,,
00:01:53.696,,,,,@3,,,,,,,,,
00:01:53.590,,,,,,,,,,,,,,
00:01:53.380,,,,,,,,,,,,,,
00:01:53.169,,,,,$^3,,,,,,,,,s
00:01:52.959,,,,,,,,,,,,,,
00:01:52.748,,,,,,,,,,,,,,
00:01:52.538,,,,,,,,,,,,,,
00:01:52.325,,,,,,,,s,,,,,,e
00:01:52.110,,,,,,,,,,,,,,
00:01:52.000,,@3,,,,,,,,,,,,
00:01:51.891,,,,,,,,,,,,,,
00:01:51.668,,,,,,,,,,,,,,
00:01:51.443,,,,,,,,,,,,,,
00:01:51.218,,,,,,,,,,,,,,
00:01:50.994,,,,,,,,e,,,,,,
00:01:50.881,,,,,,,,,,,,,,
00:01:50.769,,,,,,,s,,,,,,,
00:01:50.657,,,,,,,,,,,,,,
00:01:50.545,,,,,,,,,,,,,,s
00:01:50.471,,$^3,,,,,,,,,,,,
00:01:50.323,,,,,,,,,,,,,,
00:01:50.103,,,,,,,,,,,,,,
00:01:49.885,,,,,,,,,,,,,,e
00:01:49.668,,,,,,,,,,,,,,
00:01:49.454,,,,,@3,,,,,,,,,
00:01:49.240,,,,,,,e,,,,,,,
00:01:49.029,,,,,,,s,s,,,,,,
00:01:48.817,,,,,$^3,,,,,,,,,
00:01:48.602,,,,,,,,,,,,,,
00:01:48.385,,,,,,,,,,,,,,
00:01:48.164,,,,,x3,,,,,,,,,s
00:01:47.940,,,,,,,,,,,,,,
00:01:47.713,,,,,,,,,,,,,,
00:01:47.483,,,,,,,e,e,,,,,,
00:01:47.250,,@1,,,,,,,e,s,,,,
00:01:47.114,,,,,,,,,,,,,,
00:01:46.979,,,,,,,,,,,,,,
00:01:46.845,,,,,,,,,,,,,,
00:01:46.712,,,,,,,,,,,,,,
00:01:46.579,,,,,,,,,,,,,,
00:01:46.447,,,,,,,,,,,,,,
00:01:46.316,,,,,,,,,,,,,,
00:01:46.185,,^1,<1,,,,,,,,,,,
00:01:46.054,,,,,,,,,,,,,,
00:01:45.923,,,,,,,,,,,,,,
00:01:45.792,,,,,,,,,,,,,,
00:01:45.661,,,,,,,,,,,,,,
00:01:45.530,,,,,,,,,,,,,,
00:01:45.399,,>1,^1,,,,,,,,,,,
00:01:45.268,,,,,,,,,,,,,,
00:01:45.136,,,,,,,,,,,,,,
00:01:45.004,,,,,,,,,,,,,,
00:01:44.872,,,,,,,,,,,e,,e,e
00:01:44.740,,,,,,,,,,,,,,
00:01:44.608,,,,,,,,,,,,,,
00:01:44.475,,,,,,,,,,,,,,
00:01:44.343,,,,@3,,,,,,,,,,
00:01:44.210,,,,,,,,,,,,,,
00:01:44.077,,$^1,,,,,s,,s,e,,,,
00:01:43.944,,,,,,,,,,,,,,
00:01:43.810,,,,,,,,,,,,,,
00:01:43.676,,,,,,,,,,,,,,
00:01:43.541,,,,,,,,,,,,,,
00:01:43.406,,,,,,,,,,,,,,
00:01:43.271,,,,$^3,,,,,,,s,,s,s
00:01:43.136,,,,,,,,,,,,,,
00:01:43.000,,,,,,,,,,,,,,
00:01:42.865,,,,,,,,,,,,,,
00:01:42.730,,,,,,,,,,,,,,
00:01:42.595,,,,,,,,,,,,,,
00:01:42.460,,@3,,,@3,,,,,,e,,e,e
00:01:42.325,,,,,,,,,,,,,,
00:01:42.190,,,,,,,,,,,,,,
00:01:42.054,,,,,,,,,,,,,,
00:01:41.919,,,,,,,,,,,,,,
00:01:41.784,,,,,,,,,,,,,,
00:01:41.649,,,,,,,,,,,,,,
00:01:41.514,,,,,,,,,,,,,,
00:01:41.379,,$^3,,,$^3,,,,,,s,,s,s
00:01:41.243,,,,,,,,,,,,,,
00:01:41.108,,,,,,,,,,,,,,
00:01:40.971,,,,,,,,,,,,,,
00:01:40.835,,,,,,,,,,,,,,
00:01:40.698,,,,,,,e,,,,,,,
00:01:40.560,,,,,,,s,,,,,,,
00:01:40.422,,,,,,,,,,,,,,
00:01:40.284,,,,,,,,,,,,,,
00:01:40.146,,,,,,,,,,,e,,e,e
00:01:40.008,,,,,,,,,,,,,,
00:01:39.869,,,,,,,,,,,,,,
00:01:39.731,,,x3,x3,,,,,,,s,,s,s
00:01:39.594,,,,,,,,,,,,,,
00:01:39.456,,,,,,,,,,,,,,
00:01:39.319,,,,,,,,,,,,,,
00:01:39.181,,x4,,,,,,,,,,,,
00:01:39.044,,,,,,,,,,,,,,
00:01:38.908,,,,,,,,,,,,,,
00:01:38.771,,,,,,,,,,,,,,
00:01:38.634,,,x4,,,,,,,,,,,
00:01:38.498,,,,,,,,,,,,,,
00:01:38.362,,,,,,,,,,,,,,
00:01:38.226,,,,,,,,,,,,,,
00:01:38.090,,,,x4,,,,,,,,,,
00:01:37.954,,,,,,,,,,,,,,
00:01:37.818,,,,,,,,,,,,,,
00:01:37.681,,,,,,,,,,,,,,
00:01:37.545,,,,,r4,,,,,,,,,
00:01:37.408,,,,,,,,,,,,,,
00:01:37.271,,,,,,,,,,,,,,
00:01:37.134,,,,,,,,,,,,,,
00:01:36.996,,,,x4,,,,,,,,,,
00:01:36.859,,,,,,,,,,,,,,
00:01:36.723,,,,,,,,,,,,,,
00:01:36.588,,,,,,,,,,,,,,
00:01:36.453,,,x4,,,,,,,,,,,
00:01:36.320,,,,,,,,,,,,,,
00:01:36.186,,,,,,,,,,,,,,
00:01:36.052,,,,,,,,,,,,,,
00:01:35.918,,x4,,,,,,,,,,,,
00:01:35.784,,,,,,,,,,,,,,
00:01:35.650,,,,,,,e,,e,,,,,
00:01:35.516,,,,,,,,,,,,,,
00:01:35.382,,,,,@1,,,,,s,,,,
00:01:35.248,,,,,,,,,,,,,,
00:01:35.114,,,,,,,,,,,,,,
00:01:34.980,,,,,,,,,,,,,,
00:01:34.846,,,,,,,,,,,,,,
00:01:34.712,,,,,,,,,,,,,,
00:01:34.578,,,,>1,^1,,,,,,,,,
00:01:34.444,,,,,,,,,,,,,,
00:01:34.311,,,,,,,,,,,,,,
00:01:34.177,,,,,,,,,,,,,,
00:01:34.043,,,,^1,<1,,,,,,,,,
00:01:33.909,,,,,,,,,,,,,,
00:01:33.775,,,,,,,,,,,,,,
00:01:33.641,,,,,,,,,,,,,,
00:01:33.507,,,,,,,,,,,,,,
00:01:33.373,,,,,,,,,,,,,,
00:01:33.239,,,,,$^1,,s,,s,e,,,,
00:01:33.105,,,,,,,,,,,,,,
00:01:32.972,,,,,,,,,,,,,,
00:01:32.838,,,,,,,,,,,,,,
00:01:32.705,,,,,,,,,,,,,,
00:01:32.571,,,,,,,,,,,,,,
00:01:32.438,,,,,,,,,,,,,,
00:01:32.305,,,,,,,,,,,,,,
00:01:32.172,,,,,,,,,,,,,,
00:01:32.040,,,,,,,,,,,,,,
00:01:31.907,,,,,,,,,,,,,,
00:01:31.775,,,,,,,,,,,e,,e,e
00:01:31.643,,>3,@3,,,,,,,,,,,
00:01:31.510,,,,,,,,,,,,,,
00:01:31.377,,,,,,,,,,,,,,
00:01:31.244,,,,,,,,,,,,,,
00:01:31.110,,,,,,,,,,,,,,
00:01:30.976,,,,,,,,,,,,,,
00:01:30.842,,,,,,,,,,,,,,
00:01:30.707,,,,,,,,,,,,,,
00:01:30.571,,^3,$<3,,,,,,,,s,,s,s
00:01:30.435,,,,,,,,,,,,,,
00:01:30.300,,,,,,,,,,,,,,
00:01:30.164,,,,,,,,,,,,,,
00:01:30.028,,,,,,,,,,,,,,
00:01:29.891,,,,,,,e,,,,,,,
00:01:29.755,,,,,,,s,,,,,,,
00:01:29.619,,,,,,,,,,,,,,
00:01:29.483,,,,,,,,,,,,,,
00:01:29.346,,,,,,,,,,,e,,e,e
00:01:29.210,,,,,,,,,,,,,,
00:01:29.073,,,,,,,,,,,,,,
00:01:28.937,,x3,,,x3,,,,,,s,,s,s
00:01:28.800,,,,,,,,,,,,,,
00:01:28.663,,,,,,,,,,,,,,
00:01:28.527,,,,,,,,,,,,,,
00:01:28.390,,x4,,,,,,,,,,,,
00:01:28.253,,,,,,,,,,,,,,
00:01:28.117,,,,,,,,,,,,,,
00:01:27.980,,,,,,,,,,,,,,
00:01:27.843,,,,,x4,,,,,,,,,
00:01:27.707,,,,,,,,,,,,,,
00:01:27.570,,,,,,,,,,,,,,
00:01:27.433,,,,,,,,,,,,,,
00:01:27.297,,x4,,,,,,,,,,,,
00:01:27.160,,,,,,,,,,,,,,
00:01:27.023,,,,,,,,,,,,,,
00:01:26.887,,,,,,,,,,,,,,
00:01:26.750,,,,,x4,,,,,,,,,
00:01:26.613,,,,,,,,,,,,,,
00:01:26.477,,,,,,,,,,,,,,
00:01:26.340,,,,,,,,,,,,,,
00:01:26.203,,x4,,,,,,,,,,,,
00:01:26.066,,,,,,,,,,,,,,
00:01:25.930,,,,,,,,,,,,,,
00:01:25.793,,,,,,,,,,,,,,
00:01:25.656,,,,,x4,,,,,,,,,
00:01:25.520,,,,,,,,,,,,,,
00:01:25.383,,,,,,,,,,,,,,
00:01:25.246,,,,,,,,,,,,,,
00:01:25.110,,x4,,,,,,,,,,,,
00:01:24.973,,,,,,,,,,,,,,
00:01:24.836,,,,,,,,,,,,,,
00:01:24.700,,,,,,,,,,,,,,
00:01:24.563,,,,,x4,,,,,,,,,
00:01:24.426,,,,,,,,,,,,,,
00:01:24.289,,,,,,,,,,,,,,
00:01:24.152,,,,,,,,,,,,,,
00:01:24.015,,x4,,,,,,,,,,,,
00:01:23.879,,,,,,,,,,,,,,
00:01:23.742,,,,,,,,,,,,,,
00:01:23.605,,,,,,,,,,,,,,
00:01:23.468,,,,,x4,,,,,,,,,
00:01:23.331,,,,,,,,,,,,,,
00:01:23.193,,,,,,,,,,,,,,
00:01:23.056,,,,,,,,,,,,,,
00:01:22.919,,x4,,,,,,,,,,,,
00:01:22.781,,,,,,,,,,,,,,
00:01:22.644,,,,,,,,,,,,,,
00:01:22.506,,,,,,,,,,,,,,
00:01:22.369,,,,,x4,,,,,s,,,,
00:01:22.231,,,,,,,,,,,,,,
00:01:22.094,,,,,,,,,,,,,,
00:01:21.957,,,,,,,,,,,,,,
00:01:21.820,,x4,,,,,,,,,,,,
00:01:21.683,,,,,,,,,,,,,,
00:01:21.546,,,,,,,,,,,,,,
00:01:21.409,,,,,,,,,,,,,,
00:01:21.273,,,,,x4,,,,,,,,,
00:01:21.137,,,,,,,,,,,,,,
00:01:21.001,,,,,,,,,,,,,,
00:01:20.865,,,,,,,,,,,,,,
00:01:20.729,,x4,,,,,,,,,,,,
00:01:20.593,,,,,,,,,,,,,,
00:01:20.458,,,,,,,,,,,,,,
00:01:20.322,,,,,,,,,,,,,,
00:01:20.187,,,,,x4,,,,,,,,,
00:01:20.052,,,,,,,,,,,,,,
00:01:19.916,,,,,,,,,,,,,,
00:01:19.781,,,,,,,,,,,,,,
00:01:19.645,,x4,,,,,,,,,,,,
00:01:19.509,,,,,,,,,,,,,,
00:01:19.373,,,,,,,,,,,,,,
00:01:19.236,,,,,,,,,,,,,,
00:01:19.099,,,,,x4,,,,,,,,,
00:01:18.963,,,,,,,,,,,,,,
00:01:18.825,,,,,,,,,,,,,,
00:01:18.688,,,,,,,,,,,,,,
00:01:18.551,,x4,,,,,,,,,,,,
00:01:18.414,,,,,,,,,,,,,,
00:01:18.278,,,,,,,,,,,,,,
00:01:18.144,,,,,,,e,,,,,,,
00:01:18.011,,,,,x4,,,,,,,,,
00:01:17.879,,,,,,,,,,,,,,
00:01:17.746,,,,,,,,,,,,,,
00:01:17.613,,,,,,,,,,,,,,
00:01:17.480,,x4,,,,,,,,,,,,
00:01:17.391,,,,,,,,,,,,,,
00:01:17.346,,,,,,,,,,,,,,
00:01:17.302,,,,,,,,,,,,,,
00:01:17.212,,,,,,,s,,,,,,,
00:01:17.079,,,,,,,,,,,,,,
00:01:16.945,,,,x4,,,,,,,,,,
00:01:16.809,,,,,,,,,,,,,,
00:01:16.674,,,,,,,,,,,,,,
00:01:16.539,,,,,,,,,,,,,,
00:01:16.404,,,,,x4,,,,,,,,,
00:01:16.268,,,,,,,,,,,,,,
00:01:16.131,,,,,,,,,,,,,,
00:01:15.995,,,,,,,,,,,,,,
00:01:15.859,,,x4,,,,,,,,,,,
00:01:15.721,,,,,,,,,,,,,,
00:01:15.583,,,,,,,,,,,,,,
00:01:15.445,,,,,,,,,,,,,,
00:01:15.305,,x4,,,,,,,,,,,,
00:01:15.165,,,,,,,,,,,,,,
00:01:15.024,,,,,,,,,,,,,,
00:01:14.883,,,,,,,,,,,,,,
00:01:14.741,,,,x4,,,,,,,,,,
00:01:14.600,,,,,,,,,,,,,,
00:01:14.460,,,,,,,,,,,,,,
00:01:14.322,,,,,,,,,,,,,,
00:01:14.187,,,,,x4,,,,,,,,,
00:01:14.052,,,,,,,,,,,,,,
00:01:13.918,,,,,,,,,,,,,,
00:01:13.785,,,,,,,,,,,,,,
00:01:13.653,,,x4,,,,,,,,,,,
00:01:13.520,,,,,,,e,,,,,,,
00:01:13.388,,,,,,,,,,,,,,
00:01:13.255,,,,,,,,,,,,,,
00:01:13.123,,x4,,,,,,,,,,,,
00:01:13.034,,,,,,,,,,,,,,
00:01:12.990,,,,,,,,,,,,,,
00:01:12.945,,,,,,,,,,,,,,
00:01:12.856,,,,x4,,,s,,,,,,,
00:01:12.723,,,,,,,,,,,,,,
00:01:12.590,,,,,,,,,,,,,,
00:01:12.456,,,,,,,,,,,,,,
00:01:12.322,,,,,x4,,,,,,,,,
00:01:12.189,,,,,,,,,,,,,,
00:01:12.055,,,,,,,,,,,,,,
00:01:11.920,,,,,,,,,,,,,,
00:01:11.786,,,x4,,,,,,,,,,,
00:01:11.651,,,,,,,,,,,,,,
00:01:11.517,,,,,,,,,,,,,,
00:01:11.381,,,,,,,,,,,,,,
00:01:11.241,,x4,,,,,,,,,,,,
00:01:11.099,,,,,,,,,,,,,,
00:01:10.954,,,,,,,,,,,,,,
00:01:10.808,,,,,,,,,,,,,,
00:01:10.666,,,,x4,,,,,,,,,,
00:01:10.526,,,,,,,,,,,,,,
00:01:10.389,,,,,,,,,,,,,,
00:01:10.254,,,,,,,,,,e,,,,
00:01:10.121,,,,,x4,,,,,,,,,
00:01:09.989,,,,,,,,,,,,,,
00:01:09.859,,,,,,,,,,,,,,
00:01:09.728,,,,,,,,,,,e,,e,e
00:01:09.597,,,,,,,,,e,,,,,
00:01:09.465,,,,,,,e,,,,,,,
00:01:09.332,,,,,,,,,,,,,,
00:01:09.198,,,,,,,,,,,,,,
00:01:09.064,*,l3,#,#,r3,*,,,,,,,,
00:01:08.930,,,,,,,,,,,,,,
00:01:08.796,,,,,,,,,,,,,,
00:01:08.662,,,,,,,,,,,,,,
00:01:08.528,,,,,x3,,,,,,,,,
00:01:08.394,,,,,,,,,,,,,,
00:01:08.260,,,,,,,,,,,,,,
00:01:08.126,,,,,,,,,,,,,,
00:01:07.992,,x3,,,,,,,,,,,,
00:01:07.858,,,,,,,,,,,,,,
00:01:07.724,,,,,,,,,,,,,,
00:01:07.590,,,,,,,,,,,,,,
00:01:07.457,,,,,x3,,,,,,,,,
00:01:07.323,,,,,,,,,,,,,,
00:01:07.189,,,,,,,,,s,,s,,s,
00:01:07.055,,,,,,,,,,,,,,
00:01:06.921,,x3,,,,,,,,,,,,
00:01:06.787,,,,,,,,,,,e,,e,
00:01:06.653,,,,,,,,,,,,,,
00:01:06.519,,,,,,,,,,,,,,
00:01:06.385,,,,,x3,,,,,,,,,
00:01:06.251,,,,,,,,,,,,,,
00:01:06.117,,,,,,,,,,,,,,
00:01:05.983,,,,,,,,,,,,,,
00:01:05.849,,x3,,,,,,,,,,,,
00:01:05.715,,,,,,,,,,,,,,
00:01:05.582,,,,,,,,,,,,,,
00:01:05.448,,,,,,,,,,,,,,
00:01:05.314,,,,,x3,,,,,,,,,s
00:01:05.180,,,,,,,,,,,,,,
00:01:05.046,,,,,,,,,,,s,,s,
00:01:04.912,,,,,,,,,,,,,,
00:01:04.777,,,,,,,,,,,,,,
00:01:04.642,,,,,,,,,,,,,,
00:01:04.506,,,,,,,,,,,e,,e,e
00:01:04.370,,,,,,,,,,,,,,
00:01:04.234,,x3,,,,,,,,,,,,
00:01:04.097,,,,,,,,,,,,,,
00:01:03.960,,,,,,,,,,,,,,
00:01:03.822,,,,,,,,,,,,,,
00:01:03.685,,,,,x3,,,,,,,,,
00:01:03.548,,,,,,,,,,,,,,
00:01:03.411,,,,,,,,,,,,,,
00:01:03.275,,,,,,,,,,,,,,
00:01:03.139,,x3,,,,,,,,,s,,s,s
00:01:03.002,,,,,,,,,,,,,,
00:01:02.866,,,,,,,,,,,,,,
00:01:02.730,,,,,,,,,,,,,,
00:01:02.595,,,,,,,,,,,,,,
00:01:02.459,,,,,,,,,,,,,,
00:01:02.323,,,,,,,,,,,e,,e,e
00:01:02.188,,,,,,,,,,,,,,
00:01:02.053,,,,,x3,,,,,,,,,
00:01:01.919,,,,,,,,,,,,,,
00:01:01.784,,,,,,,,,,,,,,
00:01:01.649,,,,,,,,,,,,,,
00:01:01.515,,x3,,,,,,,,,,,,
00:01:01.381,,,,,,,,,,,,,,
00:01:01.247,,,,,,,,,e,,,,,
00:01:01.113,,,,,,,,,,,,,,
00:01:00.979,,,,,x3,,,,,,s,,s,s
00:01:00.845,,,,,,,,,,,,,,
00:01:00.711,,,,,,,,,,s,,,,
00:01:00.577,,,,,,,,,,,,,,
00:01:00.442,,@1,,,,,,,,,,,,
00:01:00.308,,,,,,,,,,,,,,
00:01:00.174,,,,,,,,,,,,,,
00:01:00.040,,,,,,,,,,,,,,
00:00:59.906,>1,^1,,,,,,,,,,,,
00:00:59.772,,,,,,,,,,,,,,
00:00:59.637,,,,,,,,,,,,,,
00:00:59.503,,,,,,,,,,,,,,
00:00:59.369,,,,,,,,,,,,,,
00:00:59.234,,,,,,,,,,,,,,
00:00:59.100,,,,,,,,,,,,,,
00:00:58.966,,,,,,,,,,,,,,
00:00:58.831,^1,<1,,,,,,,,,,,,
00:00:58.697,,,,,,,,,,,,,,
00:00:58.562,,,,,,,,,,,,,,
00:00:58.428,,,,,,,,,,,,,,
00:00:58.293,,,,,,,,,,,,,,
00:00:58.159,,,,,,,,,,,,,,
00:00:58.024,,,,,,,,,,,,,,
00:00:57.890,,,,,,,,,,,,,,
00:00:57.755,,,,,x3,,,,,,e,,e,e
00:00:57.620,,,,,,,,,,,,,,
00:00:57.486,,$^1,,,,,s,,s,e,,,,
00:00:57.351,,,,,,,,,,,,,,
00:00:57.216,,,,,x3,,,,,,,,,
00:00:57.082,,,,,,,,,,,,,,
00:00:56.947,,,,,,,,,,,,,,
00:00:56.812,,,,,,,,,,,,,,
00:00:56.677,,,,,x3,,,,,,s,,s,s
00:00:56.542,,,,,,,,,,,,,,
00:00:56.407,,,,,,,,,,,,,,
00:00:56.272,,,,,,,,,,,,,,
00:00:56.137,,,,,,,,,,,,,,
00:00:56.002,,,,,,,,,,,,,,
00:00:55.868,,@3,,,@3,,,,,,e,,e,e
00:00:55.732,,,,,,,,,,,,,,
00:00:55.597,,,,,,,,,,,,,,
00:00:55.462,,,,,,,,,,,,,,
00:00:55.327,,,,,,,,,,,,,,
00:00:55.191,,,,,,,,,,,,,,
00:00:55.054,,,,,,,,,,,,,,
00:00:54.916,,,,,,,,,,,,,,
00:00:54.776,,$^3,,,$^3,,,,,,s,,s,s
00:00:54.636,,,,,,,,,,,,,,
00:00:54.495,,,,,,,,,,,,,,
00:00:54.355,,,,,,,,,,,,,,
00:00:54.214,,,,,,,,,,,,,,
00:00:54.074,,,,,,,e,,,,,,,
00:00:53.933,,,,,,,s,,,,,,,
00:00:53.793,,,,,,,,,,,,,,
00:00:53.652,,,,,,,,,,,,,,
00:00:53.512,,,,,,,,,,,e,,e,e
00:00:53.371,,,,,,,,,,,,,,
00:00:53.231,,,,,,,,,,,,,,
00:00:53.090,,x3,,,x3,,,,,,s,,s,s
00:00:52.966,,,,,,,,,,,,,,
00:00:52.838,,,,,,,,,,,,,,
00:00:52.706,,,,,,,,,,,,,,
00:00:52.571,,,,,x4,,,,,,,,,
00:00:52.433,,,,,,,,,,,,,,
00:00:52.295,,,,,,,,,,,,,,
00:00:52.158,,,,,,,,,,,,,,
00:00:52.020,,x4,,,,,,,,,,,,
00:00:51.882,,,,,,,,,,,,,,
00:00:51.745,,,,,,,,,,,,,,
00:00:51.607,,,,,,,,,,,,,,
00:00:51.470,,,,,x4,,,,,,,,,
00:00:51.332,,,,,,,,,,,,,,
00:00:51.194,,,,,,,,,,,,,,
00:00:51.057,,,,,,,,,,,,,,
00:00:50.919,,x4,,,,,,,,,,,,
00:00:50.782,,,,,,,,,,,,,,
00:00:50.644,,,,,,,,,,,,,,
00:00:50.507,,,,,,,,,,,,,,
00:00:50.370,,,,,x4,,,,,,,,,
00:00:50.233,,,,,,,,,,,,,,
00:00:50.096,,,,,,,,,,,,,,
00:00:49.959,,,,,,,,,,,,,,
00:00:49.822,,x4,,,,,,,,,,,,
00:00:49.686,,,,,,,,,,,,,,
00:00:49.550,,,,,,,,,,,,,,
00:00:49.413,,,,,,,,,,,,,,
00:00:49.277,,,,,x4,,,,,,,,,
00:00:49.140,,,,,,,,,,,,,,
00:00:49.004,,,,,,,e,,e,,,,,
00:00:48.866,,,,,,,,,,,,,,
00:00:48.727,,@1,,,,,,,,s,,,,
00:00:48.588,,,,,,,,,,,,,,
00:00:48.450,,,,,,,,,,,,,,
00:00:48.311,,,,,,,,,,,,,,
00:00:48.172,>1,^1,,,,,,,,,,,,
00:00:48.033,,,,,,,,,,,,,,
00:00:47.894,,,,,,,,,,,,,,
00:00:47.755,,,,,,,,,,,,,,
00:00:47.616,,,,,,,,,,,,,,
00:00:47.477,,,,,,,,,,,,,,
00:00:47.338,^1,<1,,,,,,,,,,,,
00:00:47.200,,,,,,,,,,,,,,
00:00:47.061,,,,,,,,,,,e,,e,e
00:00:46.922,,,,,,,,,,,,,,
00:00:46.783,,,,,@3,,,,,,,,,
00:00:46.644,,,,,,,,,,,,,,
00:00:46.505,,$^1,,,,,s,,s,e,,,,
00:00:46.367,,,,,,,,,,,,,,
00:00:46.229,,,,,$^3,,,,,,s,,s,s
00:00:46.092,,,,,,,,,,,,,,
00:00:45.955,,,,,,,,,,,,,,
00:00:45.820,,,,,,,,,,,,,,
00:00:45.685,,,,,,,,,,,,,,
00:00:45.550,,,,,,,,,,,,,,
00:00:45.417,,,,,,,,,,,,,,
00:00:45.283,,,,,,,,,,,,,,
00:00:45.151,,,,,,,,,,,,,,
00:00:45.019,,,,,,,,,,,,,,
00:00:44.888,,,,,@3,<3,,,,,e,,e,e
00:00:44.757,,,,,,,,,,,,,,
00:00:44.626,,,,,,,,,,,,,,
00:00:44.493,,,,,,,,,,,,,,
00:00:44.360,,,,,,,,,,,,,,
00:00:44.227,,,,,,,,,,,,,,
00:00:44.092,,,,,,,,,,,,,,
00:00:43.956,,,,,,,,,,,,,,
00:00:43.820,,,,,$>3,^3,,,,,s,,s,s
00:00:43.682,,,,,,,,,,,,,,
00:00:43.544,,,,,,,,,,,,,,
00:00:43.406,,,,,,,,,,,,,,
00:00:43.266,,,,,,,,,,,,,,
00:00:43.126,,,,,,,e,,,,,,,
00:00:42.985,,,,,,,s,,,,,,,
00:00:42.843,,,,,,,,,,,,,,
00:00:42.701,,,,,,,,,,,,,,
00:00:42.559,,,,,,,,,,,e,,e,e
00:00:42.418,,,,,,,,,,,,,,
00:00:42.278,,,,,,,,,,,,,,
00:00:42.140,*,r3,*,*,l3,*,,,,,s,,s,s
00:00:42.071,,,,,,,,,,,,,,
00:00:42.002,,,,,,,,,,,,,,
00:00:41.934,,,,,,,,,,,,,,
00:00:41.865,,,,,,,,,,,,,,
00:00:41.796,,,,,,,,,,,,,,
00:00:41.727,,,,,,,,,,,,,,
00:00:41.658,,,,,,,,,,,,,,
00:00:41.589,,,x4,,,,,,,,,,,
00:00:41.521,,,,,,,,,,,,,,
00:00:41.452,,,,,,,,,,,,,,
00:00:41.383,,,,,,,,,,,,,,
00:00:41.314,,x4,,,,,,,,,,,,
00:00:41.245,,,,,,,,,,,,,,
00:00:41.177,,,,,,,,,,,,,,
00:00:41.108,,,,,,,,,,,,,,
00:00:41.039,x4,,,,,,,,,,,,,
00:00:40.970,,,,,,,,,,,,,,
00:00:40.901,,,,,,,,,,,,,,
00:00:40.833,,,,,,,,,,,,,,
00:00:40.764,,,x4,,,,,,,,,,,
00:00:40.626,,,,,,,,,,,,,,
00:00:40.489,,,,,,,,,,,,,,
00:00:40.351,,,,,,,,,,,,,,
00:00:40.213,,x4,,,,,,,,,,,,
00:00:40.076,,,,,,,,,,,,,,
00:00:39.938,,,,,,,,,,,,,,
00:00:39.800,,,,,,,,,,,,,,
00:00:39.663,x4,,,,,,,,,,,,,
00:00:39.525,,,,,,,,,,,,,,
00:00:39.388,,,,,,,,,,,,,,
00:00:39.250,,,,,,,,,,,,,,
00:00:39.112,,,x4,,,,,,,,,,,
00:00:38.975,,,,,,,,,,,,,,
00:00:38.837,,,,,,,,,,,,,,
00:00:38.700,,,,,,,,,,,,,,
00:00:38.562,,x4,,,,,,,,,,,,
00:00:38.424,,,,,,,,,,,,,,
00:00:38.287,,,,,,,,,,,,,,
00:00:38.149,,,,,,,,,,,,,,
00:00:38.011,x4,,,,,,,,,,,,,
00:00:37.874,,,,,,,,,,,,,,
00:00:37.736,,,,,,,,,,,,,,
00:00:37.599,,,,,,,,,,,,,,
00:00:37.461,,,x4,,,,,,,,,,,
00:00:37.323,,,,,,,,,,,,,,
00:00:37.186,,,,,,,,,,,,,,
00:00:37.048,,,,,,,,,,,,,,
00:00:36.911,,x4,,,,,,,,,,,,
00:00:36.773,,,,,,,,,,,,,,
00:00:36.635,,,,,,,,,,,,,,
00:00:36.498,,,,,,,,,,,,,,
00:00:36.360,x4,,,,,,,,,,,,,
00:00:36.222,,,,,,,,,,,,,,
00:00:36.085,,,,,,,,,,,,,,
00:00:35.947,,,,,,,,,,,,,,
00:00:35.810,,,x4,,,,,,,,,,,
00:00:35.672,,,,,,,,,,,,,,
00:00:35.534,,,,,,,,,,,,,,
00:00:35.397,,,,,,,,,,,,,,
00:00:35.259,,x4,,,,,,,,,,,,
00:00:35.122,,,,,,,,,,,,,,
00:00:34.984,,,,,,,,,,,,,,
00:00:34.846,,,,,,,,,,,,,,
00:00:34.709,x4,,,,,,,,,,,,,
00:00:34.571,,,,,,,,,,,,,,
00:00:34.434,,,,,,,,,,,,,,
00:00:34.296,,,,,,,,,,,,,,
00:00:34.158,,,,,,,e,,,,,,,
00:00:34.021,,,,,@2,,,,,,,,,
00:00:33.883,,,,,,,,,,,,,,
00:00:33.745,,,,,,,,,,,,,,
00:00:33.677,,,,,,,,,,,,,,
00:00:33.608,,,,,$^2,,s,,,,,,,
00:00:33.470,,,,,,,,,,,,,,
00:00:33.333,,,,,,,,,,,,,,
00:00:33.195,,,,,,,,,,,,,,
00:00:33.057,,,x2,,,,,,,,,,,
00:00:32.920,,,,,,,,,,,,,,
00:00:32.782,,,,,,,,,,,,,,
00:00:32.645,,,,,,,,,,,,,,
00:00:32.507,,x2,,,,,,,,,,,,
00:00:32.369,,,,,,,,,,,,,,
00:00:32.232,,,,,,,,,,,,,,
00:00:32.094,,,,,,,,,,,,,,
00:00:31.956,x2,,,,,,,,,,,,,
00:00:31.888,,,,,,,,,,,,,,
00:00:31.819,,,,,,,,,,,,,,
00:00:31.750,,,,,,,,,,,,,,
00:00:31.681,,,,,,,,,,,,,,
00:00:31.612,,,,,,,,,,,,,,
00:00:31.544,,,,,,,,,,,,,,
00:00:31.475,,,,,,,,,,,,,,
00:00:31.406,,,x2,,,,,,,,,,,
00:00:31.337,,,,,,,,,,,,,,
00:00:31.269,,,,,,,,,,,,,,
00:00:31.200,,,,,,,,,,,,,,
00:00:31.131,,,,,,,,,,,,,,
00:00:31.062,,,,,,,,,,,,,,
00:00:30.993,,,,,,,,,,,,,,
00:00:30.925,,,,,,,,,,,,,,
00:00:30.856,,x2,,,,,,,,,,,,
00:00:30.787,,,,,,,,,,,,,,
00:00:30.718,,,,,,,,,,,,,,
00:00:30.650,,,,,,,,,,,,,,
00:00:30.581,,,,,,,,,,,,,,
00:00:30.512,,,,,,,,,,,,,,
00:00:30.444,,,,,,,,,,,,,,
00:00:30.375,,,,,,,,,,,,,,
00:00:30.306,x2,,,,,,,,e,,,,,
00:00:30.237,,,,,,,,,,,,,,
00:00:30.169,,,,,,,e,,,,,,,
00:00:30.100,,,,,,,,,,,,,,
00:00:30.031,,,,,,,,,,s,,,,
00:00:29.894,,,,,,,,,,,,,,
00:00:29.757,,@1,,,,,,,,,,,,
00:00:29.619,,,,,,,,,,,,,,
00:00:29.482,,,,,,,,,,,,,,
00:00:29.345,,,,,,,,,,,,,,
00:00:29.207,,,,,,,,,,,,,,
00:00:29.070,,,,,,,,,,,,,,
00:00:28.933,,,,,,,,,,,,,,
00:00:28.796,,,,,,,,,,,,,,
00:00:28.659,,,,,,,,,,,e,,e,e
00:00:28.521,,,,,,,,,,,,,,
00:00:28.384,,,,,,,,,,,,,,
00:00:28.247,,,,,,,,,,,,,,
00:00:28.110,,,,,,x3,,,,,,,,
00:00:27.973,,,,,,,,,,,,,,
00:00:27.836,,$^1,,,,,s,,s,e,,,,
00:00:27.699,,,,,,,,,,,,,,
00:00:27.562,,,,,x3,,,,,,,,,
00:00:27.425,,,,,,,,,,,,,,
00:00:27.288,,,,,,,,,,,,,,
00:00:27.151,,,,,,,,,,,,,,
00:00:27.014,,,,x3,,,,,,,s,,s,s
00:00:26.877,,,,,,,,,,,,,,
00:00:26.740,,,,,,,,,,,,,,
00:00:26.603,,,,,,,,,,,,,,
00:00:26.466,,,,,,,,,,,,,,
00:00:26.329,,,,,,,,,,,,,,
00:00:26.192,,@3,,,@3,,,,,,e,,e,e
00:00:26.055,,,,,,,,,,,,,,
00:00:25.918,,,,,,,,,,,,,,
00:00:25.781,,,,,,,,,,,,,,
00:00:25.644,,,,,,,,,,,,,,
00:00:25.507,,,,,,,,,,,,,,
00:00:25.370,,,,,,,,,,,,,,
00:00:25.233,,,,,,,,,,,,,,
00:00:25.096,,$^3,,,$^3,,,,,,s,,s,s
00:00:24.959,,,,,,,,,,,,,,
00:00:24.822,,,,,,,,,,,,,,
00:00:24.685,,,,,,,,,,,,,,
00:00:24.548,,,,,,,,,,,,,,
00:00:24.411,,,,,,,e,,,,,,,
00:00:24.274,,,,,,,s,,,,,,,
00:00:24.138,,,,,,,,,,,,,,
00:00:24.002,,,,,,,,,,,,,,
00:00:23.866,,,,,,,,,,,e,,e,e
00:00:23.730,,,,,,,,,,,,,,
00:00:23.595,,,,,,,,,,,,,,
00:00:23.459,,l3,,,r3,,,,,,s,,s,s
00:00:23.324,,,,,,,,,,,,,,
00:00:23.188,,,,,,,,,,,,,,
00:00:23.052,,,,,,,,,,,,,,
00:00:22.915,,,,,,,,,,,,,,
00:00:22.778,,,,,,,,,,,,,,
00:00:22.640,,,,,x4,,,,,,,,,
00:00:22.502,,,,,,,,,,,,,,
00:00:22.364,,,,,,,,,,,,,,
00:00:22.225,,,,,,,,,,,,,,
00:00:22.086,,,,,,x4,,,,,,,,
00:00:21.948,,,,,,,,,,,,,,
00:00:21.809,,,,,,,,,,,,,,
00:00:21.671,,,,,,,,,,,,,,
00:00:21.532,,,,,x4,,,,,,,,,
00:00:21.394,,,,,,,,,,,,,,
00:00:21.255,,,,,,,,,,,,,,
00:00:21.117,,,,,,,,,,,,,,
00:00:20.979,,,,x4,,,,,,,,,,
00:00:20.841,,,,,,,,,,,,,,
00:00:20.703,,,,,,,,,,,,,,
00:00:20.565,,,,,,,,,,,,,,
00:00:20.427,,,,,,x4,,,,,,,,
00:00:20.289,,,,,,,,,,,,,,
00:00:20.152,,,,,,,,,,,,,,
00:00:20.013,,,,,,,,,,,,,,
00:00:19.874,,,,,x4,,,,,,,,,
00:00:19.733,,,,,,,,,,,,,,
00:00:19.591,,,,,,,,,,,,,,
00:00:19.448,,,,,,,,,,,,,,
00:00:19.305,,,,x4,,,,,e,,,,,
00:00:19.162,,,,,,,e,,,,,,,
00:00:19.019,,,,,,,,,,s,,,,
00:00:18.877,,,,,,,,,,,,,,
00:00:18.735,,@1,,,,,,,,,,,,
00:00:18.593,,,,,,,,,,,,,,
00:00:18.452,,,,,,,,,,,,,,
00:00:18.311,,,,,,,,,,,,,,
00:00:18.171,,,,,,,,,,,,,,
00:00:18.032,,,,,,,,,,,,,,
00:00:17.892,,,,,,,,,,,,,,
00:00:17.753,,,,,,,,,,,,,,
00:00:17.613,,,,,,,,,,,,,,
00:00:17.472,,,,,,,,,,,,,,
00:00:17.331,,,,,,,,,,,e,,e,e
00:00:17.189,,,,,,,,,,,,,,
00:00:17.046,,,,,x3,,,,,,,,,
00:00:16.902,,,,,,,,,,,,,,
00:00:16.758,,$^1,,,,,s,,s,,,,,
00:00:16.614,,,,,,,,,,e,,,,
00:00:16.471,,,,,x3,,,,,,,,,
00:00:16.331,,,,,,,,,,,,,,
00:00:16.193,,,,,,,,,,,,,,
00:00:16.055,,,,,,,,,,,,,,
00:00:15.918,,,,,x3,,,,,,,,,
00:00:15.782,,,,,,,,,,,s,,s,s
00:00:15.645,,,,,,,,,,,,,,
00:00:15.509,,,,,,,,,,,,,,
00:00:15.372,,,,,,,,,,,,,,
00:00:15.235,,,,,,,,,,,,,,
00:00:15.098,,@3,,,@3,,,,,,e,,e,e
00:00:14.960,,,,,,,,,,,,,,
00:00:14.822,,,,,,,,,,,,,,
00:00:14.683,,,,,,,,,,,,,,
00:00:14.544,,,,,,,,,,,,,,
00:00:14.405,,,,,,,,,,,,,,
00:00:14.266,,,,,,,,,,,,,,
00:00:14.128,,,,,,,,,,,,,,
00:00:13.989,,$^3,,,$^3,,,,,,s,,s,s
00:00:13.849,,,,,,,,,,,,,,
00:00:13.708,,,,,,,,,,,,,,
00:00:13.566,,,,,,,,,,,,,,
00:00:13.423,,,,,,,,,,,,,,
00:00:13.278,,,,,,,e,,,,,,,
00:00:13.132,,,,,,,s,,,,,,,
00:00:12.985,,,,,,,,,,,,,,
00:00:12.837,,,,,,,,,,,,,,
00:00:12.689,,,,,,,,,,,e,,e,e
00:00:12.546,,,,,,,,,,,,,,
00:00:12.406,,,,,,,,,,,,,,
00:00:12.269,#,l3,#,#,r3,#,,,,,s,,s,s
00:00:12.133,,,,,,,,,,,,,,
00:00:11.997,,,,,,,,,,,,,,
00:00:11.859,,,,,,,,,,,,,,
00:00:11.720,,x4,,,,,,,,,,,,
00:00:11.580,,,,,,,,,,,,,,
00:00:11.439,,,,,,,,,,,,,,
00:00:11.297,,,,,,,,,,,,,,
00:00:11.154,,,,,x4,,,,,,,,,
00:00:11.010,,,,,,,,,,,,,,
00:00:10.867,,,,,,,,,,,,,,
00:00:10.724,,,,,,,,,,,,,,
00:00:10.581,,x4,,,,,,,,,,,,
00:00:10.439,,,,,,,,,,,,,,
00:00:10.297,,,,,,,,,,,,,,
00:00:10.156,,,,,,,,,,,,,,
00:00:10.015,,,,,x4,,,,,,,,,
00:00:09.874,,,,,,,,,,,,,,
00:00:09.733,,,,,,,,,,,,,,
00:00:09.591,,,,,,,,,,,,,,
00:00:09.450,,x4,,,,,,,,,,,,
00:00:09.308,,,,,,,,,,,,,,
00:00:09.166,,,,,,,,,,,,,,
00:00:09.024,,,,,,,,,,,,,,
00:00:08.882,,,,,x4,,,,,,,,,
00:00:08.739,,,,,,,,,,,,,,
00:00:08.597,,,,,,,,,,,,,,
00:00:08.454,,,,,,,,,,,,,,
00:00:08.311,,x4,,,,,,,,,,,,
00:00:08.169,,,,,,,,,,,,,,
00:00:08.027,,,,,,,,,,,,,,
00:00:07.888,,,,,,,,,,,,,,
00:00:07.749,,,,,x4,,,,,s,,,,
00:00:07.611,,,,,,,,,,,,,,
00:00:07.473,,,,,,,,,,,,,,
00:00:07.334,,,,,,,,,,,,,,
00:00:07.194,,x4,,,,,,,,,,,,
00:00:07.053,,,,,,,,,,,,,,
00:00:06.911,,,,,,,,,,,,,,
00:00:06.769,,,,,,,,,,,,,,
00:00:06.625,,,,,x4,,,,,,,,,
00:00:06.481,,,,,,,,,,,,,,
00:00:06.338,,,,,,,,,,,,,,
00:00:06.194,,,,,,,,,,,,,,
00:00:06.051,,x4,,,,,,,,,,,,
00:00:05.908,,,,,,,,,,,,,,
00:00:05.765,,,,,,,,,,,,,,
00:00:05.622,,,,,,,,,,,,,,
00:00:05.480,,,,,x4,,,,,,,,,
00:00:05.337,,,,,,,,,,,,,,
00:00:05.195,,,,,,,,,,,,,,
00:00:05.053,,,,,,,,,,,,,,
00:00:04.911,,x4,,,,,,,,,,,,
00:00:04.769,,,,,,,,,,,,,,
00:00:04.628,,,,,,,,,,,,,,
00:00:04.486,,,,,,,,,,,,,,
00:00:04.345,,,,,x4,,,,,,,,,
00:00:04.203,,,,,,,,,,,,,,
00:00:04.062,,,,,,,,,,,,,,
00:00:03.921,,,,,,,,,,,,,,
00:00:03.780,,x4,,,,,,,,,,,,
00:00:03.640,,,,,,,,,,,,,,
00:00:03.499,,,,,,,,,,,,,,
00:00:03.359,,,,,,,,,,,,,,
00:00:03.219,,,,,x4,,,s,,,,,,
00:00:03.079,,,,,,,,,,,,,,
00:00:02.939,,,,,,,,,,,,,,
00:00:02.800,,,,,,,,,,,,,,
00:00:02.660,,x2,,,,,,,,,,,,
00:00:02.521,,,,,,,,,,,,,,
00:00:02.381,,,,,,,,,,,,,,
00:00:02.242,,,,,,,,,,,,,,
00:00:02.103,,x2,,,,,,,,,,,,
00:00:01.962,,,,,,,,,,,,,,
00:00:01.820,,,,,,,,,,,,,,
00:00:01.675,,,,,,,,,,,,,,
00:00:01.528,,x2,,,,,,,,,,,,
00:00:01.376,,,,,,,,,,,,,,
00:00:01.217,,,,,,,,,,,,,,
00:00:01.068,,,,,,,,,,,,,,
00:00:00.945,,x2,,,,,,,,,,,,
00:00:00.830,,,,,,,,,,,,,,
00:00:00.715,,,,,,,,,,,,,,
00:00:00.599,,,,,,,,,,,,,,
00:00:00.481,,,,,,,,,,,,,,
00:00:00.362,,,,,,,,,,,,,,
00:00:00.243,,,,,,,,,,,,,,
00:00:00.122,,,,,,,,,,,,,,
00:00:00.000,*,,*,*,,*,,,,,,,,