00:03:04.444,,,,,,,,,,,,,,,
00:03:04.118,,,,,,,,,,,,,,,
00:03:03.792,,,,,,,,,,,,,,,
00:03:03.466,,,,,,,,,,,,,,,
00:03:03.140,,,,,,,,,,,,,,,
00:03:02.814,,,,,,,,,,,,,,,
00:03:02.488,,,,,,,,,,,,,,,
00:03:02.162,,,,,,,,,,,,,,,
00:03:01.836,,,,,,,,,,,,,,,
00:03:01.509,,,,,,,,,,,,,,,
00:03:01.183,,,,,,,,,,,,,,,
00:03:00.857,,,,,,,,,,,,,,,
00:03:00.531,,,,,,,,,,,,,,,
00:03:00.205,,,,,,,,,,,,,,,
00:02:59.879,,,,,,,,,,,,,,,
00:02:59.561,,,,,,,,,,,,,,,
00:02:59.244,,,,,,,,,,,,,,,
00:02:58.926,,,,,,,,,,,,,,,
00:02:58.609,,,,,,,,,,,,,,,
00:02:58.340,,,,,,,,,,,,,,,
00:02:58.072,,,,,,,,,,,,,,,
00:02:57.893,,,,,,,,,,,,,,,
00:02:57.803,,,,,,,,,,,,,,,
00:02:57.535,,,,,,,,,,,,,,,
00:02:57.297,,,,,,,,,,,,,,,
00:02:57.059,,,,,,,,,,,,,,,
00:02:56.940,,,,,,,,,,,,,,,
00:02:56.821,,,,,,,,,,,,,,,
00:02:56.583,,,,,,,,,,,,,,,
00:02:56.420,,,,,,,,,,,,,,,
00:02:56.258,,,,,,,,,,,,,,,
00:02:56.096,,,,,,,,,,,,,,,
00:02:55.933,,,,,,,,,,,,,,,
00:02:55.790,,,,,,,,,,,,,,,
00:02:55.647,,,,,,,,,,,,,,,
00:02:55.503,,,,,,,,,,,,,,,
00:02:55.360,,,,,,,,,,,,,,,
00:02:55.217,,,,,,,,,,,,,,,
00:02:55.074,,,,,,,,,,,,,,,
00:02:54.931,,,,,,,,,,,,,,,
00:02:54.788,,,,,,,,,,,,,,,
00:02:54.645,,,,,,,,,,,,,,,
00:02:54.503,,,,,,,,,,,,,,,
00:02:54.360,,,,,,,,,,,,,,,
00:02:54.217,,,,,,,,,,,,,,,
00:02:54.095,,,,,,,,,,,,,,,
00:02:53.973,,,,,,,,,,,,,,,
00:02:53.851,,,,,,,,,,,,,,,
00:02:53.729,,,,,,,,,,,,,,,
00:02:53.625,,,,,,,,,,,,,,,
00:02:53.522,,,,,,,,,,,,,,,
00:02:53.418,,,,,,,,,,,,,,,
00:02:53.314,,,,,,,,,,,,,,,
00:02:53.211,,,,,,,,,,,,,,,
00:02:53.107,,,,,,,,,,,,,,,
00:02:53.004,,,,,,,,,,,,,,,
00:02:52.901,,,,,,,,,,,,,,,
00:02:52.798,,,,,,,,,,,,,,,
00:02:52.695,,,,,,,,,,,,,,,
00:02:52.592,,,,,,,,,,,,,,,
00:02:52.490,,,,,,,,,,,,,,,
00:02:52.387,,,,,,,,,,,,,,,
00:02:52.284,,,,,,,,,,,,,,,
00:02:52.181,,,,,,,,,,,,,,,
00:02:52.079,,,,,,,,,,,,,,,
00:02:51.977,,,,,,,,,,,,,,,
00:02:51.875,,,,,,,,,,,,,,,
00:02:51.774,,,,,,,,,,,,,,,
00:02:51.672,,,,,,,,,,,,,,,
00:02:51.571,,,,,,,,,,,,,,,
00:02:51.470,,,,,,,,,,,,,,,
00:02:51.369,,,,,,,,,,,,,,,
00:02:51.268,,,,,,,,,,,,,,,
00:02:51.168,,,,,,,,,,,,,,,
00:02:51.067,,,,,,,,,,,,,,,
00:02:50.967,,,,,,,,,,,,,,,
00:02:50.867,,,,,,,,,,,,,,,
00:02:50.767,,,,,,,,,,,,,,,
00:02:50.667,,,,,,,,,,,,,,,
00:02:50.568,,,,,,,,,,,,,,,
00:02:50.468,,,,,,,w,w,w,w,,,,,
00:02:50.368,,,,,,,,,,,,,,,
00:02:50.268,,,,,,,,,,,,,,,
00:02:50.168,,,,,,,,,,,,,,,
00:02:50.068,,,,,,,,,,,,,,,
00:02:49.966,,,,,,,,,,,,,,,
00:02:49.865,,,,,,,,,,,,,,,
00:02:49.764,,,,,,,,,,,,,,,
00:02:49.662,,,,,,,,,,,,,,,
00:02:49.559,,,,,,,,,,,,,,,
00:02:49.457,,,,,,,,,,,,,,,
00:02:49.354,,,,,,,,,,,,,,,
00:02:49.251,,,,,,,e,e,e,e,,,,,
00:02:49.148,,,,,,,,,,,,,,,
00:02:49.113,,,,,,,,,,,,,,,
00:02:49.044,,,,,,,,,,,,,,,
00:02:48.941,,,,,,,,,,,,,,,
00:02:48.837,@1,,,,,,,,,,,,,,
00:02:48.734,,,,,,,,,,,,,,,
00:02:48.630,,,,,,,,,,,,,,,
00:02:48.561,,,,,,,,,,,,,,,
00:02:48.527,,,,,,,,,,,,,,,
00:02:48.424,,,,,,,,,,,,,,,
00:02:48.320,,,,,,,,,,,,,,,
00:02:48.217,,,,,,,,,,,,,,,
00:02:48.113,,,,,,,,,,,,,,,
00:02:48.010,$^1,,,,,,,,,,,,,,
00:02:47.906,,,,,,,,,,,,,,,
00:02:47.803,,,,,,,,,,,,,,,
00:02:47.699,,,,,,,,,,,,,,,
00:02:47.596,,,@1,,,,,,,,,,,,
00:02:47.493,,,,,,,,,,,,,,,
00:02:47.389,,,,,,,,,,,,,,,
00:02:47.286,,,,,,,,,,,,,,,
00:02:47.182,,,,,,,,,,,,,,,
00:02:47.079,,,,,,,,,,,,,,,
00:02:47.044,,,,,,,,,,,,,,,
00:02:46.975,,,,,,,,,,,,,,,
00:02:46.906,,,,,,,,,,,,,,,
00:02:46.872,,,,,,,,,,,,,,,
00:02:46.768,,,$^1,,,,,,,,,,,,
00:02:46.666,,,,,,,,,,,,,,,
00:02:46.563,,,,,,,,,,,,,,,
00:02:46.460,,,,,,,,,,,,,,,
00:02:46.357,,,,@1,,,,,,,,,,,
00:02:46.256,,,,,,,,,,,,,,,
00:02:46.155,,,,,,,,,s,,,,,,
00:02:46.053,,,,,,,,,,,,,,,
00:02:45.952,,,,,,,,,,,,,,,
00:02:45.852,,,,,,,,,,,,,,,
00:02:45.752,,,,,,,,,,,,,,,
00:02:45.652,,,,,,,,,,,,,,,
00:02:45.552,,,,$^1,,,,,,,,,,,
00:02:45.452,,,,,,,,,,,,,,,
00:02:45.351,,,,,,,,,,,,,,,
00:02:45.251,,,,,,,,,,,,,,,
00:02:45.151,,,,,,@1,,,,,,,,,
00:02:45.048,,,,,,,,,,,,,,,
00:02:44.946,,,,,,,,,,,,,,,
00:02:44.843,,,,,,,,,,,,,,,
00:02:44.741,,,,,,,,,,,,,,,
00:02:44.636,,,,,,,,,,,,,,,
00:02:44.532,,,,,,,,,,,,,,,
00:02:44.427,,,,,,,,,,,,,,,
00:02:44.323,,,,,,$^1,,,,,,,,,
00:02:44.218,,,,,,,,,,,,,,,
00:02:44.113,,,,,,,,,,,,,,,
00:02:44.008,,,,,,,,,,,,,,,
00:02:43.903,,,@1,,@1,,,,,,,,,,
00:02:43.799,,,,,,,,,,,,,,,
00:02:43.695,,,,,,,,,,,,,,,
00:02:43.591,,,,,,,,,e,,,,,,
00:02:43.488,,>1,^1,>1,^1,,,,,,,,,,
00:02:43.385,,,,,,,,,,,,,,,
00:02:43.282,,,,,,,,,,,,,,,
00:02:43.180,,,,,,,,,,,,,,,
00:02:43.077,,$^1,,$^1,,,,,,,,,,,
00:02:42.975,,,,,,,,,,,,,,,
00:02:42.873,,,,,,,,,,,,,,,
00:02:42.771,,,,,,,,,,,,,,,
00:02:42.669,,@1,,@1,,,,,,,,,,,
00:02:42.567,,,,,,,,,,,,,,,
00:02:42.465,,,,,,,,,,,,,,,
00:02:42.363,,,,,,,,,,,,,,,
00:02:42.261,,^1,<1,^1,<1,,,,s,,,,,,
00:02:42.159,,,,,,,,,,,,,,,
00:02:42.057,,,,,,,,,,,,,,,
00:02:41.955,,,,,,,,,,,,,,,
00:02:41.853,,,$^1,,$^1,,,,,,,,,,
00:02:41.750,,,,,,,,,,,,,,,
00:02:41.648,,,,,,,,,,,,,,,
00:02:41.546,,,,,,,,,,,,,,,
00:02:41.444,,,,@1,,,,,,,,,,,
00:02:41.342,,,,,,,,,,,,,,,
00:02:41.239,,,,,,,,,,,,,,,
00:02:41.137,,,,,,,,,,,,,,,
00:02:41.034,,,,,,,,,,,,,,,
00:02:40.932,,,,,,,,,,,,,,,
00:02:40.829,,,,,,,,,,,,,,,
00:02:40.727,,,,,,,,,,,,,,,
00:02:40.624,,,,$^1,,,,,,,,,,,
00:02:40.521,,,,,,,,,,,,,,,
00:02:40.418,,,,,,,,,,,,,,,
00:02:40.315,,,,,,,,,,,,,,,
00:02:40.212,,@1,,,,,,,,,,,,,
00:02:40.109,,,,,,,,,,,,,,,
00:02:40.006,,,,,,,,,,,,,,,
00:02:39.903,,,,,,,,,e,,,,,,
00:02:39.800,,$^1,,,,,,,,,,,,,
00:02:39.697,,,,,,,,,,,,,,,
00:02:39.593,,,,x1,,,,,,,,,,,
00:02:39.490,,,,,,,,,,,,,,,
00:02:39.387,,,,,x1,,,,,,,,,,
00:02:39.284,,,,,,,,,,,,,,,
00:02:39.181,,,,,,x1,,,,,,,,,
00:02:39.079,,,,,,,,,,,,,,,
00:02:38.976,,,,,,,,,,,,,,,
00:02:38.874,,,,,,,,,,,,,,,
00:02:38.772,,,@1,,@1,,,,,,,,,,
00:02:38.670,,,,,,,,,,,,,,,
00:02:38.568,,,,,,,,,,,,,,,
00:02:38.466,,,,,,,,,,,,,,,
00:02:38.364,,,,,,,,,,,,,,,
00:02:38.262,,,,,,,,,,,,,,,
00:02:38.160,,,$^1,,$^1,,,,,,,,,,
00:02:38.057,,,,,,,,,,,,,,,
00:02:37.955,,,,,,,,,,,,,,,
00:02:37.853,,,,,,,,,,,,,,,
00:02:37.751,,@1,,@1,,,,,,,,,,,
00:02:37.649,,,,,,,,,,,,,,,
00:02:37.547,,,,,,,,,,,,,,,
00:02:37.445,,,,,,,,,,,,,,,
00:02:37.343,,,,,,,,,,,,,,,
00:02:37.241,,,,,,,,,,,,,,,
00:02:37.139,,,,,,,,,,,,,,,
00:02:37.037,,,,,,,,,,,,,,,
00:02:36.935,,$^1,,$^1,,,,,,,,,,,
00:02:36.833,,,,,,,,,,,,,,,
00:02:36.730,,,,,,,,,,,,,,,
00:02:36.628,,,,,,,,,,,,,,,
00:02:36.526,,,,,,,,,,,,,,,
00:02:36.423,,,,,,,,,,,,,,,
00:02:36.320,x1,,,,,x1,,,,,,,,,
00:02:36.218,,,,,,,,,,,,,,,
00:02:36.115,,,,,,,,,,,,,,,
00:02:36.012,,,,,,,,,,,,,,,
00:02:35.909,,x1,,,x1,,,,,,,,,,
00:02:35.805,,,,,,,,,,,,,,,
00:02:35.702,,,,,,,,,,,,,,,
00:02:35.599,,,,,,,,,,,,,,,
00:02:35.496,,@1,,,@1,,,,,,,,,,
00:02:35.393,,,,,,,,,,,,,,,
00:02:35.290,,,,,,,,,,,,,,,
00:02:35.188,,,,,,,,,,,,,,,
00:02:35.086,,,,,,,,,,,,,,,
00:02:34.984,,^1,<1,>1,^1,,,,,,,,,,
00:02:34.882,,,,,,,,,,,,,,,
00:02:34.781,,,,,,,,,,,,,,,
00:02:34.680,,,,,,,,,,,,,,,
00:02:34.579,,,,,,,,,,,,,,,
00:02:34.478,,,$^1,$^1,,,,,,,,,,,
00:02:34.374,,,,,,,,,,,,,,,
00:02:34.271,,,,,,,,,,,,,,,
00:02:34.168,,,,,,,,,,,,,,,
00:02:34.065,,,,,,,,,,,,,,,
00:02:33.959,,,,,,,,,,,,,,,
00:02:33.854,,@1,,,@1,,,,,,,,,,
00:02:33.748,,,,,,,,,,,,,,,
00:02:33.642,,,,,,,,,,,,,,,
00:02:33.537,>1,^1,,,^1,<1,,,,,,,,,
00:02:33.431,,,,,,,,,,,,,,,
00:02:33.326,,,,,,,,,,,,,,,
00:02:33.220,$^1,,,,,$^1,,,,,,,,,
00:02:33.114,,,,,,,,,,,,,,,
00:02:33.009,,,,,,,,,,,,,,,
00:02:32.903,,,,,,,,,,,,,,,
00:02:32.797,,@1,,,@1,,,,,,,,,,
00:02:32.692,,,,,,,,,,,,,,,
00:02:32.586,,,,,,,,,,,,,,,
00:02:32.481,,,,,,,,,,,,,,,
00:02:32.375,,,,,,,,,,,,,,,
00:02:32.270,,,,,,,,,,,,,,,m
00:02:32.166,,,,,,,,,,,,,,,
00:02:32.061,,,,,,,,,,,,,,,m
00:02:31.957,,$^1,,,$^1,,,,,s,,,,,
00:02:31.854,,,,,,,,,,,,,,,m
00:02:31.752,,,,,,,,,,,,,,,
00:02:31.650,,,,,,,,,,,,,,,m
00:02:31.547,x1,,,,,x2,,,,,,,,,
00:02:31.447,,,,,,,,,,,,,,,m
00:02:31.346,,,,,,,,,,,,,,,
00:02:31.246,,,,,,,,,,,,,,,
00:02:31.146,,x1,,,x2,,,,,,,,,,
00:02:31.040,,,,,,,,,,,,,,,
00:02:30.933,,,,,,,,,,,,,,,
00:02:30.827,,,,,,,,,,,,,,,
00:02:30.721,,,x1,x2,,,,,,,,,,,
00:02:30.610,,,,,,,,,,,,,,,
00:02:30.500,,,,,,,,,,,,,,,
00:02:30.389,,,,,,,,,,,,,,,
00:02:30.279,,,,,,,,,,,,,,,
00:02:30.177,,,,,,,,,,,,,,,
00:02:30.075,,,,,,,,,,,,,,,
00:02:29.973,,,,,,,,,,,,,,,
00:02:29.871,,,,,,,,,,,,,,,
00:02:29.769,,,,,,,,,,,,,e,e,
00:02:29.666,,,,,,,,,,,,,,,
00:02:29.563,,,,,,,,,,,,,,,
00:02:29.460,,r1,,,l2,,,,,,,,,,
00:02:29.360,,,,,,,,,,,,,,,
00:02:29.260,,,,,,,,,,,,,,,
00:02:29.160,,,,,,,,,,,,,,,
00:02:29.061,,,,,,,,,,,,,,,
00:02:28.956,,,,,,,,,,,,,,,m
00:02:28.851,,,,,@2,,,,,,e,,,,
00:02:28.746,,,,,,,,,,,,,,,m
00:02:28.641,,,,,,,,,,,,,,,
00:02:28.530,,,,,,,,,,,,,,,m
00:02:28.420,,,,,,,,,,,,,,,
00:02:28.309,,,,,,,,,,,,,,,m
00:02:28.199,,,,>2,^2,,,,,,,,,,
00:02:28.090,,,,,,,,,,,,,,,m
00:02:27.982,,,,,,,,,,,,,,,
00:02:27.873,,,,,,,,,,,,,,,
00:02:27.765,,,,,,,,,,,,,,,
00:02:27.666,,,,,,,,,,,,,,,
00:02:27.567,,,,$^2,,,,,,,,,,,
00:02:27.468,,,,,,,,,,,,,,,
00:02:27.369,,x2,,,,,,,,,,,,,
00:02:27.257,,,,,,,,,,,,,,,
00:02:27.144,,,,,,,,,,,,,,,
00:02:27.032,,,,,,,,,,,,,,,
00:02:26.920,,x2,,,x2,,,,,,,,,,
00:02:26.814,,,,,,,,,,,,,,,
00:02:26.707,,,,,,,,,,,,,,,
00:02:26.601,,,,,,,,,,,,,,,
00:02:26.495,,,,x2,,,,,,,,,,,
00:02:26.393,,,,,,,,,,,,,,,
00:02:26.291,,,x2,,,,,,,,,,,,
00:02:26.188,,,,,,,,,,,,,,,
00:02:26.086,,@2,,,,,,,,,,,,,
00:02:25.974,,,,,,,,,,,,,,,
00:02:25.862,,,,,,,,,,,,,,,
00:02:25.750,,,,,,,,,,,,,,,
00:02:25.638,,$^2,,,,,,,,,,,,,
00:02:25.535,,,,,,,,,,,,,,,m
00:02:25.433,,,,,,,,,,,,,,,
00:02:25.330,,,,,,,,,,,,,,,m
00:02:25.227,,,,x2,,,,,,,,,,,
00:02:25.124,,,,,,,,,,,,,,,m
00:02:25.022,,,,,,,,,,,,,,,
00:02:24.919,,,,,,,,,,,,,,,m
00:02:24.816,,,,,x2,,,,,,,,,,
00:02:24.714,,,,,,,,,,,s,,,,m
00:02:24.611,,,,,,,,,,,,,,,
00:02:24.508,,,,,,,,,,,,,,,
00:02:24.405,,,,,,,,,,,,,,,
00:02:24.303,,,,,,,,,,,,,,,
00:02:24.200,,,,,,,,,,,,,,,
00:02:24.097,,,,,,,,,,,,,,,
00:02:23.994,,,,,,,,,,,,,,,
00:02:23.892,,,,,,,,,,,,,,,
00:02:23.789,,,,,,,,,,,,,,,
00:02:23.686,,,,,,,,,,,,,,,
00:02:23.583,,,,,,,,,,,,,,,
00:02:23.481,,,,,,,,,,,,,,,
00:02:23.378,,,,,,,,,,,,,,,
00:02:23.275,,,,,,,,,,,,,,,
00:02:23.172,,@2,,,@2,,,,,,e,,,,
00:02:23.069,,,,,,,,,,,,,,,
00:02:22.966,,,,,,,,,,,,,,,
00:02:22.862,,,,,,,,,,,,,,,
00:02:22.759,,,,,,,,,,,,,,,
00:02:22.654,,,,,,,,,,,,,,,
00:02:22.549,>2,^2,,,^2,<2,,,,,,,,,
00:02:22.444,,,,,,,,,,,,,,,
00:02:22.339,,,,,,,,,,,,,,,
00:02:22.233,,,,,,,,,,,,,,,
00:02:22.128,,,,,,,,,,,,,,,
00:02:22.022,,,,,,,,,,,,,,,
00:02:21.917,$^2,,,,,$^2,,,,,,,,,
00:02:21.811,,,,,,,,,,,,,,,
00:02:21.705,,,,,,,,,,,,,,,
00:02:21.600,,,,,,,,,,,,,,,
00:02:21.494,,x2,,,x2,,,,,,,,,,
00:02:21.388,,,,,,,,,,,,,,,
00:02:21.283,,,,,,,,,,,,,,,
00:02:21.177,,,,,,,,,,,,,,,mo
00:02:21.071,,@2,,,@2,,,,,,,,,,
00:02:20.966,,,,,,,,,,,,,,,
00:02:20.860,,,,,,,,,,,,,,,
00:02:20.755,,,,,,,,,,,,,,,
00:02:20.649,,$^2,,,$^2,,,,,,,,,,
00:02:20.543,,,,,,,,,,,,,,,
00:02:20.438,,,,,,,,,,,,,,,
00:02:20.332,,,,,,,,,,,,,,,
00:02:20.226,,,x2,x2,,,,,,,s,,,,
00:02:20.121,,,,,,,,,,,,,,,
00:02:20.015,,,,,,,,,,,,,,,
00:02:19.909,,,,,,,,,,,,,,,
00:02:19.804,,,,,,,,,,,,,,,
00:02:19.698,,,,,,,,,,,,,,,mi
00:02:19.593,,,,,,,,,,,,,,,
00:02:19.487,,,,,,,,,,,,,,,mo
00:02:19.381,,,,x2,,,,,,,,,s,s,
00:02:19.276,,,,,,,,,,,,,,,
00:02:19.170,,,,,,,,,,,,,,,
00:02:19.064,,,,,,,,,,,,,,,
00:02:18.959,,,,,,x2,,,,,,,,,
00:02:18.853,,,,,,,,,,,,,,,mi
00:02:18.748,,,,,,,,,,,,,,,
00:02:18.642,,,,,,,,,,,,,,,mo
00:02:18.536,,,x2,,,,,,,,,,,,
00:02:18.431,,,,,,,,,,,,,,,
00:02:18.325,,,,,,,,,,,,,,,
00:02:18.219,,,,,,,,,,,,,,,
00:02:18.114,x2,,,,,,,,,,,,,,
00:02:18.008,,,,,,,,,,,,,,,mi
00:02:17.903,,,,,,,,,,,,,,,
00:02:17.798,,,,,,,,,,,,,,,
00:02:17.693,,,,,,,,,,,,,,,mo
00:02:17.588,,,,,,,,,,,,,,,
00:02:17.484,,,,,,,,,,,,,,,
00:02:17.379,,,,,,,,,,,,,,,
00:02:17.275,,,,,,,,,,,,,,,
00:02:17.171,,,,,,,,,,,,,,,mi
00:02:17.067,,,,,,,,,,,,,,,
00:02:16.963,,,,,,,,,,,,,,,mo
00:02:16.859,,r1,,,l1,,,,,,,,,,
00:02:16.755,,,,,,,,,,,,,,,
00:02:16.651,,,,,,,,,s,,,,,,
00:02:16.546,,,,,,,,,,,,,,,
00:02:16.442,,,,,,,,,,,,,,,
00:02:16.336,,,,,,,,,,,,,e,e,mi
00:02:16.230,,,,,,,,,,,,,,,
00:02:16.124,,,,,,,,,,,e,,,,
00:02:16.018,,,,,@2,,,,,,,,,,
00:02:15.910,,,,,,,,,,,,,,,
00:02:15.802,,,,,,,,,,,,,,,
00:02:15.695,,,,,,,,,,,,,,,
00:02:15.587,,,,,,,,,,,,,,,
00:02:15.479,,,,,,,,,,,,,,,
00:02:15.372,,,,>2,^2,,,,,,,,,,
00:02:15.265,,,,,,,,,,,,,,,
00:02:15.157,,,,,,,,,,,,,,,
00:02:15.052,,,,,,,,,,,,,,,
00:02:14.948,,,,$^2,,,,,,,,,,,mo
00:02:14.843,,,,,,,,,,,,,,,
00:02:14.738,,,x2,,,,,,,,,,,,
00:02:14.635,,,,,,,,,,,,,,,
00:02:14.533,,,,,,,,,,,,,,,
00:02:14.430,,,,,,,,,e,,,,,,mi
00:02:14.328,,,,,x2,,,,s,,,,,,
00:02:14.225,,,,,,,,,,,,,,,mo
00:02:14.122,,,,,,,,,,,,,,,
00:02:14.018,,,,,,,,,,,,,,,mi
00:02:13.915,,x2,,,,,,,,,,,,,
00:02:13.808,,,,,,,,,,,,,,,mo
00:02:13.702,,,,,,,,,,,,,,,
00:02:13.595,,,,,,,,,,,,,,,mi
00:02:13.488,,,@2,,,,,,,,,,,,
00:02:13.383,,,,,,,,,,,,,,,m
00:02:13.278,,,,,,,,,,,,,,,
00:02:13.173,,,,,,,,,,,,,,,mo
00:02:13.068,,,$^2,,,,,,,,,,,,
00:02:12.966,,,,,,,,,,,,,,,mi
00:02:12.864,,,,,,,,,,,,,,,
00:02:12.762,,,,,,,,,,,,,,,
00:02:12.660,,,,r2,,,,,,,s,,,,
00:02:12.557,,,,,,,,,,,,,,,
00:02:12.453,,,,,,,,,,,,,,,
00:02:12.350,,,,,,,,,,,,,,,
00:02:12.247,,,,,,,,,,,,,,,m
00:02:12.142,,,,,,,,,e,,,,,,
00:02:12.037,,,,,,,,,,,,,,,
00:02:11.932,,,,,,,,,,,,,,,m
00:02:11.827,,,,,,,,,,,,,,,
00:02:11.722,,,,x2,,,,,,,,,,,m
00:02:11.617,,,,,,,,,,,,,,,
00:02:11.511,,,,,,,,,,,,,,,m
00:02:11.406,,,,,,x2,,,,,,,,,
00:02:11.301,,,,,,,,,,,,,,,m
00:02:11.197,,,,,,,,,,,,,,,
00:02:11.092,,,,,,,,,,,,,,,
00:02:10.988,,,x2,,,,,,,,,,,,
00:02:10.884,,,,,,,,,,,,,,,
00:02:10.780,,,,,,,,,,,e,,,,
00:02:10.676,,,,,,,,,,,,,,,
00:02:10.573,x2,,,,,,,,s,,,,,,
00:02:10.469,,,,,,,,,,,,,,,m
00:02:10.365,,,,,,,,,,,,,,,
00:02:10.261,,,,,,,,,,,,,,,m
00:02:10.157,,,,,,,,,,,,,,,
00:02:10.052,,,,,,,,,,,,,,,m
00:02:09.947,@2,,,,,@2,,,,,,,,,
00:02:09.842,,,,,,,,,,,,,,,m
00:02:09.737,,,,,,,,,,,,,,,
00:02:09.631,^2,<2,,,>2,^2,,,,,,,,,m
00:02:09.525,,,,,,,,,,,,,,,
00:02:09.420,,,,,,,,,e,,,,,,
00:02:09.314,,$^2,,,$^2,,,,s,,,,,,
00:02:09.207,,,,,,,,,,,,,,,
00:02:09.100,,,,,,,,,,,,,,,
00:02:08.993,,,,,,,,,,,,,,,m
00:02:08.887,,x2,,,x2,,,,,,,,,,
00:02:08.779,,,,,,,,,,,,,,,mo
00:02:08.672,,,,,,,,,,,,,,,
00:02:08.564,,,,,,,,,,,,,,,mi
00:02:08.457,,,@2,@2,,,,,,,,,,,
00:02:08.348,,,,,,,,,,,,,,,m
00:02:08.240,,,,,,,,,,,,,,,
00:02:08.132,,,,,,,,,,,,,,,mo
00:02:08.023,,,$^2,$^2,,,,,,,,,,,
00:02:07.916,,,,,,,,,,,,,,,mi
00:02:07.809,,,,,,,,,,,,,,,
00:02:07.701,,,,,,,,,,,,,,,
00:02:07.594,,r2,,,l2,,,,,,s,,,,
00:02:07.490,,,,,,,,,,,,,,,
00:02:07.385,,,,,,,,,,,,,,,
00:02:07.281,,,,,,,,,,,,,,,
00:02:07.176,,,,,,,,,,,,,,,
00:02:07.074,,,,,,,,,,,,,,,m
00:02:06.972,,,,,,,,,,,,,,,
00:02:06.870,,,,,,,,,e,,,,,,m
00:02:06.768,#,l1,#,#,r1,#,,,,,,,s,s,
00:02:06.667,,,,,,,,,,,e,,,,m
00:02:06.566,,,,,,,,,,,,,,,
00:02:06.465,,,,,,,,,,,,,,,m
00:02:06.364,,,,,,,,,,,,,,,
00:02:06.262,,,,,,,,,,,,,,,m
00:02:06.160,,,,,,,,,,,,,,,
00:02:06.058,,,,,,,,,,,,,,,
00:02:05.956,,l2,,,r2,,,,,,,,,,
00:02:05.853,,,,,,,,,,,,,,,
00:02:05.750,,,,,,,,,,,,,,,
00:02:05.647,,,,,,,,,,,,,,,
00:02:05.544,,,,,,,,,,,,,,,
00:02:05.441,,,,,,,,,,,,,,,m
00:02:05.338,,x2,,,x2,,,,,,,,,,
00:02:05.236,,,,,,,,,,,,,,,m
00:02:05.133,,,,,,,,,,,,,,,
00:02:05.031,,,,,,,,,,,,,,,m
00:02:04.930,,,,,,,,,,,,,,,
00:02:04.829,,,,,,,,,,,,,,,m
00:02:04.727,,,x2,,,,,,,,,,,,
00:02:04.627,,,,,,,,,,,,,,,m
00:02:04.594,,x2,,,,,,,,,,,,,
00:02:04.527,,,,,,,,,,,,,,,
00:02:04.461,,,x2,,,,,,,,,,,,
00:02:04.427,,,,,,,,,,,,,,,
00:02:04.327,,,,x2,,,,,s,,,,,,
00:02:04.227,,,,,,,,,,,,,,,
00:02:04.126,,,,,,,,,,,,,,,
00:02:04.025,,,,,,,,,,,,,,,m
00:02:03.924,,@1,,,x2,,,,,,,,,,
00:02:03.820,,,,,,,,,,,,,,,m
00:02:03.716,,,,x2,,,,,,,s,,,,
00:02:03.612,,,,,,,,,,,,,,,m
00:02:03.508,,,,,,,,,,,,,,,
00:02:03.404,,,,,,,,,,,e,,,,m
00:02:03.299,,,,x2,,,,,,,,,,,
00:02:03.195,,,,,,,,,,,,,,,m
00:02:03.090,,,,,,,,,,,,,,,
00:02:02.987,,,,,,,,,,,,,,,
00:02:02.883,,,,,,,,,,,,,,,
00:02:02.814,,,,,x2,,,,,,,,,,
00:02:02.780,,,,,,,,,,,,,,,
00:02:02.676,,,,,,,,,e,,,,,,m
00:02:02.573,,,,,,,,,,,,,,,
00:02:02.469,,,,x2,,,,,,,,,,,mo
00:02:02.366,,,,,,,,,,,,,,,
00:02:02.262,,$^1,,,x2,,,,,,s,,,,mi
00:02:02.159,,,,,,,,,,,,,,,
00:02:02.056,,,x1,,,,,,,,,,,,m
00:02:01.952,,,,,,,,,,,,,,,
00:02:01.849,,,,,,,,,,,,,,,mo
00:02:01.745,,,,x1,,,,,,,,,,,
00:02:01.642,,,,,,,,,,,,,,,mi
00:02:01.538,,,,,,,,,,,,,,,
00:02:01.435,,,,,,,,,,,,,,,
00:02:01.331,,,,,,,,,,,,,,,
00:02:01.228,,,x1,,,,,,,,,,,,
00:02:01.125,,,,,,,,,,,,,,,
00:02:01.021,,x1,,,,,,,,,,,,,
00:02:00.918,,,,,,,,,,,,,,,
00:02:00.814,,,,x1,,,,,,,,,,,m
00:02:00.711,,,,,,,,,,,,,,,
00:02:00.607,,,,,,,,,,,,,,,m
00:02:00.504,,,,,x1,,,,,,,,,,
00:02:00.400,,,,,,,,,,,e,,,,m
00:02:00.297,,,,,,,,,,,,,,,
00:02:00.194,,x1,,,,,,,,,,,,,m
00:02:00.090,,,,,,,,,,,,,,,
00:01:59.987,,,,,,,,,,,,,,,m
00:01:59.883,,,,,,,,,,,,,,,
00:01:59.780,,,,,,,,,,,,,,,
00:01:59.670,,,,,,,,,s,,,,,,
00:01:59.561,,,,r3,,,,,,,,,,,
00:01:59.451,,,,,,,,,,,,,,,
00:01:59.341,,x3,,,,,,,,,,,,,
00:01:59.233,,,,,,,,,,,,,,,
00:01:59.125,,,x3,,,,,,,,,,,,m
00:01:59.017,,,,,,,,,,,,,,,
00:01:58.909,,,,,,,,,,,,,,,m
00:01:58.807,,,,,,,,,,,,,,,
00:01:58.706,,,,x2,,,,,,,,,,,m
00:01:58.604,,,,,,,,,,,,,,,
00:01:58.502,,,x2,,,,,,,,,,,,m
00:01:58.399,,,,,,,,,,,,,,,
00:01:58.295,,,,,,,,,,,,,,,m
00:01:58.192,,,,,,,,,,,,,,,
00:01:58.088,,x2,,,,,,,,,,,,,
00:01:57.983,,,,,,,,,,,,,,,
00:01:57.877,,,,,,,,,,,,,,,
00:01:57.772,,,,,,,,,,,,,,,
00:01:57.666,,,,,r2,,,,e,,s,,,,
00:01:57.523,,,,,,,,,,,,,,,
00:01:57.558,,,,,,,,,,,,,,,m
00:01:57.451,,,,,,,,,,,,,,,
00:01:57.343,,,,,,,,,,,,,,,m
00:01:57.236,,,@1,,,,,,,,,,,,
00:01:57.131,,,,,,,,,,,,,,,m
00:01:57.027,,>1,^1,,,,,,,,,,,,
00:01:56.922,,,,,,,,,,,,,,,m
00:01:56.818,,$^1,,,,,,,,,,,,,
00:01:56.717,,,,,,,,,,,,,,,m
00:01:56.617,,,,,,,,,,,,,,,
00:01:56.517,,,,,,,,,,,,,,,
00:01:56.416,,,,x1,,,,,,,,,,,
00:01:56.316,,,,,,,,,,,,,,,
00:01:56.216,,,,,,,,,,,,,,,
00:01:56.116,,,,,,,,,,,,,,,m
00:01:56.016,,,,,x1,,,,,,,,,,
00:01:55.917,,,,,,,,,,,,,,,mo
00:01:55.817,,,,,,,,,,,,,,,
00:01:55.718,,@1,,,,,,,,,,,,,mi
00:01:55.618,,,,,,,,,,,,,,,
00:01:55.517,,,,,,,,,,,,,,,m
00:01:55.416,,,,,,,,,,,,,,,
00:01:55.315,,,,,,,,,,,e,,,,mo
00:01:55.215,,,,,@2,,,,,,,,,,
00:01:55.113,,,,,,,,,,,,,,,mi
00:01:55.012,,,,,,,,,,,,,,,
00:01:54.911,,,,,,,,,,,,,,,
00:01:54.810,,$^1,,,,,,,,,,,,,
00:01:54.704,,,,,,,,,s,,,,,,
00:01:54.599,,,,,,,,,,,,,,,
00:01:54.493,,,,,,,,,,,,,,,
00:01:54.388,,,,,,,,,,,,,,,
00:01:54.287,,,,,,,,,,,,,,,
00:01:54.186,,,,,$^2,,,,,,,,,,
00:01:54.086,,,,,,,,,,,,,,,
00:01:53.985,,,,,,,,,,,,,,,
00:01:53.884,,,,,,,,,,,,,,,
00:01:53.783,,,x2,,,,,,,,,,,,
00:01:53.682,,,,,,,,,,,,,,,
00:01:53.581,,x2,,,,,,,,,,,,,
00:01:53.476,,,,,,,,,,,,,,,
00:01:53.371,,,,,,,,,,,,,,,
00:01:53.265,,,,,,,,,,,,,,,
00:01:53.160,,,,x2,,,,,,,,,,,
00:01:53.054,,,,,,,,,,,,,,,
00:01:52.949,,,x2,,,,,,,,,,,,
00:01:52.843,,,,,,,,,,,,,,,
00:01:52.738,,x2,,,,,,,,,s,,,,
00:01:52.633,,,,,,,,,,,,,,,m
00:01:52.527,,,,,,,,,,,,,,,
00:01:52.422,,,,,,,,,,,,,,,m
00:01:52.317,,,,,,,,,,,,,,,
00:01:52.212,,,,,,,,,,,,,,,mo
00:01:52.107,,,,,,,,,,,,,,,
00:01:52.001,,,,,,,,,e,,,,,,
00:01:51.896,,l2,,,r2,,,,,,,,,,
00:01:51.791,,,,,,,,,,,,,,,mi
00:01:51.687,,,,,,,,,,,,,,,
00:01:51.582,,,,,,,,,,,,,,,
00:01:51.477,,,x1,x1,,,,,,,,,,,
00:01:51.372,,,,,,,,,,,,,,,
00:01:51.268,,,,,,,,,,,,,,,
00:01:51.163,,,,,,,,,,,,,,,mo
00:01:51.058,,r1,,,,,,,,,,,,,
00:01:50.954,,,,,,,,,,,,,,,
00:01:50.849,,,,,,,,,,,,,,,
00:01:50.745,,,,,,,,,,,,,,,mi
00:01:50.641,,,,,l1,,,,s,,,,,,
00:01:50.536,,,,,,,,,,,,,,,m
00:01:50.432,,,,,,,,,,,e,,,,
00:01:50.328,,,,,,,,,,,,,,,mo
00:01:50.224,,,@2,,,,,,,,,,,,
00:01:50.120,,,,,,,,,,,,,,,mi
00:01:50.016,,,,,,,,,,,,,,,
00:01:49.912,,,,,,,,,,,,,,,
00:01:49.808,,,,,,,,,,,,,,,
00:01:49.704,,,,,,,,,,,,,,,
00:01:49.600,,,,,,,,,,,,,,,
00:01:49.496,,,,,,,,,,,,,,,mo
00:01:49.393,,,,,,,,,,,,,,,
00:01:49.289,,,,,,,,,,,,,,,
00:01:49.186,,,$^2,,,,,,,,,,,,
00:01:49.082,,,,,,,,,,,,,,,mi
00:01:48.978,,,,,,,,,,,,,,,
00:01:48.874,,,,,,,,,,,,,,,m
00:01:48.770,,x2,,,,,,,,,,,,,
00:01:48.666,,,,,,,,,,,,,,,mo
00:01:48.562,,,,,,,,,,,,,,,
00:01:48.457,,x2,,,,,,,,,,,,,mi
00:01:48.352,,,,,,,,,,,,,,,
00:01:48.246,,,,,,,,,e,,,,,,
00:01:48.141,,,x2,,,,,,,,,,,,
00:01:48.034,,,,,,,,,,,,,,,
00:01:47.928,,,,x2,,,,,,,,,,,
00:01:47.821,,,,,,,,,,,,,,,mo
00:01:47.714,,,,,x2,,,,,,s,,,,
00:01:47.606,,,,,,,,,,,,,,,
00:01:47.498,,,,,,,,,,,,,,,
00:01:47.390,,,,,,,,,,,,,,,mi
00:01:47.282,,,,,,,,,,,,,,,
00:01:47.178,,,,,,,,,,,,,,,m
00:01:47.075,,,,,,,,,,,,,,,
00:01:46.971,*,r1,#,#,l1,*,,,,e,,,,,mo
00:01:46.867,,,,,,,,,,,,,,,
00:01:46.767,,,,,,,,,,,,,,,mi
00:01:46.667,,,,,,,,,,,,,,,
00:01:46.567,,,,,,,,,,,,,,,
00:01:46.467,,x2,,,x2,,,,,,,,,,
00:01:46.365,,,,,,,,,,,,,,,
00:01:46.264,,,,,,,,,,,,,,,mo
00:01:46.163,,,,,,,,,,,,,,,
00:01:46.061,,x2,,,x2,,,,,,,,,,
00:01:45.959,,,,,,,,,,,,,,,
00:01:45.856,,,,,,,,,,,,,,,
00:01:45.753,,,,,,,,,,,,,,,mi
00:01:45.650,,x2,,,x2,,,,,,e,,,,
00:01:45.548,,,,,,,,,,,,,,,m
00:01:45.445,,,,,,,,,,,,,,,
00:01:45.342,,,@1,@1,,,,,,,,,,,mo
00:01:45.240,,,,,,,,,,,,,,,
00:01:45.138,,,,,,,,,,,,,,,mi
00:01:45.037,,,,,,,,,,,,,,,
00:01:44.935,,,,,,,,,,,,,,,
00:01:44.834,,,,,,,,,,,,,,,
00:01:44.734,,,,,,,,,,,,,,,
00:01:44.634,,,$^1,$^1,,,,,,,,,,,
00:01:44.534,,,,,,,,,,,,,,,mo
00:01:44.434,,@1,,,@1,,,,,,,,,,
00:01:44.334,,,,,,,,,,,,,,,
00:01:44.234,,,,,,,,,,,,,,,
00:01:44.134,>1,^1,,,^1,<1,,,,,,,,,mi
00:01:44.034,,,,,,,,,,,,,,,
00:01:43.933,,,,,,,,,,,,,,,
00:01:43.831,$^1,,,,,$^1,,,,,,,,,m
00:01:43.730,,,,,,,,,,,,,,,
00:01:43.629,,,,,,,,,,,,,,,
00:01:43.526,,,,,@1,,,,,,,,,,m
00:01:43.423,,,,,,,,,,,,,,,
00:01:43.320,,,,,,,,,,,,,,,m
00:01:43.218,,,,,$^1,,,,,,,,,,
00:01:43.114,,,,,,,,,,,,,,,
00:01:43.011,,,,,,x1,,,,,,,,,
00:01:42.907,,,,,,,,,,,,,,,
00:01:42.804,,,,,x1,,,,,,,,,,
00:01:42.700,,,,,,,,,,,,,,,
00:01:42.597,,,,x1,,,,,,,,,,,
00:01:42.494,,,,,,,,,,,,,,,m
00:01:42.390,,,x1,,,,,,,,,,,,
00:01:42.287,,,,,,,,,,,,,,,
00:01:42.183,,x1,,,,,,,,,,,,,m
00:01:42.080,,,,,,,,,,,,,,,
00:01:41.976,x1,,,,,,,,,,,,,,
00:01:41.873,,,,,,,,,,,,,,,m
00:01:41.769,,,,,,,,,,,,,,,
00:01:41.666,,,,,,,,,,,,,,,m
00:01:41.563,@1,,,@1,,,,,,,,,,,
00:01:41.459,,,,,,,,,,,,,,,
00:01:41.356,,,,,,,,,,,,,,,
00:01:41.252,,,,,,,,,,,,,,,
00:01:41.149,,,,,,,,,,,,,,,
00:01:41.045,,,,,,,,,,,,,,,m
00:01:40.942,,,,,,,,,,,,,,,
00:01:40.838,,,,,,,,,,,,,,,
00:01:40.735,$^1,,,$^1,,,,,,,,,,,m
00:01:40.631,,,,,,,,,,,,,,,
00:01:40.528,,,,,,,,,,,,,,,
00:01:40.425,,,,,,,,,,,,,,,
00:01:40.321,,@1,,,@1,,,,,,,,,,
00:01:40.218,,,,,,,,,,,,,,,
00:01:40.114,,,,,,,,,,,,,,,m
00:01:40.011,,,,,,,,,,,,,,,
00:01:39.907,,,,,,,,,,,,,,,m
00:01:39.804,,,,,,,,,,,,,,,
00:01:39.700,,,,,,,,,,,,,,,
00:01:39.597,,,,,,,,,,,,,,,
00:01:39.494,,$^1,,,$^1,,,,,,,,,,
00:01:39.390,,,,,,,,,,,,,,,mo
00:01:39.287,,,,,,,,,,,,,,,
00:01:39.183,,,,,,,,,,,,,,,
00:01:39.080,@1,,,,,@1,,,,,,,,,
00:01:38.976,,,,,,,,,,,,,,,
00:01:38.873,,,,,,,,,,,,,,,
00:01:38.769,,,,,,,,,,,,,,,mi
00:01:38.666,^1,<1,,,>1,^1,,,,,,,,,
00:01:38.563,,,,,,,,,,,,,,,
00:01:38.459,,,,,,,,,,,,,,,
00:01:38.356,,,,,,,,,,,,,,,m
00:01:38.252,,$^1,,,$^1,,,,,,s,,,,
00:01:38.148,,,,,,,,,,,,,,,m
00:01:38.043,,,,,,,,,,,,,,,
00:01:37.938,,,,,,,,,,,,,,,
00:01:37.833,,,,,,,,,,,,,,,
00:01:37.726,,@1,,,@1,,,,,,,,,,
00:01:37.619,,,,,,,,,,,,,,,
00:01:37.511,,,,,,,,,,,,,,,
00:01:37.404,,,,,,,,,,,,,,,
00:01:37.298,,,,,,,,,,,,,,,m
00:01:37.193,,,,,,,,,,,,,,,
00:01:37.087,,,,,,,,,,,,,,,m
00:01:36.982,,$^1,,,$^1,,,,,s,,,,,
00:01:36.882,,,,,,,,,,,,,,,m
00:01:36.782,,,,,,,,,,,,,,,
00:01:36.682,,,,,,,,,,,,,,,m
00:01:36.582,,,,,,,,,,,e,,,,
00:01:36.481,,,,,,,,,,,,,,,m
00:01:36.380,,,@2,@2,,,,,,,,,,,
00:01:36.280,,,,,,,,,,,,,,,
00:01:36.179,,,,,,,,,,,,,,,
00:01:36.072,,,,,,,,,,,,,,,
00:01:35.964,,,$^2,$^2,,,,,,,,,,,
00:01:35.857,,,,,,,,,,,,,,,
00:01:35.749,,,,,,,,,,,,,,,
00:01:35.640,,,,,,,,,,,,,,,m
00:01:35.531,,x2,,,x2,,,,,,,,,,
00:01:35.422,,,,,,,,,,,,,,,
00:01:35.313,,,,,,,,,,,,,,,m
00:01:35.208,,,,,,x2,,,,,,,,,
00:01:35.103,,,,,,,,,,,,,,,
00:01:34.998,,,,,,,,,,,,,,,m
00:01:34.892,x2,,,,,,,,,,,,,,
00:01:34.790,,,,,,,,,,,,,,,m
00:01:34.687,,,,,,,,,,,,,,,
00:01:34.584,,,,,,,,,,,,,,,
00:01:34.482,,x2,,,,,,,,,,,,,
00:01:34.380,,,,,,,,,,,,,,,
00:01:34.279,,,,,x2,,,,,,s,,,,
00:01:34.178,,,,,,,,,,,,,,,
00:01:34.076,,,,,,,,,,,,,,,
00:01:33.976,,,,,,,,,,,,,,,m
00:01:33.876,,,,,,,,,,,e,,,,
00:01:33.810,,,,,,,,,,,,,,,
00:01:33.776,,,,,,,,,,,,,,,
00:01:33.676,,,,,,,,,,,,,,,m
00:01:33.573,,,,,,,,,s,,,,,,
00:01:33.539,,,,,,,,,,,,,,,m
00:01:33.471,,,,,x2,,,,,,,,,,
00:01:33.368,,,,,,,,,,,,,,,
00:01:33.265,,@1,,x2,,,,,,,,,,,
00:01:33.159,,,,,,,,,,,,,,,
00:01:33.054,,,,,,,,,,,,,,,
00:01:32.948,,,,,,,,,,,,,,,
00:01:32.843,,,,,x2,,,,,,,,,,
00:01:32.738,,,,,,,,,,,,,,,m
00:01:32.634,,,,,,,,,,,,,,,
00:01:32.530,,,,,,,,,,,,,,,m
00:01:32.426,,,,,x2,,,,,,s,,,,
00:01:32.323,,,,,,,,,,,,,,,
00:01:32.220,,,,,,,,,,,,,,,m
00:01:32.118,,,,,,,,,e,,,,,,
00:01:32.015,,$^1,,,,,,,s,,,,,,
00:01:31.915,,,,,,,,,,,,,,,m
00:01:31.815,,,,,,,,,,,,,,,
00:01:31.716,,,,,,,,,,,,,,,m
00:01:31.616,,,,,,,,,,,,,,,
00:01:31.516,,,,,,,,,,,e,,,,
00:01:31.416,,,@2,,,,,,,,,,,,
00:01:31.316,,,,,,,,,,,,,,,
00:01:31.216,,,,,,,,,,,,,,,
00:01:31.110,,,,,,,,,,,,,,,
00:01:31.004,,,$^2,,,,,,,,,,,,
00:01:30.897,,,,,,,,,,,,,,,
00:01:30.791,,,,,,,,,,,,,,,
00:01:30.681,,,,,,,,,,,,,,,
00:01:30.570,,x2,,,,,,,,,,,,,
00:01:30.459,,,,,,,,,,,,,,,
00:01:30.349,x2,,,,,,,,,,,,,,
00:01:30.251,,,,,,,,,,,,,,,
00:01:30.154,,,,@2,,,,,,,,,,,
00:01:30.057,,,,,,,,,,,,,,,
00:01:29.959,,,,,,,,,,,,,,,
00:01:29.852,,,,,,,,,,,,,,,
00:01:29.745,,,,$^2,,,,,,,,,,,
00:01:29.637,,,,,,,,,,,,,,,
00:01:29.530,,,,,x2,,,,,,,,,,
00:01:29.431,,,,,,,,,,,,,,,
00:01:29.332,,,,,,,,,,,,,,,
00:01:29.233,,,,,,,,,,,,,,,m
00:01:29.133,,x2,,,x2,,,,,,,,,,
00:01:29.031,,,,,,,,,,,,,,,m
00:01:28.928,,,,,,,,,,,,,,,
00:01:28.825,,,,,,,,,,,,,,,
00:01:28.722,,,,,,,,,,,,,,,
00:01:28.617,,,,,,,,,,,,,,,m
00:01:28.512,@1,,,,x2,,,,,,,,,,
00:01:28.407,,,,,,,,,,,,,,,
00:01:28.302,,,,,,,,,,,,,,,
00:01:28.195,,,,,,,,,,,,,,,m
00:01:28.088,,,,,,x2,,,,,,,,,
00:01:27.981,,,,,,,,,,,,,,,
00:01:27.874,,,,,x2,,,,,,,,,,
00:01:27.770,,,,,,,,,,,,,,,m
00:01:27.666,,,,,,,,,,,,,,,
00:01:27.562,,,,,,,,,,,,,,,
00:01:27.458,,,,x2,,,,,,,s,,,,
00:01:27.358,,,,,,,,,,,,,,,
00:01:27.257,,,,,,,,,,,,,,,m
00:01:27.157,,,,,,,,,,,,,,,
00:01:27.056,,,,,,,,,,,,,,,
00:01:26.952,,,,,,,,,,,,,,,m
00:01:26.849,,,,,,,,,,,,,,,
00:01:26.745,,,,,,,,,,,,,,,m
00:01:26.641,,,,,,,,,,,,,,,
00:01:26.538,,,,,,,,,,,,,,,
00:01:26.436,,,,,,,,,,,e,,,,
00:01:26.333,,,,,,,,,,,,,,,
00:01:26.230,,,,,,,,,,,,,,,
00:01:26.125,,,,,,,,,,,,,,,
00:01:26.020,,,,,,,,,,,,,,,
00:01:25.914,,,,,,,,,e,,,,,,m
00:01:25.809,,,,,,x2,,,s,,,,,,
00:01:25.704,,,,,,,,,,,,,,,
00:01:25.598,^1,<1,,,,,,,,,,,,,m
00:01:25.493,,,,,,,,,,,,,,,
00:01:25.387,,,,,x2,,,,,,,,,,
00:01:25.284,,,,,,,,,,,,,,,m
00:01:25.180,,,,,,,,,,,,,,,
00:01:25.076,,,,,,,,,,,,,,,m
00:01:24.972,,,,,x2,,,,,,,,,,
00:01:24.870,,,,,,,,,,,,,,,
00:01:24.768,,,,,,,,,,,,,,,
00:01:24.666,,,,,,,,,,,,,,,
00:01:24.564,,,,x2,,,,,,,,,,,
00:01:24.462,,,,,,,,,,,,,,,
00:01:24.360,,,,,x2,,,,,,s,,,,
00:01:24.259,,,,,,,,,,,,,,,m
00:01:24.157,,,,,,,,,,,,,,,
00:01:24.054,,,,,,,,,,,e,,,,m
00:01:23.952,,,,,,,,,,,,,,,
00:01:23.850,,,,,,,,,,,,,,,
00:01:23.747,,,,,,,,,,,,,,,
00:01:23.644,,,,,,,,,,,,,,,m
00:01:23.541,,,,,,x2,,,,,,,,,
00:01:23.438,,,,,,,,,,,,,,,m
00:01:23.335,,,,,x2,,,,,,,,,,
00:01:23.230,,,,,,,,,,,,,,,
00:01:23.125,,,,x2,,,,,,,,,,,
00:01:23.021,,,,,,,,,,,,,,,
00:01:22.916,,,,,x2,,,,,,s,,,,
00:01:22.813,,,,,,,,,,,,,,,
00:01:22.710,,,,,,,,,,,,,,,
00:01:22.607,,,,,,,,,,,,,,,m
00:01:22.503,,,,,,,,,,,,,,,
00:01:22.405,,,,,,,,,,,,,,,m
00:01:22.306,,,,,,,,,,,,,,,
00:01:22.207,,,,,,,,,e,,,,,,
00:01:22.109,,$^1,,,,,,,,,,,,,
00:01:22.008,,,,,,,,,,,,,,,m
00:01:21.908,,,,,,,,,,,,,,,
00:01:21.808,,,,,,,,,,,,,,,m
00:01:21.708,,,,,,,,,,,e,,,,
00:01:21.601,,,,,,,,,,,,,,,
00:01:21.494,@2,,,,,,,,,,,,,,
00:01:21.388,,,,,,,,,,,,,,,
00:01:21.281,,,,,,,,,,,,,,,
00:01:21.182,,,,,,,,,,,,,,,
00:01:21.083,$^2,,,,,,,,,,,,,,
00:01:20.985,,,,,,,,,,,,,,,
00:01:20.886,,,,,,,,,,,,,,,
00:01:20.782,,,,,,,,,,,,,,,m
00:01:20.679,,,l1,,,,,,,,,,,,m
00:01:20.576,,,,,,,,,,,,,,,m
00:01:20.472,,,,,,@2,,,,,,,,,
00:01:20.364,,,,,,,,,,,,,,,
00:01:20.256,,,,,,,,,,,,,,,
00:01:20.148,,,,,,,,,,,,,,,m
00:01:20.040,,,,,,$^2,,,,,,,,,
00:01:19.938,,,,,,,,,,,,,,,
00:01:19.836,,,,,,,,,,,,,,,
00:01:19.734,,,,,,,,,,,,,,,
00:01:19.632,,,,,x2,,,,,,,,,,
00:01:19.531,,,,,,,,,,,,,,,
00:01:19.430,,,,x2,,,,,,,s,,,,
00:01:19.329,,,,,,,,,,,,,,,m
00:01:19.227,,,,,,,,,,,,,,,
00:01:19.124,,,,,,,,,,,,,,,
00:01:19.020,,,@2,@2,,,,,,,e,,,,m
00:01:18.916,,,,,,,,,,,,,,,
00:01:18.812,,,,,,,,,,,,,,,
00:01:18.703,,,,,,,,,,,,,,,m
00:01:18.595,,,,,,,,,,,,,,,
00:01:18.486,,,,,,,,,,,,,,,m
00:01:18.378,,,$^2,$^2,,,,,,,,,,,
00:01:18.273,,,,,,,,,,,,,,,
00:01:18.167,,,,,,,,,,,,,,,
00:01:18.062,,x2,,,,,,,,,,,,,
00:01:17.957,,,,,,,,,,,,,,,
00:01:17.852,,,,,,,,,,,,,,,
00:01:17.748,,,,,x2,,,,,,s,,,,
00:01:17.643,,,,,,,,,,,,,,,m
00:01:17.539,,,,,,,,,,,,,,,
00:01:17.435,,,,,,,,,,,,,,,m
00:01:17.331,,,,,,,,,,,,,,,
00:01:17.227,,,,,,,,,,,,,,,
00:01:17.123,,,,,,,,,,,,,,,
00:01:17.021,,,,,,,,,,,,,,,m
00:01:16.918,,,,,,,,,,,,,,,
00:01:16.815,,,,,,,,,,,,,,,m
00:01:16.712,,,,,,,,,,,,,,,
00:01:16.610,,,,,,,,,,,,,,,
00:01:16.508,,,,,,,,,,,,,,,
00:01:16.406,,,,,,,,,,,,,,,
00:01:16.304,,,,,,,,,,,,,,,
00:01:16.202,,,,,,,,,,,,,,,
00:01:16.101,#,l1,#,#,r1,#,,,,,,,,,
00:01:16.000,,,,,,,,,,,,,,,
00:01:15.899,,,,,,,,,,,,,,,
00:01:15.797,,,,,,,,,,,,,,,
00:01:15.695,,,,,,,,,,,,,,,
00:01:15.594,,,,,,,,,,,,,,,
00:01:15.492,,,,,,,,,,,,,,,
00:01:15.388,,,,,,,,,,,,,,,
00:01:15.283,,,,,,,,,,,,,,,
00:01:15.179,,,,,,,,,,,,,,,
00:01:15.075,,,,,,,,,,,,,,,
00:01:14.968,,,,,,,,,,,,,,,
00:01:14.862,,,,,,,,,,,,,,,
00:01:14.755,,,,,,,,,,,,,,,
00:01:14.649,,,,,,,,,,,,,,,
00:01:14.542,,,,,,,,,,,,,,,
00:01:14.434,,,,,,,,,,,,,,,
00:01:14.327,,,,,,,,,,,,,e,e,
00:01:14.220,,,,,,,,,,,,,,,
00:01:14.114,,,,,,,,,,,,,,,
00:01:14.009,,@2,,,@2,,,,,,,,,,
00:01:13.903,,,,,,,,,,,e,,,,
00:01:13.797,,,,,,,,,,,,,,,
00:01:13.693,,,,,,,,,,,,,,,
00:01:13.589,,,,,,,,,,,,,,,
00:01:13.485,,,,,,,,,,,,,,,
00:01:13.381,,$^2,,,$^2,,,,,,,,,,
00:01:13.277,,,,,,,,,,,,,,,
00:01:13.173,,,,@2,,,,,,,,,,,
00:01:13.069,,,,,,,,,,,,,,,
00:01:12.965,,,,,,,,,,,,,,,
00:01:12.861,,,,,,,,,,,,,,,
00:01:12.756,,,,$^2,,,,,,,,,,,
00:01:12.652,,,,,,,,,,,,,,,
00:01:12.547,,,@2,,,,,,,,,,,,
00:01:12.442,,,,,,,,,,,,,,,
00:01:12.337,,,,,,,,,,,,,,,
00:01:12.232,,,,,,,,,,,,,,,
00:01:12.126,,,$^2,,,,,,,,,,,,
00:01:12.020,,,,,,,,,,,,,,,
00:01:11.914,,,,,x2,,,,,,,,,,
00:01:11.808,,,,,,,,,,,,,,,
00:01:11.702,,x2,,,,,,,,,,,,,
00:01:11.595,,,,,,,,,,,,,,,
00:01:11.489,,,,,@2,,,,,,,,,,
00:01:11.382,,,,,,,,,,,,,,,
00:01:11.275,,,,,,,,,,,,,,,
00:01:11.168,,,,,,,,,,,,,,,
00:01:11.060,,,,,,,,,,,,,,,
00:01:10.953,,,,,,,,,,,,,,,
00:01:10.845,,,,,$^2,,,,,,,,,,
00:01:10.738,,,,,,,,,,,,,,,
00:01:10.631,,,x2,,,,,,,,,,,,
00:01:10.524,,,,,,,,,,,,,,,
00:01:10.417,,x2,,,,,,,,,s,,,,
00:01:10.311,,,,,,,,,,,,,,,
00:01:10.205,,,,,,,,,,,,,,,
00:01:10.100,,,,,,,,,,,,,,,
00:01:09.994,,,,,,,,,,,,,,,
00:01:09.890,,,,,,,,,,,,,,,
00:01:09.785,,,,,,,,,,,,,,,
00:01:09.681,,,,,,,,,,,,,,,
00:01:09.577,,,,,,,,,,,,,s,s,
00:01:09.474,,,,,,,,,,,,,,,
00:01:09.370,,,,,,,,,,,,,,,
00:01:09.267,,,,,,,,,,,,,,,
00:01:09.163,,,,,,,,,,,,,,,
00:01:09.060,,,,,,,,,,,e,,e,e,
00:01:08.956,,,,@2,,,,,,,,,,,
00:01:08.853,,,,,,,,,,,,,,,
00:01:08.749,,,,,,,,,,,,,,,
00:01:08.646,,,,,,,,,,,,,,,
00:01:08.543,,,,$^2,,,,,,,,,,,
00:01:08.439,,,,,,,,,,,,,,,
00:01:08.336,,,,,,,,,,,,,,,
00:01:08.232,,,,,,,,,,,,,,,
00:01:08.128,,,,,l2,,,,,,,,,,
00:01:08.024,,,,,,,,,,,,,,,
00:01:07.920,,x2,,,,,,,,,,,,,mo
00:01:07.816,,,,,,,,,,,,,,,
00:01:07.711,,,,,,,,,,,,,,,
00:01:07.607,,,,,,,,,,,,,,,
00:01:07.502,,x2,,,,,,,,,,,,,
00:01:07.397,,,,,,,,,,,,,,,
00:01:07.292,,,,,,,,,,,,,,,
00:01:07.187,,,,,,,,,,,,,,,
00:01:07.081,,,,x2,,,,,,,,,,,
00:01:06.976,,,,,,,,,,,,,,,mi
00:01:06.870,,,,,,,,,,,,,,,
00:01:06.764,,,,,,,,,,,,,,,mo
00:01:06.659,,x2,,,,,,,,,,,,,
00:01:06.553,,,,,,,,,,,,,,,
00:01:06.448,,,,@2,,,,,,,,,,,
00:01:06.342,,,,,,,,,,,,,,,
00:01:06.236,,,,,,,,,,,,,,,
00:01:06.131,,,,,,,,,,,,,,,mi
00:01:06.025,,,,^2,<2,,,,,,,,,,
00:01:05.919,,,,,,,,,,,,,,,mo
00:01:05.814,,,,,$^2,,,,,,,,,,
00:01:05.708,,,,,,,,,,,,,,,
00:01:05.602,,x2,,,,,,,,,,,,,
00:01:05.497,,,,,,,,,,,,,,,
00:01:05.391,,,,,x2,,,,,,s,,,,
00:01:05.286,,,,,,,,,,,,,,,mi
00:01:05.180,,,,,,,,,,,,,,,
00:01:05.074,,,,,,,,,,,,,,,mo
00:01:04.969,,,,,,,,,,,,,,,
00:01:04.863,,,,,,,,,,,,,,,
00:01:04.757,,,,,,,,,,,,,,,
00:01:04.652,,,,,,,,,,,,,,,
00:01:04.546,,,,,,,,,,,,,s,s,
00:01:04.440,,,,,,,,,,,,,,,mi
00:01:04.335,,,,,,,,,,,,,,,
00:01:04.229,,,,,,,,,,,,,,,mo
00:01:04.124,,,,,,,,,,,,,e,e,
00:01:04.018,,,,,,,,,,,,,,,
00:01:03.912,,,,,,,,,,,,,,,
00:01:03.807,,,,,,,,,,,,,,,
00:01:03.701,,,@2,@2,,,,,,,e,,,,
00:01:03.595,,,,,,,,,,,,,,,mi
00:01:03.490,,,,,,,,,,,,,,,
00:01:03.384,,,,,,,,,,,,,,,
00:01:03.278,,,,,,,,,,,,,,,
00:01:03.173,,,,,,,,,,,,,,,
00:01:03.067,,>2,^2,^2,<2,,,,,,,,,,
00:01:02.962,,,,,,,,,,,,,,,
00:01:02.856,,,,,,,,,,,,,,,
00:01:02.750,,,,,,,,,,,,,,,
00:01:02.645,,$^2,,,$^2,,,,,,,,,,
00:01:02.539,,,,,,,,,,,,,,,m
00:01:02.433,,,,x2,,,,,,,,,,,
00:01:02.328,,,,,,,,,,,,,,,m
00:01:02.222,,,,,,,,,,,,,,,
00:01:02.117,,,,,,,,,,,,,,,mo
00:01:02.011,,,,,x2,,,,,,,,,,
00:01:01.905,,,,,,,,,,,,,,,mi
00:01:01.800,,,,,,,,,,,,,,,
00:01:01.694,,,,,,,,,,,,,,,
00:01:01.588,,,,x2,,,,,,,,,,,
00:01:01.483,,,,,,,,,,,,,,,
00:01:01.377,,,x2,,,,,,,,,,,,
00:01:01.271,,,,,,,,,,,,,,,
00:01:01.166,,@2,,,,,,,,,,,,,
00:01:01.060,,,,,,,,,,,,,,,
00:01:00.955,,,,,,,,,,,,,,,
00:01:00.849,,,,,,,,,,,,,,,
00:01:00.743,,$^2,,,,,,,,,,,,,
00:01:00.638,,,,,,,,,,,,,,,mo
00:01:00.532,,,x2,,,,,,,,,,,,
00:01:00.426,,,,,,,,,,,,,,,
00:01:00.321,,,,x2,,,,,,,s,,,,
00:01:00.215,,,,,,,,,,,,,,,
00:01:00.109,,,,,,,,,,,,,,,
00:01:00.004,,,,,,,,,,,,,,,mi
00:00:59.898,,,,,,,,,,,,,,,
00:00:59.793,,,,,,,,,,,,,,,mo
00:00:59.687,,,,,,,,,,,,,,,
00:00:59.581,,,,,,,,,,,,,,,mi
00:00:59.476,,l2,,,r2,,,,,,,,s,s,
00:00:59.372,,,,,,,,,,,,,,,mo
00:00:59.268,,,,,,,,,,,,,,,
00:00:59.164,,,,,,,,,,,,,,,mi
00:00:59.060,,,,,,,,,,,,,,,
00:00:58.959,,,,,,,,,,,,,,,m
00:00:58.858,,,,,,,,,,,,,e,e,
00:00:58.757,,,,,,,,,,,,,,,mo
00:00:58.656,,,,,,,,,,,,,,,
00:00:58.549,,,,,,,,,,,,,,,mi
00:00:58.442,,,,,,,,,,,,,,,
00:00:58.334,,,,,,,,,,,,,,,
00:00:58.227,,@2,,,@2,,,,,,e,,,,
00:00:58.118,,,,,,,,,,,,,,,
00:00:58.009,,,,,,,,,,,,,,,
00:00:57.900,,,,,,,,,,,,,,,
00:00:57.791,,,,,,,,,,,,,,,m
00:00:57.683,,,,,,,,,,,,,,,
00:00:57.574,,,,,,,,,,,,,,,
00:00:57.466,,^2,<2,>2,^2,,,,,,,,,,m
00:00:57.358,,,,,,,,,,,,,,,
00:00:57.253,,,,,,,,,,,,,,,m
00:00:57.148,,,,,,,,,,,,,,,
00:00:57.043,,,,,,,,,,,,,,,m
00:00:56.938,,,$^2,$^2,,,,,,,,,,,
00:00:56.837,,,,,,,,,,,,,,,m
00:00:56.736,,,,,,,,,,,,,,,
00:00:56.635,,,,,,,,,,,,,,,
00:00:56.534,,,,,,,,,,,,,,,
00:00:56.429,,,,,,,,,,,,,,,
00:00:56.324,,x2,,,,,,,,,,,,,
00:00:56.219,,,,,,,,,,,,,,,
00:00:56.114,,,,,@2,,,,,,,,,,
00:00:56.005,,,,,,,,,,,,,,,m
00:00:55.896,,,,,,,,,,,,,,,
00:00:55.787,,,,,,,,,,,,,,,m
00:00:55.678,,@1,,,$^2,,,,s,,,,,,
00:00:55.569,,,,,,,,,,,,,,,m
00:00:55.459,,,,,,,,,,,,,,,
00:00:55.349,,,,,,,,,,,,,,,m
00:00:55.240,,,,,x2,,,,,,s,,,,
00:00:55.133,,,,,,,,,,,,,,,m
00:00:55.026,,,,,,,,,,,,,,,
00:00:54.919,,,,,,,,,,,,,,,
00:00:54.813,,,,,,,,,,,,,,,
00:00:54.709,,,,,,,,,,,,,,,
00:00:54.605,,,,,,,,,,,,,,,
00:00:54.501,,,,,,,,,e,,,,,,m
00:00:54.396,,$^1,,,,,,,,,,,s,s,
00:00:54.294,,,,,,,,,,,,,,,mo
00:00:54.191,,,,,,,,,,,,,,,
00:00:54.088,,,,,@1,,,,,,,,,,mi
00:00:53.986,,,,,,,,,,,,,,,
00:00:53.883,,,,,,,,,,,,,,,m
00:00:53.780,,,,,$^1,,,,,,,,,,
00:00:53.677,,,,,,,,,,,,,,,mo
00:00:53.575,,,,,,,,,,,,,,,
00:00:53.472,,,,,,,,,,,,,,,mi
00:00:53.369,,l1,,,r1,,,,s,,,,,,
00:00:53.266,,,,,,,,,,,e,,,,
00:00:53.164,,,,,,,,,,,,,,,
00:00:53.061,,,,,,,,,,,,,,,
00:00:52.958,,,@2,,,,,,,,,,,,
00:00:52.855,,,,,,,,,,,,,,,
00:00:52.753,,,,,,,,,,,,,,,
00:00:52.650,,,,,,,,,,,,,,,m
00:00:52.547,,,,,,,,,,,,,,,
00:00:52.444,,,,,,,,,,,,,,,m
00:00:52.342,,,$^2,,,,,,,,,,,,
00:00:52.239,,,,,,,,,,,,,,,m
00:00:52.136,,,,,,,,,,,,,,,
00:00:52.033,,,,,,,,,,,,,,,m
00:00:51.931,,,,,@2,,,,,,,,,,
00:00:51.830,,,,,,,,,,,,,,,m
00:00:51.728,,,,,,,,,,,,,,,
00:00:51.627,,,,>2,^2,,,,,,,,,,
00:00:51.526,,,,,,,,,,,,,,,
00:00:51.428,,,,,,,,,,,,,,,
00:00:51.330,,,,$^2,,,,,,,,,,,
00:00:51.232,,,,,,,,,,,,,,,
00:00:51.133,,,x2,,,,,,,,,,,,
00:00:51.030,,,,,,,,,e,,,,,,m
00:00:50.926,,,,,,,,,,,,,,,
00:00:50.823,,,,,,,,,,,,,,,m
00:00:50.719,,,x2,,,,,,,,,,,,
00:00:50.614,,,,,,,,,,,,,,,m
00:00:50.510,,,,,,,,,,,,,,,
00:00:50.405,,,,,,,,,,,,,,,m
00:00:50.301,,,,,,,,,,,,,,,
00:00:50.197,,@1,,,@2,,,,,,,,,,m
00:00:50.094,,,,,,,,,,,,,,,
00:00:49.990,,,,,,,,,,,,,,,
00:00:49.887,,,,,,,,,,,,,,,
00:00:49.783,,,,,,,,,,,,,,,
00:00:49.680,,$^1,,,$^2,,,,,,s,,,,
00:00:49.577,,,,,,,,,,,,,,,
00:00:49.473,,,x1,,,,,,,,,,,,
00:00:49.372,,,,,,,,,,,,,,,m
00:00:49.270,,x1,,,,,,,,,,,,,
00:00:49.168,,,,,,,,,,,,,,,m
00:00:49.067,,,,,,,,,,,,,,,
00:00:48.963,,,,@1,,,,,,,,,,,m
00:00:48.860,,,,,,,,,,,,,,,
00:00:48.756,,,,,,,,,,,,,,,m
00:00:48.653,,,,^1,<1,,,,,,,,,,
00:00:48.550,,,,,,,,,,,,,,,m
00:00:48.446,,,,,,,,,,,,,,,
00:00:48.343,,,,,,,,,,,,,,,
00:00:48.240,,,,,$^1,,,,s,,,,,,
00:00:48.141,,,,,,,,,,,,,,,
00:00:48.043,,,,,,,,,,,,,,,
00:00:47.944,,,,,,,,,,,e,,,,m
00:00:47.845,,,,,,,,,,,,,,,
00:00:47.741,,,,,,,,,,,,,,,mo
00:00:47.637,,,,,,,,,,,,,,,
00:00:47.532,,,,,,,,,,,,,,,mi
00:00:47.428,,,,,,,,,,,,,,,
00:00:47.324,,,,,l2,,,,,,,,,,m
00:00:47.220,,,,,,,,,,,,,,,
00:00:47.115,,,,,,,,,,,,,,,mo
00:00:47.011,,,,,,,,,,,,,,,
00:00:46.908,,,,,,,,,,,,,,,mi
00:00:46.804,,x2,,,,,,,,,,,,,
00:00:46.701,,,,,,,,,,,,,,,
00:00:46.598,,,,,,,,,,,,,,,
00:00:46.496,,,,,,,,,,,,,,,
00:00:46.395,,,,,,,,,,,,,,,
00:00:46.294,,,,,,,,,,,,,,,
00:00:46.193,,,x2,x2,,,,,,,,,,,
00:00:46.087,,,,,,,,,,,,,,,
00:00:45.982,,,,,,,,,,,,,,,
00:00:45.877,,,,,,,,,,,,,,,
00:00:45.771,,x2,,,,,,,,,,,,,
00:00:45.666,,,,,,,,,,,,,,,
00:00:45.560,,,,x2,,,,,,,,,,,
00:00:45.454,,,,,,,,,,,,,,,
00:00:45.348,,x2,,,,,,,,,s,,,,
00:00:45.244,,,,,,,,,,,,,,,
00:00:45.141,,,,,,,,,,,,,,,
00:00:45.037,,,,,,,,,,,,,,,
00:00:44.934,,,,,,,,,,,,,,,
00:00:44.832,,,,,,,,,e,,,,,,mo
00:00:44.731,,,,,,,,,,,,,,,
00:00:44.663,,x1,,,,,,,,,,,,,
00:00:44.629,,,,,,,,,,,,,,,
00:00:44.528,,,x1,,,,,,,,,,,,mi
00:00:44.428,,,,,,,,,,,,,,,
00:00:44.394,,,,x1,,,,,,,,,,,m
00:00:44.327,,,,,,,,,,,,,,,
00:00:44.261,,,,,,,,,,,,,,,mo
00:00:44.227,,,,,,,,,,,,,,,
00:00:44.127,,,l1,,,,,,,,,,,,
00:00:44.024,,,,,,,,,,,,,,,
00:00:43.921,,x1,,,,,,,,,,,,,mi
00:00:43.818,,,,,,,,,,,,,,,
00:00:43.715,,,x1,,,,,,,,,,,,
00:00:43.608,,,,,,,,,,,,,,,
00:00:43.502,,,,x1,,,,,,,,,,,
00:00:43.396,,,,,,,,,,,,,,,mo
00:00:43.290,,,,,@1,,,,,,,,,,
00:00:43.183,,,,,,,,,,,e,,,,
00:00:43.076,,@2,,,,,,,,,,,,,
00:00:42.970,,,,,,,,,,,,,,,
00:00:42.863,,,,,$^1,,,,s,,,,,,mi
00:00:42.762,,,,,,,,,,,,,,,
00:00:42.660,,,,,,,,,,,,,,,m
00:00:42.559,,,,,,,,,,,,,,,
00:00:42.458,,,,,,,,,,,,,,,mo
00:00:42.354,,,,,,,,,,,,,,,
00:00:42.251,,,,,,,,,,,,,,,mi
00:00:42.148,,,,,,,,,,,,,,,
00:00:42.045,,,,,,,,,,,,,,,
00:00:41.944,,,,,,,,,,,,,,,
00:00:41.843,,$^2,,,,,,,,,,,,,
00:00:41.743,,,,,,,,,,,,,,,mo
00:00:41.642,,,,,,,,,,,,,,,
00:00:41.538,,,,,,,,,,,,,,,
00:00:41.434,,,,,,,,,,,,,,,
00:00:41.330,,,,,,,,,,,,,,,
00:00:41.226,,,x2,x2,,,,,,,,,,,mi
00:00:41.120,,,,,,,,,,,,,,,
00:00:41.014,,,,,,,,,,,,,,,m
00:00:40.909,,,,,,,,,,,,,,,
00:00:40.803,,,,x2,,,,,,,,,,,mo
00:00:40.700,,,,,,,,,,,,,,,
00:00:40.597,,x2,,,,,,,,,,,,,mi
00:00:40.495,,,,,,,,,,,,,,,
00:00:40.392,,,,,x2,,,,,,s,,,,
00:00:40.291,,,,,,,,,,,,,,,
00:00:40.190,,,,,,,,,,,,,,,
00:00:40.089,,,,,,,,,,,,,,,
00:00:39.987,,,,,@1,,,,,,,,,,mo
00:00:39.880,,,,,,,,,,,,,,,
00:00:39.772,,,,,,,,,,,,,,,
00:00:39.665,,,,,,,,,e,,,,,,
00:00:39.557,,,,,,,,,,,,,,,mi
00:00:39.452,,,,,,,,,,,,,,,
00:00:39.346,,,,,,,,,,,,,,,m
00:00:39.241,,,,>1,^1,,,,,,,,,,
00:00:39.136,,,,,,,,,,,,,,,mo
00:00:39.035,,,,,,,,,,,,,,,
00:00:38.934,,,,,,,,,,,,,,,mi
00:00:38.833,,,,,,,,,,,,,,,
00:00:38.733,,,,,,,,,,,,,,,
00:00:38.623,,,,,,,,,,,e,,,,
00:00:38.514,,,,,,,,,,,,,,,
00:00:38.404,,,,,,,,,,,,,,,mo
00:00:38.294,,,,$^1,,,,,,,,,,,
00:00:38.196,,,,,,,,,,,,,,,
00:00:38.097,,,,,,,,,,,,,,,
00:00:37.999,,,,,,,,,,,,,,,
00:00:37.900,,@2,,,x1,,,,,,,,,,mi
00:00:37.796,,,,,,,,,,,,,,,
00:00:37.693,,,,,,,,,,,,,,,m
00:00:37.589,,,,,,,,,,,,,,,
00:00:37.485,,,,x1,,,,,,,,,,,mo
00:00:37.378,,,,,,,,,,,,,,,
00:00:37.271,,,,,,,,,,,,,,,mi
00:00:37.164,,,,,,,,,,,,,,,
00:00:37.057,,,,,x1,,,,,,,,,,
00:00:36.954,,,,,,,,,,,,,,,
00:00:36.852,,$^2,,,,,,,,,,,,,mo
00:00:36.750,,,,,,,,,,,,,,,
00:00:36.648,,,,,,,,,,,,,,,
00:00:36.546,,,,,,,,,,,,,,,
00:00:36.444,,x2,,,,,,,,,,,,,
00:00:36.343,,,,,,,,,,,,,,,
00:00:36.241,,,,,x2,,,,,,,,,,mi
00:00:36.132,,,,,,,,,,,,,,,
00:00:36.023,,,,,,,,,,,,,,,
00:00:35.914,,,,,,,,,,,,,,,m
00:00:35.805,,x2,,,,,,,,,,,,,
00:00:35.706,,,,,,,,,,,,,,,
00:00:35.607,,,x2,,,,,,,,,,,,m
00:00:35.509,,,,,,,,,,,,,,,
00:00:35.410,,,,,x2,,,,,,s,,,,m
00:00:35.308,,,,,,,,,,,,,,,
00:00:35.205,,,,,,,,,,,,,,,
00:00:35.102,,,,,,,,,,,,,,,
00:00:35.000,,,,,,,,,,,,,,,
00:00:34.894,,,,,,,,,,,,,,,
00:00:34.788,,,,,,,,,,,,,,,
00:00:34.681,,,,,,,,,,,,,,,
00:00:34.575,,,,x2,,,,s,,,,,,,m
00:00:34.478,,,,,,,,,,,,,,,
00:00:34.381,,,x2,,,,,,,,,,,,
00:00:34.283,,,,,,,,,,,,,,,m
00:00:34.186,,x2,,,,,,,,,,,,,
00:00:34.089,,,,,,,,,,,,,,,
00:00:33.992,,,,,x2,,,,,,,,,,m
00:00:33.896,,,,,,,,,,,,,,,
00:00:33.799,,x2,,,,,,,,,,,,,m
00:00:33.696,,,,,,,,,,,,,,,
00:00:33.594,,,,x2,,,,,,,,,,,
00:00:33.491,,,,,,,,,,,,,,,
00:00:33.389,,,,,x2,,,,,,e,,,,
00:00:33.283,,,,,,,,,,,,,,,
00:00:33.177,,x2,,,,,,,,,,,,,
00:00:33.072,,,,,,,,,,,,,,,
00:00:32.966,,,,,,,,,,,,,,,m
00:00:32.860,,,,,,,,,,,,,,,
00:00:32.755,,,,,,,,,,,,,,,
00:00:32.649,,,,,@2,,,,,,,,,,m
00:00:32.544,,,,,,,,,,,,,,,
00:00:32.441,,,,,,,,,,,,,,,
00:00:32.337,,,,,,,,,,,,,,,m
00:00:32.234,,,,,,,,e,,,,,,,
00:00:32.131,,,,,$^2,,,s,,,,,,,m
00:00:32.030,,,,,,,,,,,,,,,
00:00:31.928,,,,,,,,,,,,,,,
00:00:31.827,,,,,,,,,,,,,,,
00:00:31.725,,,,,,,,,,,,,,,
00:00:31.622,,,,,,,,,,,,,,,
00:00:31.519,,,l2,,,,,,,,,,,,
00:00:31.416,,,,,,,,,,,,,,,
00:00:31.313,,,,,,,,,,,,,,,m
00:00:31.208,,x2,,,,,,,,,,,,,
00:00:31.104,,,,,,,,,,,,,,,
00:00:30.999,,,,,,,,,,,,,,,m
00:00:30.894,,x2,,,,,,,,,,,,,
00:00:30.789,,,,,,,,,,,,,,,
00:00:30.684,,,,x2,,,,,,,,,,,m
00:00:30.580,,,,,,,,,,,,,,,
00:00:30.475,,,,,x2,,,,,,s,,,,m
00:00:30.372,,,,,,,,,,,,,,,
00:00:30.269,,,,,,,,,,,,,,,mo
00:00:30.166,,,,,,,,,,,,,,,
00:00:30.062,,,,,,,,,,,,,,,
00:00:29.961,,,,,,,,,,,,,,,
00:00:29.860,,,,,,,,,,,,,,,
00:00:29.758,,,,,,,,e,,,,,,,
00:00:29.657,,x2,,,x2,,,,,,,,,,mi
00:00:29.555,,,,,,,,,,,,,,,
00:00:29.454,,,,,,,,,,,,,,,m
00:00:29.352,,,,,,,,,,,,,,,
00:00:29.251,,,x2,,,,,s,,,,,,,mo
00:00:29.149,,,,,,,,,,,,,,,
00:00:29.048,,,,,,,,,,,,,,,
00:00:28.946,,,,,,,,,,,,,,,mi
00:00:28.845,,,,x2,,,,,,,,,,,
00:00:28.742,,,,,,,,,,,,,,,
00:00:28.640,,,,,,,,,,,,,,,
00:00:28.537,,,,,,,,,,,,,,,
00:00:28.434,,x2,,,x2,,,,,,,,,,
00:00:28.331,,,,,,,,,,,,,,,
00:00:28.227,,,,,,,,,,,,,,,
00:00:28.124,,,,,,,,,,,,,,,
00:00:28.020,,,,,,,,,,,,,,,m
00:00:27.916,,,,,,,,,,,,,,,
00:00:27.811,,,,,,,,,,,e,,,,
00:00:27.707,,,,,,,,,,,,,,,m
00:00:27.603,,,,,,,,,,,,,,,
00:00:27.498,,,,,,,,,,,,,,,
00:00:27.392,,,x2,x2,,,,,,,,,,,m
00:00:27.287,,,,,,,,e,,,,,,,
00:00:27.182,,,,,x2,,,s,,,,,,,m
00:00:27.077,,,,,,,,,,,,,,,
00:00:26.972,,,,,,,,,,,,,,,
00:00:26.866,,r2,,,l2,,,,,,,,,,
00:00:26.761,,,,,,,,,,,,,,,
00:00:26.657,,,,,,,,,,,,,,,
00:00:26.553,,,,,,,,,,,,,,,
00:00:26.449,,,,,,,,,,,,,,,
00:00:26.345,,,,,,,,,,,,,,,m
00:00:26.241,,x2,,,x2,,,,,,,,,,
00:00:26.138,,,,,,,,,,,,,,,
00:00:26.035,,,,,,,,,,,,,,,m
00:00:25.932,,,x2,,,,,,,,,,,,
00:00:25.829,,,,,,,,,,,,,,,
00:00:25.726,,,,x2,,,,,,,,,,,m
00:00:25.624,,,,,,,,,,,,,,,
00:00:25.521,,,x2,,,,,,,,s,,,,m
00:00:25.418,,,,,,,,,,,,,,,
00:00:25.315,,,,,,,,,,,,,,,
00:00:25.213,,,,,,,,,,,,,,,
00:00:25.110,,,,,,,,,,,,,,,
00:00:25.007,,,,,,,,,,,,,,,
00:00:24.904,,,,,,,,,,,,,,,
00:00:24.802,,,,,,,,e,,,,,,,
00:00:24.699,,x2,,,x2,,,,,,,,,,m
00:00:24.597,,,,,,,,,,,,,,,
00:00:24.496,,,,,,,,,,,,,,,
00:00:24.394,,,,,,,,,,,,,,,m
00:00:24.292,,,,,x2,,,,,,,,,,
00:00:24.189,,,,,,,,,,,,,,,
00:00:24.087,,,,,,,,,,,,,,,m
00:00:23.984,,,,,,,,,,,,,,,
00:00:23.881,,x2,,,,,,,,,,,,,m
00:00:23.778,,,,,,,,,,,,,,,
00:00:23.676,,,,,,,,,,,,,,,
00:00:23.573,,,,,,,,,,,,,,,
00:00:23.470,,,x2,x2,,,,,,,,,,,
00:00:23.369,,,,,,,,,,,,,,,
00:00:23.267,,,,,,,,,,,,,,,
00:00:23.165,,,,,,,,,,,,,,,
00:00:23.063,,,,,,,,,,,e,,,,
00:00:22.964,,,,,,,,,,,,,,,
00:00:22.864,,,,@2,,,,,,,,,,,
00:00:22.764,,,,,,,,,,,,,,,
00:00:22.665,,,,,,,,,,,,,,,
00:00:22.567,,,,,,,,,,,,,,,
00:00:22.469,,,,,,,,,,,,,,,
00:00:22.372,,,,^2,<2,,,,,,,,,,
00:00:22.274,,,,,,,,,,,,,,,
00:00:22.176,,,,,,,,,,,,,,,
00:00:22.078,,,,,,,,,,,,,,,
00:00:21.980,,,,,,,,,,,,,,,
00:00:21.882,,,,,$^2,,,,,,,,,,
00:00:21.783,,,,,,,,,,,,,,,
00:00:21.683,,,x2,,,,,,,,,,,,
00:00:21.584,,,,,,,,,,,,,,,
00:00:21.485,,@2,,,,,,,,,,,,,m
00:00:21.384,,,,,,,,,,,,,,,
00:00:21.282,,,,,,,,,,,,,,,m
00:00:21.181,,,,,,,,,,,,,,,
00:00:21.080,,$^2,,,,,,,,,,,,,
00:00:20.980,,,,,,,,,,,,,,,
00:00:20.879,,,,x2,,,,,,,,,,,m
00:00:20.779,,,,,,,,,,,,,,,
00:00:20.678,,,,,x2,,,,,,s,,,,m
00:00:20.576,,,,,,,,,,,,,,,
00:00:20.474,,,,,,,,,,,,,,,mo
00:00:20.372,,,,,,,,,,,,,,,
00:00:20.270,,,,,,,,,,,,,,,
00:00:20.168,,,,,,,,,,,,,,,
00:00:20.066,,,,,,,,,,,,,,,
00:00:19.964,,,,,,,,,,,,,,,
00:00:19.862,,x2,,,x2,,,,,,,,,,mi
00:00:19.760,,,,,,,,,,,,,,,
00:00:19.658,,,,,,,,,,,,,,,
00:00:19.556,,,,,,,,,,,,,,,m
00:00:19.454,,x2,,,,,,,,,,,,,
00:00:19.352,,,,,,,,,,,,,,,
00:00:19.250,,,,,,,,,,,e,,,,m
00:00:19.148,,,,,,,,,,,,,,,
00:00:19.046,,,x2,,,,,,,,,,,,m
00:00:18.944,,,,,,,,,,,,,,,
00:00:18.842,,,,,,,,,,,,,,,
00:00:18.740,,,,,,,,,,,,,,,
00:00:18.638,,,,,x2,,,,,,,,,,
00:00:18.536,,,,,,,,,,,,,,,
00:00:18.433,,,,,,,,,,,,,,,
00:00:18.331,,,,,,,,,,,,,,,
00:00:18.229,,,,,,,,,,,,,,,m
00:00:18.127,,@2,,,,,,,,,,,,,
00:00:18.025,,,,,,,,,,,,,,,m
00:00:17.923,,,,,,,,,,,,,,,
00:00:17.821,,^2,<2,,,,,,,,,,,,
00:00:17.719,,,,,,,,,,,,,,,
00:00:17.617,,,,,,,,,,,,,,,m
00:00:17.515,,,,,,,,,,,,,,,
00:00:17.413,,,$^2,,,,,,,,,,,,m
00:00:17.311,,,,,,,,,,,,,,,
00:00:17.209,,,,,,,,,,,,,,,
00:00:17.107,,,,,r2,,,,,,,,,,
00:00:17.005,,,,,,,,,,,,,,,
00:00:16.903,,,,,,,,,,,,,,,
00:00:16.801,,,,,,,,,,,,,,,
00:00:16.699,,,@2,,,,,,,,,,,,
00:00:16.597,,,,,,,,,,,,,,,m
00:00:16.495,,,,,,,,,,,,,,,
00:00:16.393,,,,,,,,,,,,,,,m
00:00:16.291,,,,,,,,,,,,,,,
00:00:16.189,,,$^2,,,,,,,,,,,,
00:00:16.087,,,,,,,,,,,,,,,
00:00:15.985,,x2,,,,,,,,,,,,,m
00:00:15.882,,,,,,,,,,,,,,,
00:00:15.780,,,x2,,,,,,,,s,,,,m
00:00:15.678,,,,,,,,,,,,,,,
00:00:15.576,,,,,,,,,,,,,,,
00:00:15.474,,,,,,,,,,,,,,,
00:00:15.372,,,,,,,,,,,,,,,
00:00:15.270,,,,,,,,,,,,,,,
00:00:15.168,,,,,,,,,,,,,,,
00:00:15.066,,,,,,,,,,,,,,,m
00:00:14.964,,x2,,,x2,,,,,,,,,,
00:00:14.861,,,,,,,,,,,,,,,
00:00:14.759,,,,,,,,,,,,,,,m
00:00:14.656,,,,,,,,,,,,,,,
00:00:14.553,,,x2,,,,,,,,,,,,
00:00:14.451,,,,,,,,,,,,,,,
00:00:14.349,,,,,,,,,,,,,,,m
00:00:14.247,,,,,,,,,,,,,,,
00:00:14.145,,,,x2,,,,,,,,,,,m
00:00:14.043,,,,,,,,,,,,,,,
00:00:13.941,,,,,,,,,,,,,,,
00:00:13.839,,,,,,,,,,,,,,,
00:00:13.737,,x2,,,,,,,,,e,,,,
00:00:13.635,,,,,,,,,,,,,,,
00:00:13.534,,,,,,,,,,,,,,,
00:00:13.433,,,,,,,,,,,,,,,
00:00:13.332,,,,,,,,,,,,,,,m
00:00:13.233,,,,,,,,,,,,,,,
00:00:13.133,,@2,,,@2,,,,,,,,,,m
00:00:13.034,,,,,,,,,,,,,,,
00:00:12.935,,,,,,,,,,,,,,,
00:00:12.837,,,,,,,,,,,,,,,
00:00:12.740,,,,,,,,,,,,,,,m
00:00:12.642,,,,,,,,,,,,,,,
00:00:12.544,,,,,,,,,,,,,,,m
00:00:12.446,,,,,,,,,,,,,,,
00:00:12.349,,^2,<2,>2,^2,,,,,,,,,,
00:00:12.251,,,,,,,,,,,,,,,
00:00:12.153,,,,,,,,,,,,,,,
00:00:12.053,,,,,,,,,,,,,,,
00:00:11.953,,,,,,,,,,,,,,,
00:00:11.853,,,,,,,,,,,,,,,
00:00:11.753,,,,,,,,,,,,,,,m
00:00:11.650,,>2,^2,^2,<2,,,,,,,,,,
00:00:11.548,,,,,,,,,,,,,,,
00:00:11.446,,,,,,,,,,,,,,,m
00:00:11.343,,,,,,,,,,,,,,,
00:00:11.241,,,,,,,,,,,,,,,
00:00:11.139,,,,,,,,,,,,,,,m
00:00:11.037,,,,,,,,,,,,,,,
00:00:10.935,,$^2,,,$^2,,,,,,s,,,,m
00:00:10.835,,,,,,,,,,,,,,,
00:00:10.735,,,,,,,,,,,,,,,
00:00:10.635,,,,,,,,,,,,,,,
00:00:10.535,,,,,,,,,,,,,,,
00:00:10.437,,,,,,,,,,,,,,,
00:00:10.339,,,,,,,,,,,,,,,
00:00:10.241,*,r1,#,#,l1,*,,,,e,,,,,
00:00:10.143,,,,,,,,,,,,,,,m
00:00:10.044,,,,,,,,,,,,,,,
00:00:09.945,,,,,,,,,,,,,,,
00:00:09.846,,,,,,,,,,,,,,,m
00:00:09.747,x2,,,,,x2,,,,,,,,,
00:00:09.648,,,,,,,,,,,,,,,
00:00:09.548,,,,,,,,,,,,,,,m
00:00:09.449,,,,,,,,,,,,,,,
00:00:09.350,,x2,,,x2,,,,,,,,,,m
00:00:09.249,,,,,,,,,,,,,,,
00:00:09.148,,,,,,,,,,,,,,,
00:00:09.047,,,,,,,,,,,,,,,
00:00:08.947,,,x2,x2,,,,,,,,,,,
00:00:08.844,,,,,,,,,,,,,,,
00:00:08.741,,,,,,,,,,,,,,,
00:00:08.639,,,,,,,,,,,,,,,
00:00:08.536,,@1,,,@1,,,,,,,,,,
00:00:08.434,,,,,,,,,,,,,,,
00:00:08.331,,,,,,,,,,,,,,,
00:00:08.229,,,,,,,,,,,,,,,
00:00:08.126,,,,,,,,,,,,,,,
00:00:08.023,,,,,,,,,,,,,,,
00:00:07.921,,,,,,,,,,,,,,,
00:00:07.818,,,,,,,,,,,,,,,
00:00:07.716,,$^1,,,$^1,,,,,,,,,,
00:00:07.614,,,,,,,,,,,,,,,
00:00:07.513,,,,,,,,,,,,,,,
00:00:07.412,,,,,,,,,,,,,,,
00:00:07.310,,@1,,,@1,,,,,,,,,,
00:00:07.210,,,,,,,,,,,,,,,
00:00:07.109,,,,,,,,,,,,,,,
00:00:07.009,,,,,,,,,,,,,,,
00:00:06.908,,^1,<1,,^1,<1,,,,,,,,,m
00:00:06.808,,,,,,,,,,,,,,,
00:00:06.709,,,,,,,,,,,,,,,m
00:00:06.609,,,,,,,,,,,,,,,
00:00:06.509,,,$^1,,,$^1,,,,,,,,,
00:00:06.410,,,,,,,,,,,,,,,
00:00:06.311,,,,,,,,,,,,,,,m
00:00:06.211,,,,,,,,,,,,,,,
00:00:06.112,,@1,,,@1,,,,,,,,,,
00:00:06.013,,,,,,,,,,,,,,,
00:00:05.913,,,,,,,,,,,,,,,m
00:00:05.814,,^1,<1,>1,^1,,,,,,,,,,
00:00:05.715,,,,,,,,,,,,,,,mo
00:00:05.615,,,,,,,,,,,,,,,
00:00:05.516,,,,,,,,,,,,,,,
00:00:05.417,,,,,,,,,,,,,,,
00:00:05.317,,,$^1,$^1,,,,,,,,,,,mi
00:00:05.217,,,,,,,,,,,,,,,
00:00:05.117,,,,,,,,,,,,,,,m
00:00:05.018,,,,,,,,,,,,,,,
00:00:04.918,@1,,,,@1,,,,,,,,,,
00:00:04.817,,,,,,,,,,,,,,,
00:00:04.716,,,,,,,,,,,,,,,
00:00:04.615,,,,,,,,,,,,,,,
00:00:04.514,,,,,,,,,,,,,,,
00:00:04.413,,,,,,,,,,,,,,,
00:00:04.311,,,,,,,,,,,,,,,
00:00:04.209,,,,,,,,,,,,,,,
00:00:04.107,$^1,,,,$^1,,,,,,,,,,
00:00:04.004,,,,,,,,,,,,,,,
00:00:03.901,,,,,,,,,,,,,,,
00:00:03.798,,,,,,,,,,,,,,,
00:00:03.695,,,@1,@1,,,,,,,,,,,
00:00:03.592,,,,,,,,,,,,,,,
00:00:03.489,,,,,,,,,,,,,,,
00:00:03.386,,,,,,,,,,,,,,,
00:00:03.283,,,,,,,,,,,,,,,
00:00:03.180,,,,,,,,,,,,,,,
00:00:03.078,,,,,,,,,,,,,,,
00:00:02.976,,,,,,,,,,,,,,,
00:00:02.873,,,$^1,$^1,,,,,,,,,,,
00:00:02.772,,,,,,,,,,,,,,,
00:00:02.670,,,,,,,,,,,,,,,
00:00:02.568,,,,,,,,,,,,,,,
00:00:02.467,,@1,,,@1,,,,,,,,,,
00:00:02.365,,,,,,,,,,,,,,,
00:00:02.264,,,,,,,,,s,,,,,,
00:00:02.163,,,,,,,,,,,,,,,
00:00:02.062,,,,,,,,,,,,,,,
00:00:01.962,,,,,,,,,,,,,,,
00:00:01.862,,,,,,,,,,,,,,,
00:00:01.761,,,,,,,,,,,,,,,
00:00:01.661,,$^1,,,$^1,,,,,,,,,,
00:00:01.561,,,,,,,,,,,,,,,
00:00:01.461,,,,,,,,,,,,,,,
00:00:01.361,,,,,,,,,,,,,,,
00:00:01.261,@1,,,,,@1,,,,,,,,,
00:00:01.161,,,,,,,,,,,,,,,
00:00:01.061,,,,,,,,,,,,,,,
00:00:00.961,,,,,,,,,,,,,,,
00:00:00.861,,,,,,,,,,,,,,,
00:00:00.761,,,,,,,,,,,,,,,
00:00:00.661,,,,,,,,,,,,,,,
00:00:00.561,,,,,,,,,,,,,,,
00:00:00.461,$^1,,,,,$^1,s,s,e,s,,,,,
00:00:00.230,,,,,,,,,s,,,,,,
00:00:00.000,#,,#,#,,#,,,,,,,,,