00:03:44.577,,,,,,,,,,,,,,,
00:03:44.462,,,,,,,,,,,,,,,
00:03:44.348,,,,,,,,,,,,,,,
00:03:44.233,,,,,,,,,,,,,,,
00:03:44.119,,,,,,,,,,,,,,,
00:03:44.007,,,,,,,,,,,,,,,
00:03:43.896,,,,,,,,,,,,,,,
00:03:43.785,,,,,,,,,,,,,,,
00:03:43.673,,,,,,,,,,,,,,,
00:03:43.563,,,,,,,,,,,,,,,
00:03:43.453,,,,,,,,,,,,,,,
00:03:43.342,,,,,,,,,,,,,,,
00:03:43.232,,,,,,,,,,,,,,,
00:03:43.122,,,,,,,,,,,,,,,
00:03:43.012,,,,,,,,,,,,,,,
00:03:42.901,,,,,,,,,,,,,,,
00:03:42.791,,,,,,,,,,,,,,,
00:03:42.678,,,,,,,,,,,,,,,
00:03:42.565,,,,,,,,,,,,,,,
00:03:42.451,,,,,,,,,,,,,,,
00:03:42.338,,,,,,,,,,,,,,,
00:03:42.228,,,,,,,,,,,,,,,
00:03:42.118,,,,,,,,,,,,,,,
00:03:42.007,,,,,,,,,,,,,,,
00:03:41.897,,,,,,,,,,,,,,,
00:03:41.782,,,,,,,,,,,,,,,
00:03:41.666,,,,,,,,,,,,,,,
00:03:41.551,,,,,,,,,,,,,,,
00:03:41.435,,@4,,,@4,,w,w,w,w,,,,e,
00:03:41.326,,,,,,,,,,,,,,,
00:03:41.217,,,,,,,,,,,,,,,
00:03:41.108,,,,,,,,,,,,,,,
00:03:40.999,,,,,,,,,,,,,,,
00:03:40.890,,,,,,,,,,,,,,,
00:03:40.782,,,,,,,e,e,e,,,,,,
00:03:40.673,,,,,,,,,,,,,,,
00:03:40.565,,$^4,,,$^4,,,,,,,,,s,
00:03:40.453,,,,,,,,,,,,,,,
00:03:40.341,,,,,,,,,,,,,,e,
00:03:40.230,,,,,,,,,,,,,,,
00:03:40.118,,,x2,,,,,,,,,,,,
00:03:40.006,,,,,,,,,,,,,,,
00:03:39.893,,,,,,,,,s,,,,,,
00:03:39.780,,,,,,,,,,,,,,,
00:03:39.668,,x2,,,,,,,,,,,,,
00:03:39.552,,,,,,,,,,,,,,,
00:03:39.436,,,,,,,,,,,,,,,m
00:03:39.320,,,,,,,,,,,,,,,
00:03:39.203,,,,,x3,,,,,,,,,,m
00:03:39.093,,,,,,,,,,,,,,,
00:03:38.983,,,,,,,,,,,,,,,
00:03:38.873,,,,,,,,,,,,,,,
00:03:38.762,,,,,,,,,,,,,,,
00:03:38.655,,,,,,,,,,,,,,,
00:03:38.548,,,,,,,,,e,,,,,,
00:03:38.440,,,,,,,,,,,,,,,
00:03:38.333,,x3,,,,,,,,,,,,,m
00:03:38.214,,,,,,,,,,,,,,,
00:03:38.096,,,,,,,,,,,,,,,
00:03:37.977,,,,,,,,,,,,,,,
00:03:37.858,,,,,,,,,,,,,,,m
00:03:37.742,,,,,,,,,,,,,,,
00:03:37.625,,x3,,,,,,,,,,,,,m
00:03:37.509,,,,,,,,,,,,,,,
00:03:37.392,,,,,,,,,,,,,,,
00:03:37.281,,,,,,,,,,,,,,,
00:03:37.170,,,,,,,,,,,,,,,
00:03:37.059,,,,,,,,,,,,,,,
00:03:36.948,,,,,x3,,,,,,,,,,m
00:03:36.834,,,,,,,,,,,,,,,
00:03:36.721,,,,,,,,,s,,,,,,
00:03:36.608,,,,,,,,,,,,,,,
00:03:36.494,,,,,,,,,,,,,,,
00:03:36.381,,,,,,,,,,,,,,,
00:03:36.267,,x3,,,,,,,,,,,,,m
00:03:36.154,,,,,,,,,,,,,,,
00:03:36.040,,,,,,,,,,,,,,,
00:03:35.926,,,,,,,,,,,,,,,
00:03:35.811,,,,,,,,,,,,,,,
00:03:35.697,,,,,,,,,,,,,,,
00:03:35.583,,,,,x3,,,,,,,,,,m
00:03:35.481,,,,,,,,,,,,,,,
00:03:35.379,,,,,,,,,,,,,,,
00:03:35.277,,,,,,,,,e,,,,,,
00:03:35.175,,x3,,,,,,,s,,,,,s,m
00:03:35.055,,,,,,,,,,,,,,,
00:03:34.934,,,,,@1,,,,,,,,,,
00:03:34.814,,,,,,,,,,,,,,,
00:03:34.694,,,,,,,,,,,,,,e,mo
00:03:34.585,,,,,,,,,,,,,,,
00:03:34.475,,,,,,,,,,,,,,,
00:03:34.366,,,,,,,,,e,,,,,,
00:03:34.257,,,,,$^1,,,,,,,,,,
00:03:34.143,,,,,,,,,,,,,,,mi
00:03:34.029,,,,,,,,,,,,,,,
00:03:33.915,,,,,,,,,,,,,,,
00:03:33.800,,x1,,,,,,,,,,,,,m
00:03:33.695,,,,,,,,,,,,,,,
00:03:33.590,,,,,,,,,,,,,,,
00:03:33.485,,,,,,,,,,,,,,,
00:03:33.380,,,x1,,,,,,,,,,,,m
00:03:33.266,,,,,,,,,,,,,,,
00:03:33.153,,,,,,,,,,,,,,,
00:03:33.039,,,,,,,,,,,,,,,
00:03:32.925,,x1,,,,,,,,,,,,,m
00:03:32.811,,,,,,,,,,,,,,,
00:03:32.696,,,,,,,,,,,,,,,
00:03:32.582,,,,,,,,,,,,,,,
00:03:32.467,,,x1,,,,,,,,,,,,m
00:03:32.357,,,,,,,,,,,,,,,
00:03:32.248,,,,,,,,,,,,,,,
00:03:32.138,,,,,,,,,,,,,,,
00:03:32.029,,x1,,,,,,,,,,,,,m
00:03:31.916,,,,,,,,,,,,,,,
00:03:31.804,,,,,,,,,,,,,,,
00:03:31.691,,,,,,,,,,,,,,,
00:03:31.579,,,x1,,,,,,,,,,,s,m
00:03:31.471,,,,,,,,,,,,,,,
00:03:31.364,,,,,,,,,,,e,,e,e,
00:03:31.256,,,,,,,,,,,,,,,
00:03:31.148,,x1,,,,,,,,,,,,,
00:03:31.037,,,,,,,,,,,,,,,
00:03:30.925,,,,,,,,,,,,,,,mo
00:03:30.813,,,,,,,,,,,,,,,
00:03:30.701,,,,,,,,,,,,,,,
00:03:30.592,,,,,,,,,,,,,,,mi
00:03:30.483,,,,,,,,,,,,,,s,
00:03:30.373,,,,,,,,,,,,,,,
00:03:30.264,,x1,,,,,,,,,,,,,m
00:03:30.154,,,,,,,,,,,,,,,
00:03:30.043,,,,,,,,,,,,,,,
00:03:29.933,,,,,,,,,,,,,,,
00:03:29.823,,,,,x1,,,,,,s,,s,,m
00:03:29.712,,,,,,,,,,,,,,,
00:03:29.602,,,,,,,,,,,,,,,
00:03:29.491,,,,,,,,,,,,,,,
00:03:29.381,,x1,,,,,,,,,e,,e,,mo
00:03:29.268,,,,,,,,,,,,,,,
00:03:29.156,,,,,,,,,,,,,,,
00:03:29.043,,,,,,,,,,,,,,,
00:03:28.931,,,,,x1,,,,,,,,,,
00:03:28.816,,,,,,,,,,,,,,,mi
00:03:28.702,,,,,,,,,,,,,,,
00:03:28.588,,,,,,,,,,,,,,,
00:03:28.473,,x1,,,,,,,,,,,,,m
00:03:28.362,,,,,,,,,,,,,,,
00:03:28.250,,,,,,,,,,,,,,,
00:03:28.139,,,,,,,,,,,,,,,
00:03:28.027,,,,,x1,,,,,,s,,s,,m
00:03:27.914,,,,,,,,,,,,,,e,
00:03:27.801,,,,,,,,,,,,,,,mo
00:03:27.689,,,,,,,,,,,,,,,
00:03:27.576,,x1,,,,,,,,,,,,,
00:03:27.459,,,,,,,,,,,,,,,
00:03:27.341,,,,,,,,,,,,,,,
00:03:27.223,,,,,,,,,,,,,,,
00:03:27.106,,,,x1,,,,,,,,,,,
00:03:26.996,,,,,,,,,,,,,,,mi
00:03:26.885,,,,,,,,,,,,,,,
00:03:26.775,,,,,,,,,,,,,,,
00:03:26.665,,,x1,,,,,,,,,,,,m
00:03:26.549,,,,,,,,,,,,,,,
00:03:26.433,,,,,,,,,,,,,,,
00:03:26.316,,,,,,,,,,,,,,,
00:03:26.200,,,,x1,,,,,,,,,,,m
00:03:26.089,,,,,,,,,,,,,,,m
00:03:25.977,,,,,,,,,,,,,,,
00:03:25.865,,,,,,,,,,,,,,,m
00:03:25.753,,,x1,,,,,,,,,,,,m
00:03:25.638,,,,,,,,,,,,,,,
00:03:25.523,,,,,,,,,,,,,,,
00:03:25.407,,,,,,,,,,,,,,,
00:03:25.292,,,,x1,,,,,,,,,,,m
00:03:25.180,,,,,,,,,,,,,,,
00:03:25.068,,,,,,,,,,,,,,,
00:03:24.956,,,,,,,,,,,,,,,
00:03:24.844,,,x1,,,,,,,,,,,,m
00:03:24.732,,,,,,,,,,,,,,,
00:03:24.620,,,,,,,,,,,,,,,
00:03:24.508,,,,,,,,,,,,,,,
00:03:24.396,,,,x1,,,,,,,,,,s,m
00:03:24.280,,,,,,,,,,,e,,e,,
00:03:24.164,,,,,,,,,,,,,,,
00:03:24.048,,,,,,,,,,,,,,e,mo
00:03:23.932,,,,,,,,,,,,,,,
00:03:23.824,,,,,,,,,,,,,,,
00:03:23.715,,,,,,,,,,,,,,,
00:03:23.607,,,,,,,,,,,,,,,
00:03:23.498,,,,,,,,,,,,,,,
00:03:23.393,,,,,,,,,,,,,,,
00:03:23.288,,,,,,,,,,,,,,,
00:03:23.183,,,,,,,,,,,,,,,
00:03:23.077,,,,,,,,,,,,,,,
00:03:22.958,,,,,,,,,,,,,,,
00:03:22.840,*,r3,#,#,l3,*,,,,,,,,,mi
00:03:22.721,,,,,,,,,,,,,,,
00:03:22.602,,,,,,,,,,,s,,s,,
00:03:22.492,,,,,,,,,,,,,,,
00:03:22.383,,,,,,,,,,,,,,,
00:03:22.273,,,,,,,,,,,,,,,
00:03:22.164,,,,x3,,,,,,,e,,e,,m
00:03:22.046,,,,,,,,,,,,,,,
00:03:21.928,,,,,x3,,,,,,,,,s,m
00:03:21.809,,,,,,,,,,,,,,,
00:03:21.691,,,,,,,,,,,,,,,
00:03:21.585,,,,x3,,,,,,,,,,,m
00:03:21.479,,,,,,,,,,,,,,,
00:03:21.372,,,,,,,,,,,,,,,
00:03:21.266,,,,,x3,,,,,,,,,,m
00:03:21.149,,,,,,,,,,,,,,,
00:03:21.033,,,,,,,,,,,,,,,
00:03:20.916,,,,,,,,,,,,,,,
00:03:20.799,,,,x3,,,,,,,s,,s,e,m
00:03:20.684,,,,,,,,,,,,,,,
00:03:20.570,,@3,,,,,,,,,,,,,mo
00:03:20.455,,,,,,,,,,,,,,,
00:03:20.340,,,,,,,,,,,,,,,
00:03:20.230,,,,,,,,,,,,,,,
00:03:20.121,,,,,,,,,,,,,,,
00:03:20.011,,,,,,,,,,,,,,,
00:03:19.901,,,,,,,,,,,,,,,
00:03:19.792,,$^3,,,,,,,,,,,,,mi
00:03:19.683,,,,,,,,,,,,,,,
00:03:19.574,,,,,,,,,,,,,,,
00:03:19.465,,,,,x3,,,,,,,,,,m
00:03:19.345,,,,,,,,,,,,,,,
00:03:19.225,,,,,,,,,,,,,,,
00:03:19.105,,,,,,,,,,,,,,,
00:03:18.986,,,,x3,,,,,,,,,,,m
00:03:18.873,,,,,,,,,,,,,,,
00:03:18.760,,,,,,,,,,,,,,,
00:03:18.648,,,,,,,,,,,,,,,
00:03:18.535,,,,,x3,,,,,,,,,,m
00:03:18.419,,,,,,,,,,,,,,,
00:03:18.304,,,,,,,,,,,,,,,
00:03:18.188,,,,,,,,,,,,,,,
00:03:18.072,,,,x3,,,,,,,,,,,m
00:03:17.958,,,,,,,,,,,,,,,
00:03:17.845,,,,,,,,,,,,,,,
00:03:17.731,,,,,,,,,,,,,,,
00:03:17.617,,,,,x3,,,,,,,,,,m
00:03:17.505,,,,,,,,,,,,,,,
00:03:17.392,,,,,,,,,,,,,,,
00:03:17.280,,,,,,,,,,,,,,,
00:03:17.168,,,,x3,,,,,,,,,,s,m
00:03:17.062,,,,,,,,,,,,,,,
00:03:16.955,,@3,,,,,,,,,e,,e,e,mo
00:03:16.849,,,,,,,,,,,,,,,
00:03:16.743,,,,,,,,,,,,,,,
00:03:16.625,,,,,,,,,,,,,,,
00:03:16.507,,,,,,,,,,,,,,,
00:03:16.390,,,,,,,,,,,,,,,
00:03:16.272,,,,,,,,,,,,,,,
00:03:16.162,,$^3,,,,,,,,,,,,,mi
00:03:16.053,,,,,,,,,,,,,,s,
00:03:15.943,,,,,,,,,,,,,,,
00:03:15.833,,,,,x3,,,,,,,,,e,m
00:03:15.720,,,,,,,,,,,,,,,
00:03:15.606,,,,,,,,,,,,,,,
00:03:15.493,,,,,,,,,,,,,,,
00:03:15.380,,,,x3,,,,,,,s,,s,,m
00:03:15.276,,,,,,,,,,,,,,,
00:03:15.173,,@3,,,,,,,,,,,,,mo
00:03:15.070,,,,,,,,,,,,,,,
00:03:14.966,,,,,,,,,,,,,,,
00:03:14.846,,,,,,,,,,,e,,e,,
00:03:14.726,,$^3,,,,,,,,,,,,s,mi
00:03:14.606,,,,,,,,,,,,,,,
00:03:14.486,,,,,,,,,,,,,,,
00:03:14.376,,,,x3,,,,,,,,,,,m
00:03:14.265,,,,,,,,,,,,,,,
00:03:14.155,,,,,,,,,,,,,,,
00:03:14.045,,,,,x3,,,,,,,,,,m
00:03:13.926,,,,,,,,,,,,,,,
00:03:13.807,,,,,,,,,,,,,,,
00:03:13.688,,,,,,,,,,,,,,,
00:03:13.569,,,,x3,,,,,s,,s,,s,e,m
00:03:13.465,,,,,,,,,,,,,,,
00:03:13.362,,@3,,,,,,,,,,,,,mo
00:03:13.258,,,,,,,,,,,,,,,
00:03:13.155,,,,,,,,,,,,,,,
00:03:13.041,,,,,,,,,,,,,,,
00:03:12.927,,,,,,,,,,,,,,,
00:03:12.813,,,,,,,,,e,,,,,,
00:03:12.699,,,,,,,,,,,,,,,
00:03:12.588,,$^3,,,,,,,,,,,,,mi
00:03:12.476,,,,,,,,,,,,,,,
00:03:12.365,,,,,,,,,,,,,,,
00:03:12.253,,,,x3,,,,,,,,,,,m
00:03:12.136,,,,,,,,,,,,,,,
00:03:12.019,,,,,,,,,,,,,,,
00:03:11.902,,,,,,,,,,,,,,,
00:03:11.785,,,,,x3,,,,,,,,,,m
00:03:11.676,,,,,,,,,,,,,,,
00:03:11.566,,,,,,,,,,,,,,,
00:03:11.457,,,,x3,,,,,,,,,,,m
00:03:11.347,,,,,,,,,,,,,,,m
00:03:11.229,,,,,,,,,,,,,,,
00:03:11.111,,,,,,,,,,,,,,,
00:03:10.993,,,,,,,,,,,,,,,
00:03:10.875,,,x3,,,,,,,,,,,,m
00:03:10.762,,,,,,,,,,,,,,,
00:03:10.649,,,,,,,,,,,,,,,
00:03:10.536,,,,,,,,,,,,,,,
00:03:10.422,,x3,,,,,,,,,,,,,m
00:03:10.309,,,,,,,,,,,,,,,
00:03:10.195,,,,,,,,,,,,,,,
00:03:10.081,,,,,,,,,,,,,,,
00:03:09.968,,,,,,,,,,,,,,,m
00:03:09.860,,,,,,,,,,,,,,,
00:03:09.753,,x3,,,,,,,,,,,,,m
00:03:09.645,,,,,,,,,,,e,,e,,
00:03:09.537,,,,,@3,,,,,,,,,,mo
00:03:09.431,,,,,,,,,,,,,,,
00:03:09.324,,,,,,,,,,,,,,,
00:03:09.217,,,,,,,,,,,,,,,
00:03:09.110,,,,,,,,,,,,,,,
00:03:09.000,,,,,$^3,,,,,,,,,,mi
00:03:08.890,,,,,,,,,,,,,,s,
00:03:08.780,,,,,,,,,,,,,,,
00:03:08.669,,x3,,,,,,,,,,,,e,m
00:03:08.556,,,,,,,,,,,,,,,
00:03:08.443,,,,,,,,,,,,,,,
00:03:08.330,,,,,,,,,,,,,,,
00:03:08.216,,x3,,,,,,,,,s,,s,,m
00:03:08.103,,,,,,,,,,,,,,,
00:03:07.990,,,,,@3,,,,,,,,,,mo
00:03:07.877,,,,,,,,,,,,,,,
00:03:07.764,,,,,,,,,,,e,,e,,
00:03:07.656,,,,,,,,,,,,,,,
00:03:07.549,,,,,$^3,,,,,,,,,s,mi
00:03:07.441,,,,,,,,,,,,,,,
00:03:07.334,,,,,,,,,,,,,,,
00:03:07.218,,x3,,,,,,,,,,,,,m
00:03:07.102,,,,,,,,,,,,,,,
00:03:06.986,,,,,,,,,,,,,,,
00:03:06.870,,x3,,,,,,,,,,,,,m
00:03:06.753,,,,,,,,,,,,,,,
00:03:06.636,,,,,,,,,,,,,,,
00:03:06.519,,,,,,,,,,,,,,,
00:03:06.402,,x3,,,,,,s,s,,s,,s,e,m
00:03:06.290,,,,,,,,,,,,,,,
00:03:06.177,,,,,,,,,,,,,,,
00:03:06.065,,,,,,,,,,,,,,,
00:03:06.009,,,,,,,,,,,,,,,
00:03:05.953,,,,,x2,,,,,,,,,s,
00:03:05.846,,,,,,,,,,,,,,,
00:03:05.740,,,,,,,,,,,,,,,
00:03:05.633,,,,,,,,e,e,,,,,,
00:03:05.527,,,,,x2,,,,,,,,,,
00:03:05.417,,,,,,,,,,,,,,,
00:03:05.307,,,,,,,,,,,,,,,
00:03:05.196,,,,,,,,,,,,,,,
00:03:05.086,,x2,,,,,,,,,,,,,
00:03:04.967,,,,,,,,,,,,,,,
00:03:04.848,,,,,,,,,,,,,,,
00:03:04.729,,,,,,,,,,,,,,,
00:03:04.610,,,,,x2,,,,,,,,,,
00:03:04.505,,,,,,,,,,,,,,,
00:03:04.399,,,,,,,,,,,,,,,
00:03:04.293,,,,,,,,,,,,,,,
00:03:04.187,,x2,,,,,,,,,,,,,
00:03:04.078,,,,,,,,,,,,,,,
00:03:03.969,,,,,,,,,,,,,,,
00:03:03.860,,,,,,,,,,,,,,,
00:03:03.751,,,,,x2,,,,,,,,,,
00:03:03.639,,,,,,,,,,,,,,,
00:03:03.527,,,,,,,,,,,,,,,
00:03:03.416,,,,,,,,,,,,,,,
00:03:03.304,,x2,,,,,,,,,,,,,
00:03:03.190,,,,,,,,,,,,,,,
00:03:03.077,,,,,,,,,,,,,,,
00:03:02.963,,,,,,,,,,,,,,,
00:03:02.850,#,l2,#,#,r2,#,,s,s,,,,,,
00:03:02.736,,,,,,,,,,,,,,,
00:03:02.623,,,,,,,,,,,,,,,
00:03:02.509,,,,,,,,,,,,,,,
00:03:02.452,,,,,,,,,,,,,,,
00:03:02.395,,,,,,,s,,,,,,e,,
00:03:02.288,,,,,,,,,,,,,,,
00:03:02.181,,,,,,,,,,,,,,,
00:03:02.073,,,,,,,,,,,,,,,
00:03:01.966,,,,,,,,,,,,,,,
00:03:01.850,,,,,,,,,,,,,,,
00:03:01.733,,x3,,,,,,,,,,,,,m
00:03:01.616,,,,,,,,,,,,,,,
00:03:01.500,,,,,x3,,,,,,,,,,m
00:03:01.391,,,,,,,,,,,,,,,
00:03:01.282,,,,,,,,,,,,,,,
00:03:01.174,,,,,,,,,,,,,,,
00:03:01.065,,x3,,,,,,,,,,,,,m
00:03:00.948,,,,,,,,,,,,,,,
00:03:00.830,,,,,,,,,,,,,,,
00:03:00.712,,,,,,,,,,,,,,,
00:03:00.595,,,,,x3,,,,,,,,,,m
00:03:00.481,,,,,,,,,,,,,,,
00:03:00.367,,,,,,,,,,,,,,,
00:03:00.253,,,,,,,,,,,,,,,
00:03:00.140,,x3,,,,,,,,,,,,,m
00:03:00.026,,,,,,,,,,,,,,,
00:02:59.912,,,,,,,,,,,,,,,
00:02:59.799,,,,,,,,,,,,,,,
00:02:59.685,,,,,x3,,,,,,,,,,m
00:02:59.572,,,,,,,,,,,,,,,
00:02:59.459,,,,,,,,,,,,,,,
00:02:59.345,,,,,,,,,,,,,,,
00:02:59.232,,,,,,,,,,,,,,,
00:02:59.116,,,,,,,,,,,,,,,
00:02:58.999,,x3,,,,,,,,,,,s,,m
00:02:58.882,,,,,,,,,,,,,,,
00:02:58.766,,,,,,,,,,,,,,,
00:02:58.651,,,,,,,,,,,e,,,,
00:02:58.536,,,,,,,,,,,,,,,
00:02:58.422,,,,,,,,,,,,,,,
00:02:58.307,,,,,,,,,,,,,,,
00:02:58.191,,,,,,,,,,,,,,,mo
00:02:58.076,,,,,,,,,,,,,,,
00:02:57.960,,,,,,,,,,,,,,,mi
00:02:57.845,,,,,,,,,,,,,,,
00:02:57.735,,,,,x3,,,,,,,,,,m
00:02:57.624,,,,,,,,,,,,,,,
00:02:57.514,,,,,,,,,,,,,,,
00:02:57.404,,x3,,,,,,,,,,,,,m
00:02:57.289,,,,,,,,,,,,,,,
00:02:57.175,,,,,,,,,,,,,,,
00:02:57.060,,,,,,,,,,,,,,,
00:02:56.945,,,,,x3,,,,,,,,,,m
00:02:56.832,,,,,,,,,,,,,,,
00:02:56.718,,,,,,,,,,,,,,,
00:02:56.604,,,,,,,,,,,,,,,
00:02:56.490,,x3,,,,,,,,,s,,,,m
00:02:56.371,,,,,,,,,,,,,,,
00:02:56.252,,,,,,,,,,,,,,,
00:02:56.133,,,,,,,,,,,,,,,
00:02:56.014,,,,,,,,,,,,,,,
00:02:55.900,,,,,,,,,e,,,,,,
00:02:55.785,,x1,,,,,,,,,,,,,
00:02:55.670,,,,,,,,,,,,,,,
00:02:55.555,,x1,,,,,,,,,,,,,
00:02:55.445,,,,,,,,,,,,,,,
00:02:55.335,,,,,,,,,,,,,,,
00:02:55.225,,,,,,,,,,,,,,,
00:02:55.115,,x1,,,,,,,s,,,,,,
00:02:55.000,,,,,,,,,,,,,,,
00:02:54.884,,,,,@1,,,,,,,,,,
00:02:54.769,,,,,,,,,,,,,,,
00:02:54.654,,,,,,,,,,,,,,,
00:02:54.529,,,,,,,,,,,,,,,
00:02:54.404,,,,,,,,,,,,,,,
00:02:54.279,,,,,,,,,,,,,,,
00:02:54.154,,,,,,,,,,,,,,,
00:02:54.036,,,,,,,,,,,,,,,
00:02:53.917,,,,,,,,,,,,,,,
00:02:53.799,,,,,,,,,,,,,,,
00:02:53.680,,,,,,,,,,,,,,,
00:02:53.563,,,,,,,,,,,,,,,
00:02:53.445,,,,,,,,,,,,,,,
00:02:53.328,,,,,,,,,,,,,,,
00:02:53.210,,,,,,,,,,,,,,,
00:02:53.095,,,,,,,,,,,,,,,
00:02:52.979,,,,,,,,,,,,,,,
00:02:52.863,,,,,,,,,,,,,,,
00:02:52.748,,,,,,,,,,,,,,,
00:02:52.627,,,,,,,,,,,,,,,
00:02:52.506,,,,,,,,,,,,,,,
00:02:52.385,,,,,,,,,,,,,,,
00:02:52.264,,,,,,,e,,,,,,,,
00:02:52.150,,,,,,,,,,,,,,,
00:02:52.036,,,,,,,,,,,,,,,
00:02:51.922,,,,,,,,e,e,,,,,,
00:02:51.808,,,,,$^1,,,,s,,,,,e,mo
00:02:51.705,,,,,,,,,,,,,,,
00:02:51.601,,@3,,,,,,,,,,,,,
00:02:51.497,,,,,,,,,,,,,,,
00:02:51.394,,,,,,,,,,,,,,,
00:02:51.268,,,,,,,,,,,,,,,
00:02:51.142,,,,,,,,,,,,,,,
00:02:51.016,,,,,,,,,e,,,,,,
00:02:50.890,,$^3,,,,,,,,,,,,,mi
00:02:50.784,,,,,,,,,,,,,,,
00:02:50.677,,,,,,,,,,,,,,,
00:02:50.571,,,,,,,,,,,,,,,
00:02:50.464,,,,,x3,,,,,,,,,,m
00:02:50.351,,,,,,,,,,,,,,,
00:02:50.237,,,,,,,,,,,,,,,
00:02:50.123,,,,,,,,,,,,,,,
00:02:50.010,,,,,,,,,,,,,,,m
00:02:49.898,,,,,x3,,,,,,,,,,m
00:02:49.787,,,,,,,,,,,,,,,
00:02:49.675,,,,,,,,,,,,,,,m
00:02:49.564,,x3,,,,,,,,,,,,,m
00:02:49.451,,,,,,,,,,,,,,,
00:02:49.338,,,,,,,,,,,,,,,m
00:02:49.225,,,,,,,,,,,,,,,
00:02:49.112,,x3,,,,,,,,,,,,,m
00:02:49.001,,,,,,,,,,,,,,,
00:02:48.890,,,,,,,,,,,,,,,
00:02:48.780,,,,,,,,,,,,,,,
00:02:48.669,,,,,x3,,,,,,,,,,m
00:02:48.543,,,,,,,,,,,,,,,
00:02:48.417,,,,,,,,,,,,,,,
00:02:48.292,,,,,,,,,,,,,,,
00:02:48.166,,,,,x3,,,,s,,,,,,m
00:02:48.059,,,,,,,,,,,e,,e,,
00:02:47.951,,@3,,,,,,,,,,,,,mo
00:02:47.844,,,,,,,,,,,,,,,
00:02:47.736,,,,,,,,,,,,,,,
00:02:47.626,,,,,,,,,,,,,,,
00:02:47.515,,,,,,,,,,,,,,s,
00:02:47.404,,,,,,,,,e,,,,,,
00:02:47.293,,,,,,,,,s,,,,,,
00:02:47.184,,$^3,,,,,,,,,,,,,mi
00:02:47.074,,,,,,,,,,,,,,,
00:02:46.965,,,,,,,,,,,,,,,
00:02:46.855,,,,,x3,,,,,,,,,e,m
00:02:46.743,,,,,,,,,,,,,,,
00:02:46.632,,,,,,,,,,,,,,,
00:02:46.520,,,,,,,,,e,,,,,,
00:02:46.409,,,,,x3,,,,,,s,,s,,m
00:02:46.296,,,,,,,,,,,,,,,
00:02:46.183,,@3,,,,,,,,,,,,,mo
00:02:46.070,,,,,,,,,,,,,,,
00:02:45.957,,,,,,,,,s,,e,,e,,
00:02:45.841,,,,,,,,,,,,,,,
00:02:45.725,,$^3,,,,,,,,,,,,s,mi
00:02:45.609,,,,,,,,,,,,,,,
00:02:45.493,,,,,,,,,,,,,,,
00:02:45.378,,,,,x3,,,,,,,,,,m
00:02:45.263,,,,,,,,,,,,,,,
00:02:45.148,,,,,,,,,,,,,,,
00:02:45.034,,,,,x3,,,,,,,,,,m
00:02:44.917,,,,,,,,,,,,,,,
00:02:44.801,,,,,,,,,,,,,,,
00:02:44.684,,,,,,,,,e,,,,,,
00:02:44.568,,,,,x3,,,,,,s,,s,,m
00:02:44.456,,,,,,,,,,,,,,,
00:02:44.344,,,,,,,,,,,,,,,
00:02:44.232,,,,,,,,,,,,,,,
00:02:44.177,,,,,,,,,,,,,,,
00:02:44.121,*,r1,*,*,l1,*,,,,,,,,,
00:02:44.014,,,,,,,,,,,,,,,
00:02:43.907,,,,,,,,,,,,,,,
00:02:43.800,,,,,,,,,,,,,,,
00:02:43.693,,,,,x1,,,,,,,,,,
00:02:43.580,,,,,,,,,,,,,,,
00:02:43.467,,,,,,,,,,,,,,,
00:02:43.355,,,,,,,,,,,,,,,
00:02:43.242,,x1,,,,,,,,,,,,,
00:02:43.129,,,,,,,,,,,,,,,
00:02:43.016,,,,,,,,,,,,,,,
00:02:42.902,,,,,,,,,,,,,,,
00:02:42.789,,,,,x1,,,,,,,,,,
00:02:42.675,,,,,,,,,,,,,,,
00:02:42.561,,,,,,,,,,,,,,,
00:02:42.447,,,,,,,,,,,,,,,
00:02:42.333,,x1,,,,,,,,,,,,,
00:02:42.223,,,,,,,,,,,,,,,
00:02:42.113,,,,,,,,,,,,,,,
00:02:42.003,,,,,,,,,,,,,,,
00:02:41.893,,,,,x1,,,,,,,,,,
00:02:41.778,,,,,,,,,,,,,,,
00:02:41.663,,,,,,,,,,,,,,,
00:02:41.547,,,,,,,,,,,,,,,
00:02:41.432,,x1,,,,,,,,,,,,,
00:02:41.324,,,,,,,,,,,,,,,
00:02:41.216,,,,,,,,,,,,,,,
00:02:41.108,,,,,,,,,,,,,,,
00:02:41.000,,,,,x1,,,,,,,,,,
00:02:40.884,,,,,,,,,,,,,,,
00:02:40.768,,,,,,,,,,,,,,,
00:02:40.652,,,,,,,,,,,,,,,
00:02:40.535,,,,,,,,,,,,,,,
00:02:40.424,,,,,,,,,,,,,,,
00:02:40.312,,,,,,,,,,,,,,,
00:02:40.200,,,,,,,,,,,,,,,
00:02:40.088,,x1,,,,,,,,,,,,,
00:02:39.980,,,,,,,,,,,,,,,
00:02:39.872,,,,,,,,,,,,,,,
00:02:39.763,,,,,,,,,,,,,,,
00:02:39.655,,x1,,,,,,,,,,,,,
00:02:39.541,,,,,,,,,,,,,,,
00:02:39.427,,,,,,,,,,,,,,,
00:02:39.314,,,,,,,,,,,,,,,
00:02:39.200,,,,,x1,,,,,,,,,,
00:02:39.092,,,,,,,,,,,,,,,
00:02:38.984,,,,,,,,,,,,,,,
00:02:38.877,,,,,,,,,,,,,,,
00:02:38.769,,,,,,,,,,,,,,,
00:02:38.654,,,,,,,,,,,,,,,
00:02:38.538,,,,,,,,,,,,,,,
00:02:38.422,,,,,,,,,,,,,,,
00:02:38.307,,,,,x1,,,,,,,,,,
00:02:38.195,,,,,,,,,,,,,,,
00:02:38.083,,,,,,,,,,,,,,,
00:02:37.971,,,,,,,,,,,,,,,
00:02:37.858,,x1,,,,,,,,,,,,,
00:02:37.745,,,,,,,,,,,,,,,
00:02:37.632,,,,,,,,,,,,,,,
00:02:37.519,,,,,,,,,,,,,,,
00:02:37.406,,x1,,,,,,,,,,,,,
00:02:37.296,,,,,,,,,,,,,,,
00:02:37.187,,,,,,,,,,,,,,,
00:02:37.077,,,,,,,,,,,,,,,
00:02:36.967,,,,,,,,,,,,,,,
00:02:36.859,,,,,,,,,,,,,,,
00:02:36.750,,,,,,,,,,,,,,,
00:02:36.641,,,,,,,,,,,,,,,
00:02:36.533,,,,,x1,,,,,,,,,,
00:02:36.420,,,,,,,,,,,,,,,
00:02:36.306,,,,,,,,,,,,,,,
00:02:36.193,,,,,,,,,,,,,,,
00:02:36.080,,,,,x1,,,,,,,,,,
00:02:35.966,,,,,,,,,,,,,,,
00:02:35.852,,,,,,,,,,,,,,,
00:02:35.738,,,,,,,,,,,,,,,
00:02:35.624,,x1,,,,,,,,,,,,,
00:02:35.509,,,,,,,,,,,,,,,
00:02:35.395,,,,,,,,,,,,,,,
00:02:35.280,,,,,,,,,,,,,,,
00:02:35.166,,,,,,,,,,,,,,,
00:02:35.058,,,,,,,,,,,,,,,
00:02:34.951,,x1,,,,,,,,,,,,,
00:02:34.843,,,,,,,,,,,,,,,
00:02:34.736,,,,,x1,,,,,,,,,,
00:02:34.622,,,,,,,,,,,,,,,
00:02:34.508,,,,,,,,,,,,,,,
00:02:34.393,,,,,,,,,,,,,,,
00:02:34.279,,,,,x1,,,,,,,,,,
00:02:34.170,,,,,,,,,,,,,,,
00:02:34.061,,,,,,,,,,,,,,,
00:02:33.952,,,,,,,,,,,,,,,
00:02:33.844,,x1,,,,,,,,,,,,,
00:02:33.728,,,,,,,,,,,,,,,
00:02:33.613,,,,,,,,,,,,,,,
00:02:33.498,,,,,,,,,,,,,,,
00:02:33.382,,x1,,,,,,,,,,,,,
00:02:33.269,,,,,,,,,,,,,,,
00:02:33.155,,,,,,,,,,,,,,,
00:02:33.041,,,,,,,,,,,,,,,
00:02:32.928,,,,,x1,,,,,,,,,,
00:02:32.811,,,,,,,,,,,,,,,
00:02:32.694,,,,,,,,,,,,,,,
00:02:32.576,,,,,,,,,,,,,,,
00:02:32.459,,,,,x1,,,,,,,,,,
00:02:32.344,,,,,,,,,,,,,,,
00:02:32.229,,,,,,,,,,,,,,,
00:02:32.114,,,,,,,,,,,,,,,
00:02:31.999,,x1,,,,,,,,,,,,,
00:02:31.890,,,,,,,,,,,,,,,
00:02:31.782,,,,,,,,,,,,,,,
00:02:31.673,,,,,,,,,,,,,,,
00:02:31.565,,x1,,,,,,,s,,,,,,
00:02:31.453,,,,,,,,,,,,,,,
00:02:31.342,,,,,,,,,,,,,,,
00:02:31.230,,,,,,,,,,,,,,,
00:02:31.119,,,,,,,,,,,,,,,
00:02:31.000,,,,,,,,,,,,,,,
00:02:30.882,,,,,,,,,,,,,,,
00:02:30.763,,,,,,,,,,,,,,,
00:02:30.645,,,,,,,,,,,,,,,
00:02:30.526,,,,,,,,,,,,,,,
00:02:30.408,,,,,,,,,,,,,,,
00:02:30.289,,,,,,,,,e,,,,,,
00:02:30.171,#,r1,*,*,l1,#,,s,s,,,,,,
00:02:30.057,,,,,,,,,,,,,,,
00:02:29.944,,,,,,,,,,,,,,,
00:02:29.831,,,,,,,,,,,,,,,
00:02:29.718,x2,,,,,,,,,,,,,,
00:02:29.601,,,,,,,,,,,,,,,
00:02:29.484,,x2,,,,,,,,,,,,,
00:02:29.367,,,,,,,,,,,,,,,
00:02:29.309,,,,,,,,,,,,,,,
00:02:29.250,x2,,,,,,,,,,,,,,
00:02:29.146,,,,,,,,,,,,,,,
00:02:29.043,,,,,,,,,,,,,,,
00:02:28.939,,,,,,,,,,,,,,,
00:02:28.836,,x2,,,,,,,,,,,,,
00:02:28.724,,,,,,,,,,,,,,,
00:02:28.613,,,,,,,,,,,,,,,
00:02:28.502,,,,,,,,,,,,,,,
00:02:28.390,x2,,,,,,,,,,,,,,
00:02:28.283,,,,,,,,,,,,,,,
00:02:28.176,,,,,,,,,,,,,,,
00:02:28.068,,,,,,,,,,,,,,,
00:02:27.961,,x2,,,,,,,,,,,,,
00:02:27.851,,,,,,,,,,,,,,,
00:02:27.741,,,,,,,,,,,,,,,
00:02:27.630,,,,,,,,,,,,,,,
00:02:27.520,,,,,,x2,,,,,,,,,
00:02:27.413,,,,,,,,,,,,,,,
00:02:27.306,,,,,,,,,,,,,,,
00:02:27.198,,,,,,,,,,,,,,,
00:02:27.091,,x2,,,,,,,,,,,,,
00:02:26.984,,,,,,,,,,,,,,,
00:02:26.878,,,,,,,,,,,,,,,
00:02:26.771,,,,,,,,,,,,,,,
00:02:26.664,,,,,x2,,,,,,,,,,
00:02:26.554,,,,,,,,,,,,,,,
00:02:26.444,,,,,,,,,,,,,,,
00:02:26.334,,,,,,,,,,,,,,,
00:02:26.225,x2,,,,,,,,,,,,,,
00:02:26.117,,,,,,,,,,,,,,,
00:02:26.009,,,,,,,,,,,,,,,
00:02:25.901,,,,,,,,,,,,,,,
00:02:25.794,,,,,,x2,,,,,,,,,
00:02:25.686,,,,,,,,,,,,,,,
00:02:25.578,,,,,,,,,,,,,,,
00:02:25.470,,,,,,,,,,,,,,,
00:02:25.362,,x2,,,,,,,,,,,,,
00:02:25.253,,,,,,,,,,,,,,,
00:02:25.144,,,,,,,,,,,,,,,
00:02:25.035,,,,,,,,,,,,,,,
00:02:24.926,,,,,x2,,,,,,,,,,
00:02:24.815,,,,,,,,,,,,,,,
00:02:24.705,,,,,,,,,,,,,,,
00:02:24.594,,,,,,,,,,,,,,,
00:02:24.484,x2,,,,,,,,,,,,,,
00:02:24.377,,,,,,,,,,,,,,,
00:02:24.270,,,,,,,,,,,,,,,
00:02:24.163,,,,,,,,,,,,,,,
00:02:24.056,,,,,,,,,,,,,,,
00:02:23.945,,,,,,x2,,,,,,,,,
00:02:23.834,,,,,,,,,,,,,,,
00:02:23.724,,,,,,,,,,,,,,,
00:02:23.613,x2,,,,,,,,,,,,,,
00:02:23.498,,,,,,,,,,,,,,,
00:02:23.384,,,,,,,,,,,,,,,
00:02:23.269,,,,,,,,,,,,,,,
00:02:23.155,,,,,x2,,,,,,,,,,
00:02:23.041,,,,,,,,,,,,,,,
00:02:22.928,,x2,,,,,,,,,,,,,
00:02:22.815,,,,,,,,,,,,,,,
00:02:22.701,,,,,,,,,,,,,,,
00:02:22.593,x2,,,,,,,,,,,,,,
00:02:22.484,,,,,,,,,,,,,,,
00:02:22.376,,,,,,,,,,,,,,,
00:02:22.267,,,,,,x2,,,,,,,,,
00:02:22.161,,,,,,,,,,,,,,,
00:02:22.054,,,,,,,,,,,,,,,
00:02:21.948,,x2,,,,,,,,,,,,,
00:02:21.841,,,,,,,,,,,,,,,
00:02:21.733,,,,,,,,,,,,,,,
00:02:21.625,,,,,x2,,,,,,,,,,
00:02:21.517,,,,,,,,,,,,,,,
00:02:21.409,,,,,,,,,,,,,,,
00:02:21.304,x2,,,,,,,,,,,,,,
00:02:21.198,,,,,,,,,,,,,,,
00:02:21.092,,,,,,,,,,,,,,,
00:02:20.987,,,,,x2,,,,,,,,,,
00:02:20.877,,,,,,,,,,,,,,,
00:02:20.768,,,,,,,,,,,,,,,
00:02:20.659,,,,,,,,,,,,,,,
00:02:20.550,,,,,,,,,,,,,,,
00:02:20.442,,x2,,,,,,,,,,,,,
00:02:20.333,,,,,,,,,,,,,,,
00:02:20.225,,,,,,,,,,,,,,,
00:02:20.116,,,,,,x2,,,,,,,,,
00:02:20.005,,,,,,,,,,,,,,,
00:02:19.893,,,,,,,,,,,,,,,
00:02:19.781,,,,,,,,,,,,,,,
00:02:19.670,,x2,,,,,,,,,,,,,
00:02:19.561,,,,,,,,,,,,,,,
00:02:19.452,,,,,,,,,,,,,,,
00:02:19.344,,,,,,,,,,,,,,,
00:02:19.235,,,,,x2,,,,,,,,,,
00:02:19.133,,,,,,,,,,,,,,,
00:02:19.032,,,,,,,,,,,,,,,
00:02:18.930,,,,,,,,,,,,,,,
00:02:18.828,,,,,,,,,,,,,,,
00:02:18.716,x2,,,,,,,,,,,,,,
00:02:18.603,,,,,,,,,,,,,,,
00:02:18.490,,,,,,,,,,,,,,,
00:02:18.377,,,,,,,,,,,,,,,
00:02:18.267,,,,,,,,,,,,,,,
00:02:18.157,,,,,,x2,,,,,,,,,
00:02:18.047,,,,,,,,,,,,,,,
00:02:17.937,,,,,x2,,,,,,,,,,
00:02:17.828,,,,,,,,,,,,,,,
00:02:17.719,,,,,,,,,,,,,,,
00:02:17.610,,,,,,,,,,,,,,,
00:02:17.502,x2,,,,,,,,,,,,,,
00:02:17.400,,,,,,,,,,,,,,,
00:02:17.297,,,,,,,,,,,,,,,
00:02:17.195,,,,,,,,,,,,,,,
00:02:17.093,,x2,,,,,,,,,,,,,
00:02:16.984,,,,,,,,,,,,,,,
00:02:16.875,,,,,,,,,,,,,,,
00:02:16.767,,,,,,,,,,,,,,,
00:02:16.658,,,,,,x2,,,,,,,,,
00:02:16.549,,,,,,,,,,,,,,,
00:02:16.440,,,,,,,,,,,,,,,
00:02:16.331,,,,,,,,,,,,,,,
00:02:16.222,,,,,x2,,,,,,,,,,
00:02:16.115,,,,,,,,,,,,,,,
00:02:16.009,,,,,,,,,,,,,,,
00:02:15.902,,,,,,,,,,,,,,,
00:02:15.795,,x2,,,,,,,,,,,,,
00:02:15.686,,,,,,,,,,,,,,,
00:02:15.577,,,,,,,,,,,,,,,
00:02:15.469,,,,,,,,,,,,,,,
00:02:15.360,x2,,,,,,,,,,,,,,
00:02:15.255,,,,,,,,,,,,,,,
00:02:15.149,,,,,,,,,,,,,,,
00:02:15.044,,,,,,,,,,,,,,,
00:02:14.939,,,,,,,,,,,,,,,
00:02:14.829,,,,,,,,,,,,,,,
00:02:14.719,,,,,,,,,,,,,,e,
00:02:14.610,,,,,,,,,,,,,,,
00:02:14.500,#,l2,#,#,r2,#,,e,,,,,,s,
00:02:14.382,,,,,,,,,,,,,,,
00:02:14.263,,,,,,,,,,,,,,e,mo
00:02:14.145,,,,,,,,,e,,,,,,
00:02:14.027,,,,,@3,,,,,,,,,,
00:02:13.912,,,,,,,,,,,,,,,
00:02:13.797,,,,,,,,,,,,,,,
00:02:13.683,,,,,,,,,,,,,,,
00:02:13.568,,,,,,,,,,,,,,,
00:02:13.452,,,,,$^3,,,,,,,,,,mi
00:02:13.336,,,,,,,,,,,,,,,
00:02:13.220,,,,,,,,,,,,,,,
00:02:13.104,,x3,,,,,,,,,,,,,m
00:02:12.997,,,,,,,,,,,,,,,
00:02:12.889,,,,,,,,,,,,,,,
00:02:12.782,,,,,,,,,,,,,,,
00:02:12.674,x3,,,,,,,,,,,,,,m
00:02:12.564,,,,,,,,,,,,,,,
00:02:12.454,,,,,,,,,,,,,,,
00:02:12.343,,,,,,,,,,,,,,,m
00:02:12.233,x3,,,,,,,,,,,,,,m
00:02:12.108,,,,,,,,,,,,,,,
00:02:11.984,,x3,,,,,,,,,,,,,m
00:02:11.859,,,,,,,,,,,,,,,
00:02:11.734,x3,,,,,,,,,,,,,,m
00:02:11.624,,,,,,,,,,,,,,,
00:02:11.513,,,,,,,,,,,,,,,
00:02:11.403,,,,,,,,,,,,,,,
00:02:11.293,x3,,,,,,,,,,,,,,m
00:02:11.185,,,,,,,,,,,,,,,
00:02:11.078,,,,,,,,,,,,,,,
00:02:10.971,,,,,,,,,,,,,,,
00:02:10.863,,x3,,,,,,,,,,,,s,m
00:02:10.756,,,,,,,,,,,,,,,
00:02:10.648,,,,,@3,,,,,,e,,e,e,mo
00:02:10.541,,,,,,,,,,,,,,,
00:02:10.434,,,,,,,,,,,,,,,
00:02:10.320,,,,,,,,,,,,,,,
00:02:10.207,,,,,,,,,,,,,,,
00:02:10.094,,,,,,,,,,,,,,,
00:02:09.981,,,,,,,,,,,,,,,
00:02:09.871,,,,,$^3,,,,,,,,,,mi
00:02:09.760,,,,,,,,,,,,,,s,
00:02:09.650,,,,,,,,,,,,,,,
00:02:09.540,,x3,,,,,,,,,,,,,m
00:02:09.424,,,,,,,,,,,,,,,
00:02:09.307,,,,,,,,,,,,,,,
00:02:09.191,,,,,,,,,,,,,,,
00:02:09.075,,x3,,,,,,,,,s,,s,e,m
00:02:08.968,,,,,,,,,,,,,,,
00:02:08.860,,,,,,,,,,,,,,,
00:02:08.753,,,,,,,,,,,,,,,
00:02:08.646,x3,,,,,,,,,,e,,e,,m
00:02:08.527,,,,,,,,,,,,,,,
00:02:08.408,x3,,,,,,,,,,,,,s,m
00:02:08.289,,,,,,,,,,,,,,,
00:02:08.170,,,,,,,,,,,,,,,
00:02:08.054,,,,,,x3,,,,,,,,,m
00:02:07.937,,,,,,,,,,,,,,,
00:02:07.821,,,,,,,,,,,,,,,
00:02:07.705,,,,,,x3,,,,,,,,,m
00:02:07.589,,,,,,,,,,,,,,,
00:02:07.473,,,,,,,,,,,,,,,
00:02:07.357,,,,,,,,,,,,,,,
00:02:07.241,x3,,,,,,,,,,s,,s,,m
00:02:07.128,,,,,,,,,,,,,,e,
00:02:07.014,,,,,,,,,,,,,,,
00:02:06.901,,,,,,,,,,,,,,,
00:02:06.788,,,,,,,,,,,,,,,
00:02:06.681,,,,,,,,,,,,,,,
00:02:06.573,x3,,,,,,,,,,,,,,m
00:02:06.466,,,,,,,,,,,,,,,
00:02:06.359,,,,,,x3,,,s,,,,,,m
00:02:06.248,,,,,,,,,,,,,,,
00:02:06.138,,,,,,,,,,,,,,,
00:02:06.028,,,,,,,,,,,,,,,
00:02:05.917,,,,,,x3,,,,,,,,,m
00:02:05.810,,,,,,,,,,,,,,,
00:02:05.703,,,,,,,,,,,,,,,
00:02:05.595,,,,,,,,,e,,,,,,
00:02:05.488,x3,,,,,,,,,,,,,,m
00:02:05.372,,,,,,,,,,,,,,,
00:02:05.256,,,,,,,,,,,,,,,
00:02:05.139,,,,,,,,,,,,,,,
00:02:05.023,,,,,,,,,s,,,,,,
00:02:04.904,,,,,,,,,,,,,,,
00:02:04.785,x3,,,,,,,,,,,,,,m
00:02:04.666,,,,,,,,,,,,,,,
00:02:04.547,,,,,,x3,,,,,,,,,m
00:02:04.434,,,,,,,,,,,,,,,
00:02:04.321,,,,,,,,,,,,,,,
00:02:04.208,,,,,,,,,,,,,,,
00:02:04.095,,,,,,x3,,,,,,,,,m
00:02:03.981,,,,,,,,,,,,,,,
00:02:03.868,,,,,,,,,,,,,,,
00:02:03.755,,,,,,,,,e,,,,,,
00:02:03.642,x3,,,,,,,,,,,,,,m
00:02:03.523,,,,,,,,,,,,,,,
00:02:03.404,,,,,,,,,,,,,,,
00:02:03.324,,,,,,,,,,,,,,,
00:02:03.285,,,,,,,,,,,,,,,
00:02:03.166,,,,,,,,,s,,,,,,
00:02:03.058,,,,,,,,,,,,,,,
00:02:03.023,x3,,,,,,,,,,,,,,m
00:02:02.951,,,,,,,,,,,,,,,
00:02:02.844,,,,,,,,,,,,,,,
00:02:02.736,,,,,,,,,,,,,,,
00:02:02.620,,,,,,x3,,,,,,,,,m
00:02:02.504,,,,,,,,,,,,,,,
00:02:02.388,,,,,,,,,,,,,,,
00:02:02.272,,,,,,x3,,,,,,,,,m
00:02:02.156,,,,,,,,,,,,,,,
00:02:02.040,,,,,,,,,,,,,,,
00:02:01.923,,,,,,,,,e,,,,,,
00:02:01.807,,x3,,,,,,,,,,,,,m
00:02:01.694,,,,,,,,,,,,,,,
00:02:01.581,,,,,,,,,,,,,,,
00:02:01.468,,,,,,,,,,,,,,,
00:02:01.355,,x3,,,,,,,s,,,,,,m
00:02:01.245,,,,,,,,,,,,,,,
00:02:01.135,,,,,,,,,,,,,,,
00:02:01.025,,,,,,,,,,,,,,,
00:02:00.916,,,,,x3,,,,,,,,,,m
00:02:00.802,,,,,,,,,,,,,,,
00:02:00.688,,,,,,,,,,,,,,,
00:02:00.574,,,,,,,,,,,,,,,
00:02:00.460,,,,,x3,,,,,,,,,,m
00:02:00.341,,,,,,,,,,,,,,,
00:02:00.222,,,,,,,,,,,,,,,
00:02:00.104,,,,,,,,,e,,,,,,
00:01:59.985,,x3,,,,,,,,,,,,,m
00:01:59.870,,,,,,,,,,,,,,,
00:01:59.756,,,,,,,,,,,,,,,
00:01:59.642,,,,,,,,,,,,,,,
00:01:59.585,,,,,,,,,,,,,,,
00:01:59.528,,x3,,,,,,,,,,,,,m
00:01:59.415,,,,,,,,,,,,,,,
00:01:59.303,,,,,,,,,,,,,,,
00:01:59.191,,,,,,,,,,,,,,,
00:01:59.079,,,,,x3,,,,,,,,,,m
00:01:58.972,,,,,,,,,,,,,,,
00:01:58.864,,,,,,,,,,,,,,,
00:01:58.757,,,,,,,,,,,,,,,
00:01:58.649,,,,,x3,,,,,,,,,,m
00:01:58.536,,,,,,,,,,,,,,,
00:01:58.423,,,,,,,,,,,,,,,
00:01:58.310,,,,,,,,,,,,,,,
00:01:58.197,,x3,,,,,,,,,,,,,m
00:01:58.081,,,,,,,,,,,,,,,
00:01:57.964,,,,,,,,,,,,,,,
00:01:57.848,,,,,,,,,,,,,,,
00:01:57.732,,x3,,,,,,,,,,,,,m
00:01:57.625,,,,,,,,,,,,,,,
00:01:57.518,,,,,,,,,,,,,,,
00:01:57.410,,,,,,,,,,,,,,,
00:01:57.303,,,,,x3,,,,,,,,,,m
00:01:57.192,,,,,,,,,,,,,,,
00:01:57.082,,,,,,,,,,,,,,,
00:01:56.972,,,,,,,,,,,,,,,
00:01:56.862,,,,,x3,,,,,,,,,,m
00:01:56.746,,,,,,,,,,,,,,,
00:01:56.631,,,,,,,,,,,,,,,
00:01:56.515,,,,,,,,,,,,,,,
00:01:56.400,,x3,,,,,,,,,,,,,m
00:01:56.289,,,,,,,,,,,,,,,
00:01:56.178,,,,,,,,,,,,,,,
00:01:56.067,,,,,,,,,,,,,,,
00:01:55.956,,,,,,,,,,,,,,,
00:01:55.846,,,,,,,,,,,,,,,
00:01:55.735,,x3,,,,,,,,,,,,,m
00:01:55.625,,,,,,,,,,,,,,,
00:01:55.515,,,,,,,,,,,,,,,
00:01:55.460,,,,,x3,,,,,,,,,,m
00:01:55.405,,,,,,,,,,,,,,,
00:01:55.295,,,,,,,,,,,,,,,
00:01:55.222,,,,,,,,,,,,,,,
00:01:55.185,,,,,,,,,,,,,,,
00:01:55.075,,,,,x3,,,,,,,,,,m
00:01:54.971,,,,,,,,,,,,,,,
00:01:54.867,,,,,,,,,,,,,,,
00:01:54.762,,,,,,,,,,,,,,,
00:01:54.658,,,,,,,,,,,,,,,
00:01:54.544,,x3,,,,,,,,,,,,,m
00:01:54.430,,,,,,,,,,,,,,,
00:01:54.317,,,,,,,,,,,,,,,
00:01:54.203,,,,,,,,,,,,,,,m
00:01:54.087,,,,,x3,,,,,,,,,,m
00:01:53.971,,,,,,,,,,,,,,,
00:01:53.855,,,,,,,,,,,,,,,
00:01:53.738,,,,,,,,,,,,,,,
00:01:53.622,,,,,x3,,,,,,,,,,m
00:01:53.506,,,,,,,,,,,,,,,
00:01:53.390,,,,,,,,,,,,,,,
00:01:53.274,,,,,,x3,,,,,,,,,m
00:01:53.161,,,,,,,,,,,,,,,
00:01:53.048,,,,,,,,,,,,,,,
00:01:52.934,,,,,,,,,,,,,,,
00:01:52.821,,,,,,x3,,,,,,,,,m
00:01:52.705,,,,,,,,,,,,,,,
00:01:52.589,,,,,,,,,,,,,,,
00:01:52.473,,,,,,,,,,,,,,,
00:01:52.357,,,,,x3,,,,,,,,,,m
00:01:52.241,,,,,,,,,,,,,,,
00:01:52.125,,,,,,,,,,,,,,,
00:01:52.009,,,,,,,,,,,,,,,
00:01:51.892,,,,,x3,,,,s,,,,,,m
00:01:51.785,,,,,,,,,,,,,,,
00:01:51.678,,,,,,,,,,,,,,,
00:01:51.570,,,,,,,,,,,,,,,
00:01:51.463,x3,,,,,,,,,,,,,,m
00:01:51.350,,,,,,,,,,,,,,,
00:01:51.237,,,,,,,,,,,,,,,
00:01:51.123,,,,,,,,,e,,,,,,
00:01:51.010,,x3,,,,,,,,,,,,,m
00:01:50.894,,,,,,,,,,,,,,,
00:01:50.778,,,,,,,,,,,,,,,
00:01:50.662,,,,,,,,,,,,,,,
00:01:50.546,,x3,,,,,,,s,,,,,,m
00:01:50.430,,,,,,,,,,,,,,,
00:01:50.314,,,,,,,,,,,,,,,
00:01:50.197,,,,,,,,,,,,,,,m
00:01:50.081,x3,,,,,,,,,,,,,,m
00:01:49.971,,,,,,,,,,,,,,,
00:01:49.861,,,,,,,,,,,,,,,
00:01:49.750,,,,,,,,,,,,,,,
00:01:49.640,,x3,,,,,,,,,,,,,m
00:01:49.521,,,,,,,,,,,,,,,
00:01:49.402,,,,,,,,,,,,,,,
00:01:49.283,,,,,,,,,e,,,,,,
00:01:49.164,,x3,,,,,,,,,,,,,m
00:01:49.057,,,,,,,,,,,,,,,
00:01:48.949,,,,,,,,,,,,,,,
00:01:48.842,,,,,,,,,,,,,,,
00:01:48.735,,x3,,,,,,,s,,,,,,m
00:01:48.618,,,,,,,,,,,,,,,
00:01:48.502,,,,,,,,,,,,,,,
00:01:48.386,,,,,,,,,,,,,,,
00:01:48.270,,,,,,,,,,,,,,,
00:01:48.142,x3,,,,,,,,,,,,,,m
00:01:48.015,,,,,,,,,,,,,,,
00:01:47.887,,,,,,,,,,,,,,,
00:01:47.759,,,,,,,,,,,,,,,
00:01:47.652,,,,,x3,,,,,,,,,,m
00:01:47.545,,,,,,,,,,,,,,,
00:01:47.437,,,,,,,,,e,,,,,,
00:01:47.330,,,,,,x3,,,,,,,,,m
00:01:47.214,,,,,,,,,,,,,,,
00:01:47.098,,,,,,,,,,,,,,,
00:01:46.981,,,,,,,,,,,,,,,
00:01:46.865,,,,,,x3,,,s,,,,,,m
00:01:46.754,,,,,,,,,,,,,,,
00:01:46.643,,,,,,,,,,,,,,,
00:01:46.532,,,,,,,,,,,,,,,
00:01:46.421,,,,,,,,,,,,,,,
00:01:46.307,,,,,,x3,,,,,,,,,m
00:01:46.193,,,,,,,,,,,,,,,
00:01:46.078,,,,,,,,,,,,,,,
00:01:45.964,,,,,,,,,,,,,,,
00:01:45.854,,,,,x3,,,,,,,,,,m
00:01:45.744,,,,,,,,,,,,,,,
00:01:45.634,,,,,,,,,e,,,,,,
00:01:45.524,,,,,,x3,,,,,,,,,m
00:01:45.409,,,,,,,,,,,,,,,
00:01:45.294,,,,,,,,,,,,,,,
00:01:45.179,,,,,,,,,,,,,,,
00:01:45.064,,,,,,x3,,,,,,,,,m
00:01:44.957,,,,,,,,,,,,,,,
00:01:44.850,,,,,,,,,,,,,,,
00:01:44.743,,,,,,,,,,,,,,,
00:01:44.636,,,,,,x3,,,,,,,,,m
00:01:44.520,,,,,,,,,,,,,,,
00:01:44.404,,,,,,,,,,,,,,,
00:01:44.288,,,,,,,,,,,,,,,
00:01:44.172,,,,,x3,,,,,,,,,,m
00:01:44.062,,,,,,,,,,,,,,,
00:01:43.951,,,,,,,,,,,,,,,
00:01:43.841,,,,,,,,,,,,,,,
00:01:43.731,,,,,,x3,,,,,,,,,m
00:01:43.623,,,,,,,,,,,,,,,
00:01:43.516,,,,,,,,,,,,,,,
00:01:43.408,,,,,,,,,,,,,,,
00:01:43.301,,,,,,,,,,,,,,,
00:01:43.188,,,,,x3,,,,,,,,,,m
00:01:43.075,,,,,,,,,,,,,,,
00:01:42.961,,,,,,,,,,,,,,,m
00:01:42.848,,,,,x3,,,,,,,,,,m
00:01:42.741,,,,,,,,,,,,,,,
00:01:42.634,,,,,,,,,,,,,,,
00:01:42.526,,,,,,,,,,,,,,,
00:01:42.419,,x3,,,,,,,,,,,,,m
00:01:42.311,,,,,,,,,,,,,,,
00:01:42.204,,,,,,,,,,,,,,,
00:01:42.097,,,,,,,,,,,,,,,
00:01:41.989,,x3,,,,,,,,,,,,,m
00:01:41.866,,,,,,,,,,,,,,,
00:01:41.742,,,,,,,,,,,,,,,
00:01:41.619,,,,,,,,,,,,,,,
00:01:41.495,x3,,,,,,,,,,,,,,m
00:01:41.390,,,,,,,,,,,,,,,
00:01:41.284,,,,,,,,,,,,,,,
00:01:41.179,,,,,,,,,,,,,,,
00:01:41.073,,,,,,,,,,,,,,,
00:01:40.958,,,,,,,,,,,,,,,
00:01:40.842,x3,,,,,,,,,,,,,,m
00:01:40.727,,,,,,,,,,,,,,,
00:01:40.611,,x3,,,,,,,,,,,,,m
00:01:40.498,,,,,,,,,,,,,,,
00:01:40.460,,,,,,,,,,,,,,,
00:01:40.385,,,,,,,,,,,,,,,
00:01:40.272,,,,,,,,,,,,,,,
00:01:40.159,,x3,,,,,,,,,,,,,m
00:01:40.053,,,,,,,,,,,,,,,
00:01:39.947,,,,,,,,,,,,,,,
00:01:39.840,,,,,,,,,,,,,,,
00:01:39.734,,,,,,,,,,,,,,,
00:01:39.616,,,,,,x3,,,,,,,,,m
00:01:39.498,,,,,,,,,,,,,,,
00:01:39.379,,,,,,,,,,,,,,,m
00:01:39.261,,,,,,x3,,,,,,,,,m
00:01:39.153,,,,,,,,,,,,,,,
00:01:39.045,,,,,,,,,,,,,,,
00:01:38.936,,,,,,,,,,,,,,,
00:01:38.828,,,,,x3,,,,,,,,,,m
00:01:38.710,,,,,,,,,,,,,,,
00:01:38.592,,,,,,,,,,,,,,,
00:01:38.474,,,,,,,,,,,,,,,
00:01:38.356,,,,,,x3,,,,,,,,,m
00:01:38.243,,,,,,,,,,,,,,,
00:01:38.129,,,,,,,,,,,,,,,
00:01:38.016,,,,,,,,,,,,,,,
00:01:37.903,,,,,x3,,,,s,,,,,s,m
00:01:37.790,,,,,,,,,,,,,,,
00:01:37.676,,,,,,,,,,,,,,,
00:01:37.563,,,,,,,,,,,,,,,
00:01:37.450,#,r2,*,*,l2,#,,,,,,,,,
00:01:37.341,,,,,,,,,,,,,,,
00:01:37.232,,,,,,,,,,,,,,,
00:01:37.122,,,,,,,,,,,,,,,
00:01:37.013,,,,,,x2,,,,,,,,,
00:01:36.903,,,,,,,,,,,,,,,
00:01:36.792,,,,,,,,,,,,,,,
00:01:36.682,,,,,,,,,e,,,,,,
00:01:36.571,,,,,,x2,,,s,,,,,,
00:01:36.462,,,,,,,,,,,,,,,
00:01:36.352,,,,,,,,,,,,,,,
00:01:36.243,,,,,,,,,,,,,,,
00:01:36.133,,,,,x2,,,,,,,,,,
00:01:36.016,,,,,,,,,,,,,,,
00:01:35.899,,,,,,,,,,,,,,,
00:01:35.782,,,,,,,,,,,,,,,
00:01:35.665,,,,,x2,,,,,,,,,,
00:01:35.545,,,,,,,,,,,,,,,
00:01:35.425,,,,,,,,,,,,,,,
00:01:35.305,,,,,,,,,,,,,,,
00:01:35.185,,,,,,x2,,,,,,,,,
00:01:35.069,,,,,,,,,,,,,,,
00:01:34.953,,,,,,,,,,,,,,,
00:01:34.837,,,,,,,,,e,,,,,,
00:01:34.721,,,,,,x2,s,,s,,,,,,
00:01:34.605,,,,,,,,,,,,,,,
00:01:34.489,,,,,,,,,,,,,,,
00:01:34.373,,,,,,,,,,,,,,,
00:01:34.257,,,,,,,,,,,,,,,
00:01:34.150,,,,,,,,,,,,,,,
00:01:34.042,,,,,,,,,,,,,,,
00:01:33.935,,,,,,,,,,,,,,,
00:01:33.827,,,,,,,e,s,,,,,,,
00:01:33.716,,,,,,,,,,,,,,,
00:01:33.605,,,,,,,,,,,,,,,
00:01:33.494,,,,,,,,,,,,,,,
00:01:33.383,x2,,,,,,,,,,,,,,
00:01:33.263,,,,,,,,,,,,,,,
00:01:33.144,,,,,,,,,,,,,,,
00:01:33.025,,,,,,,,,,,,,,,
00:01:32.906,,,,,,,,e,,,,,,,
00:01:32.791,,,,,,,,,e,,,,,,
00:01:32.677,,x2,,,,,,,,,,,,,
00:01:32.563,,,,,,,,,,,,,,,
00:01:32.448,x2,,,,,,,,,,,,,,
00:01:32.338,,,,,,,,,,,,,,,
00:01:32.228,,,,,,,,,,,,,,,
00:01:32.117,,,,,,,,,,,,,,,
00:01:32.007,x2,,,,,,,,,,,,,,
00:01:31.896,,,,,,,,,,,,,,,
00:01:31.785,,,,,,,,,,,,,,,
00:01:31.674,,,,,,,,,,,,,,,
00:01:31.563,,x2,,,,,,,,,,,,,
00:01:31.453,,,,,,,,,,,,,,,
00:01:31.343,,,,,,,,,,,,,,,
00:01:31.233,,,,,,,,,,,,,,,
00:01:31.123,x2,,,,,,,,,,,,,,
00:01:31.012,,,,,,,,,,,,,,,
00:01:30.901,,,,,,,,,,,,,,,
00:01:30.790,,,,,,,,,,,,,,,
00:01:30.679,,x2,,,,,,,,,,,,,
00:01:30.566,,,,,,,,,,,,,,,
00:01:30.453,,,,,,,,,,,,,,,
00:01:30.341,,,,,,,,,,,,,,,
00:01:30.228,x2,,,,,,,,s,,,,,,
00:01:30.121,,,,,,,,,,,,,,,
00:01:30.013,,,,,,,,,,,,,,,
00:01:29.906,,,,,,,,,,,,,,,
00:01:29.799,,x2,,,,,,,,,,,,,
00:01:29.688,,,,,,,,,,,,,,,
00:01:29.578,,,,,,,,,,,,,,,
00:01:29.468,,,,,,,,,,,,,,,
00:01:29.358,x2,,,,,,,,,,,,,,
00:01:29.247,,,,,,,,,e,,,,,,
00:01:29.137,,,,,,,,,,,,,,,
00:01:29.027,,,,,,,,,,,,,,,
00:01:28.916,,x2,,,,,,,,,,,,,
00:01:28.809,,,,,,,,,,,,,,,
00:01:28.702,,,,,,,,,,,,,,,
00:01:28.594,,,,,,,,,,,,,,,
00:01:28.487,x2,,,,,,,,,,,,,,
00:01:28.376,,,,,,,,,,,,,,,
00:01:28.266,,,,,,,,,,,,,,,
00:01:28.156,,,,,,,,,,,,,,,
00:01:28.046,,,,,,x2,,,,,,,,,
00:01:27.938,,,,,,,,,,,,,,,
00:01:27.902,,,,,,,,,,,,,,,
00:01:27.831,,,,,,,,,,,,,,,
00:01:27.759,,,,,,,,,,,,,,,
00:01:27.723,,,,,,,,,,,,,,,
00:01:27.616,,,,,x2,,,,,,,,,,
00:01:27.503,,,,,,,,,,,,,,,
00:01:27.465,,,,,,,,,,,,,,,
00:01:27.390,,,,,,,,,,,,,,,
00:01:27.276,,,,,,,,,,,,,,,
00:01:27.163,,,,,,x2,,,,,,,,,
00:01:27.047,,,,,,,,,,,,,,,
00:01:26.932,,,,,,,,,,,,,,,
00:01:26.816,,,,,,,,,,,,,,,
00:01:26.700,,,,,x2,,,,,,,,,,
00:01:26.592,,,,,,,,,,,,,,,
00:01:26.485,,,,,,,,,,,,,,,
00:01:26.377,,,,,,,,,,,,,,,
00:01:26.269,,,,,,x2,,,,,,,,,
00:01:26.162,,,,,,,,,,,,,,,
00:01:26.054,,,,,,,,,,,,,,,
00:01:25.947,,,,,,,,,,,,,,,
00:01:25.840,,,,,x2,,,,,,,,,,
00:01:25.721,,,,,,,,,,,,,,,
00:01:25.602,,,,,,,,,,,,,,,
00:01:25.483,,,,,,,,,,,,,,,
00:01:25.364,,x2,,,,,,,,,,,,,
00:01:25.253,,,,,,,,,,,,,,,
00:01:25.143,,,,,,,,,,,,,,,
00:01:25.033,,,,,,,,,,,,,,,
00:01:24.922,x2,,,,,,,,,,,,,,
00:01:24.812,,,,,,,,,,,,,,,
00:01:24.702,,,,,,,,,,,,,,,
00:01:24.592,,,,,,,,,,,,,,,
00:01:24.481,,x2,,,,,,,,,,,,,
00:01:24.374,,,,,,,,,,,,,,,
00:01:24.267,,,,,,,,,,,,,,,
00:01:24.159,,,,,,,,,,,,,,,
00:01:24.052,x2,,,,,,,,,,,,,,
00:01:23.941,,,,,,,,,,,,,,,
00:01:23.831,,,,,,,,,,,,,,,
00:01:23.721,,,,,,,,,,,,,,,
00:01:23.611,,x2,,,,,,,,,,,,,
00:01:23.495,,,,,,,,,,,,,,,
00:01:23.379,,,,,,,,,,,,,,,
00:01:23.263,,,,,,,,,,,,,,,
00:01:23.148,x2,,,,,,,s,,,,,,e,
00:01:23.030,,,,,,,,,,,,,,,
00:01:22.912,,,,,,,,,,,,,,,
00:01:22.794,,,,,,,,,,,,,,,
00:01:22.676,,,,,x2,,,,,,,,,s,
00:01:22.568,,,,,,,,,,,,,,,
00:01:22.461,,,,,,,,,,,,,,,
00:01:22.353,,,,,,,,,,,,,,,
00:01:22.246,,x2,,,,,s,,,,,,,,
00:01:22.143,,,,,,,,,,,,,,,
00:01:22.040,,,,,,,,,,,,,,,
00:01:21.937,,,,,,,,,,,,,,,
00:01:21.834,,,,,,x1,,,,,,,,,
00:01:21.721,,,,,,,,,,,,,,,
00:01:21.608,,,,,,,,,,,,,,,
00:01:21.495,,,,,,,,,,,,,,,
00:01:21.381,,,,,x1,,,,,,,,,,
00:01:21.270,,,,,,,,,,,,,,,
00:01:21.158,,,,,,,,,,,,,,,
00:01:21.046,,,,,,,,,,,,,,,
00:01:20.934,,,,,x1,,,,,,,,,,
00:01:20.827,,,,,,,,,,,,,,,
00:01:20.720,,,,,,,,,,,,,,,
00:01:20.612,,,,,,,,,,,,,,,
00:01:20.505,,,,,,x1,,,,,,,,,
00:01:20.397,,,,,,,,,,,,,,,
00:01:20.290,,@1,,,,,,,,,,,,,
00:01:20.183,,,,,,,,,,,,,,,
00:01:20.076,,,,,,,,,,,,,,,
00:01:19.965,,,,,,,,,,,,,,,
00:01:19.855,,$^1,,,,,,,,,,,,,
00:01:19.745,,,,,,,,,,,,,,,
00:01:19.635,,,,,x1,,,,,,,,,,
00:01:19.525,,,,,,,,,,,,,,,
00:01:19.416,,@1,,,,,,,,,,,,,
00:01:19.307,,,,,,,,,,,,,,,
00:01:19.198,,,,,,,e,,,,,,,,
00:01:19.088,,,,,,,,,,,,,,,
00:01:18.978,,,,,,,,,,,,,,,
00:01:18.868,,,,,,,,,,,,,,,
00:01:18.758,,,,,,,s,,,,,,,,
00:01:18.644,,,,,,,,,,,,,,,
00:01:18.531,,$^1,,,,,,,,,,,,,
00:01:18.418,,,,,,,,,,,,,,,
00:01:18.305,,,,,,x1,,,,,,,,,
00:01:18.195,,,,,,,,,,,,,,,
00:01:18.084,,,,,,,,,,,,,,,
00:01:17.974,,,,,,,,,,,,,,,
00:01:17.864,,,,,x1,,,,,,,,,,
00:01:17.753,,,,,,,,,,,,,,,
00:01:17.643,,,,,,,,,,,,,,,
00:01:17.533,,,,,,,,,,,,,,,
00:01:17.422,,,,,x1,,,,,,,,,,
00:01:17.321,,,,,,,,,,,,,,,
00:01:17.219,,,,,,,,,,,,,,,
00:01:17.118,,,,,,,,,,,,,,,
00:01:17.016,,,,,,x1,,,,,,,,,
00:01:16.891,,,,,,,,,,,,,,,
00:01:16.766,,@1,,,,,,,,,,,,,
00:01:16.642,,,,,,,,,,,,,,,
00:01:16.517,,,,,,,,,,,,,,,
00:01:16.415,,,,,,,,,,,,,,,
00:01:16.314,,$^1,,,,,,,,,,,,,
00:01:16.212,,,,,,,,,,,,,,,
00:01:16.111,,,,,,x1,,,,,,,,,
00:01:15.991,,,,,,,,,,,,,,,
00:01:15.872,,,,,,,,,,,,,,,
00:01:15.753,,,,,,,,,,,,,,,
00:01:15.634,,,,,x1,,,,,,,,,,
00:01:15.524,,,,,,,,,,,,,,,
00:01:15.414,,,,,,,,,,,,,,,
00:01:15.304,,,,,,,,,,,,,,,
00:01:15.194,,x1,,,,,,,,,,,,,
00:01:15.088,,,,,,,,,,,,,,,
00:01:14.981,,,,,,,,,,,,,,,
00:01:14.875,,,,,,,,,,,,,,,
00:01:14.769,,x1,,,,,,,,,,,,,
00:01:14.659,,,,,,,,,,,,,,,
00:01:14.550,,,,,,,,,,,,,,,
00:01:14.440,,,,,,,,,,,,,,,
00:01:14.331,,x1,,,,,,,,,,,,,
00:01:14.224,,,,,,,,,,,,,,,
00:01:14.118,,,,,,,,,,,,,,,
00:01:14.011,,,,,,,,,,,,,,,
00:01:13.904,,,,,x1,,,,,,,,,,
00:01:13.795,,,,,,,,,,,,,,,
00:01:13.686,,,,,,,,,,,,,,,
00:01:13.577,,,,,,,,,,,,,,,
00:01:13.468,,,,,x1,,,,,,,,,,
00:01:13.362,,,,,,,,,,,,,,,
00:01:13.257,,,,,,,,,,,,,,,
00:01:13.151,,,,,,,,,,,,,,,
00:01:13.045,,,,,x1,,,,,,,,,,
00:01:12.938,,,,,,,,,,,,,,,
00:01:12.831,,,,,,,,,,,,,,,
00:01:12.724,,,,,,,,e,,,,,,,
00:01:12.617,#,l1,#,#,r1,#,e,,s,,,,,e,mo
00:01:12.494,,,,,,,,,,,,,,,
00:01:12.372,,,,,,,,,,,,,,,
00:01:12.250,,,,,,,,,,,,,,,
00:01:12.128,,,,,,,,,,,,,,,
00:01:12.011,,,,,,,,,,,,,,,
00:01:11.894,,,,,,,,,,,,,,,
00:01:11.777,,,,,,,,,e,,,,,,
00:01:11.660,,,,,,,,,,,,,,,
00:01:11.550,,,,,,,,,,,,,,,mi
00:01:11.440,,,,,,,,,,,,,,,
00:01:11.330,,,,,,,,,,,,,,,
00:01:11.220,,,,,x3,,,,,,,,,,m
00:01:11.112,,,,,,,,,,,,,,,
00:01:11.004,,,,,,,,,,,,,,,
00:01:10.895,,,,,,,,,,,,,,,
00:01:10.787,,,,,x3,,,,,,,,,,m
00:01:10.676,,,,,,,,,,,,,,,
00:01:10.564,,,,,,,,,,,,,,,
00:01:10.452,,,,,,,,,,,,,,,m
00:01:10.341,,x3,,,,,,,,,,,,,m
00:01:10.227,,,,,,,,,,,,,,,
00:01:10.114,,,,,,,,,,,,,,,m
00:01:10.001,,,,,,,,,,,,,,,
00:01:09.888,,x3,,,,,,,,,,,,,m
00:01:09.771,,,,,,,,,,,,,,,
00:01:09.655,,,,,,,,,,,,,,,
00:01:09.539,,,,,,,,,,,,,,,
00:01:09.423,,,,,x3,,,,,,,,,,m
00:01:09.316,,,,,,,,,,,,,,,
00:01:09.208,,,,,,,,,,,,,,,
00:01:09.101,,,,,,,,,,,,,,,
00:01:08.994,,,,,x3,,,,,,,,,,m
00:01:08.875,,,,,,,,,,,,,,,
00:01:08.756,,@3,,,,,,,,,e,,e,,mo
00:01:08.637,,,,,,,,,,,,,,,
00:01:08.518,,,,,,,,,,,,,,,
00:01:08.407,,,,,,,,,,,,,,,
00:01:08.297,,,,,,,,,,,,,,,
00:01:08.187,,,,,,,,,,,,,,,
00:01:08.076,,,,,,,,,,,,,,,
00:01:07.960,,$^3,,,,,,,,,,,,,mi
00:01:07.844,,,,,,,,,,,,,,s,
00:01:07.728,,,,,,,,,,,,,,,
00:01:07.612,,,,,x3,,,,,,,,,,m
00:01:07.505,,,,,,,,,,,,,,,
00:01:07.397,,,,,,,,,,,,,,e,
00:01:07.290,,,,,,,,,,,,,,,
00:01:07.182,,x3,,,,,,,,,s,,s,,m
00:01:07.069,,,,,,,,,,,,,,,
00:01:06.956,,,,,,,,,,,,,,,mo
00:01:06.843,,,,,,,,,,,,,,,
00:01:06.730,,,,,,,,,,,e,,e,,
00:01:06.614,,,,,,,,,,,,,,,
00:01:06.497,,,,,,,,,,,,,,s,mi
00:01:06.381,,,,,,,,,,,,,,,
00:01:06.265,,,,,,,,,,,,,,,
00:01:06.155,,,,,x3,,,,,,,,,,m
00:01:06.046,,,,,,,,,,,,,,,
00:01:05.936,,,,,,,,,,,,,,,
00:01:05.826,,x3,,,,,,,,,,,,e,m
00:01:05.708,,,,,,,,,,,,,,,
00:01:05.590,,,,,,,,,,,,,,,
00:01:05.473,,,,,,,,,,,,,,,
00:01:05.355,,,,,,,,,,,,,,,
00:01:05.247,,,,,,,,,,,,,,,
00:01:05.139,,,,,x3,,,,,,s,,s,,m
00:01:05.031,,,,,,,,,,,,,,,
00:01:04.977,,,,,,,,,,,,,,,
00:01:04.923,,,,,,,,,,,,,,,
00:01:04.813,,,,,,,,,,,,,,,
00:01:04.704,,,,,,,,,,,,,,,
00:01:04.594,,,,,,,,,,,,,,,
00:01:04.485,,,,,,,,,,,,,,,
00:01:04.376,,x3,,,,,,,,,,,,,m
00:01:04.266,,,,,,,,,,,,,,,
00:01:04.157,,,,,,,,,,,,,,,
00:01:04.048,,,,,x3,,,,,,,,,,m
00:01:03.932,,,,,,,,,,,,,,,
00:01:03.816,,,,,,,,,,,,,,,
00:01:03.699,,,,,,,,,,,,,,,
00:01:03.583,,x3,,,,,,,s,,,,,,m
00:01:03.470,,,,,,,,,,,,,,,
00:01:03.357,,,,,,,,,,,,,,,
00:01:03.244,,,,,,,,,,,,,,,
00:01:03.131,,,,,,,,,,,,,,,
00:01:03.017,,,,,x3,,,,,,,,,,m
00:01:02.904,,,,,,,,,,,,,,,
00:01:02.791,,,,,,,,,,,,,,,
00:01:02.678,,x3,,,,,,,,,,,,,m
00:01:02.562,,,,,,,,,,,,,,,
00:01:02.446,,,,,,,,,,,,,,,
00:01:02.329,,,,,,,,,,,,,,,
00:01:02.213,,,,,x3,,,,,,,,,,m
00:01:02.100,,,,,,,,,,,,,,,
00:01:01.987,,,,,,,,,,,,,,,
00:01:01.874,,,,,,,,,e,,,,,,
00:01:01.761,,x3,,,,,,,s,,,,,,m
00:01:01.653,,,,,,,,,,,,,,,
00:01:01.545,,,,,,,,,,,,,,,
00:01:01.438,,,,,,,,,,,,,,,
00:01:01.330,,,,,x3,,,,,,,,,,m
00:01:01.211,,,,,,,,,,,,,,,
00:01:01.092,,,,,,,,,,,,,,,
00:01:00.972,,,,,,,,,,,,,,,
00:01:00.853,,x3,,,,,,,,,,,,,m
00:01:00.743,,,,,,,,,,,,,,,
00:01:00.632,,,,,,,,,,,,,,,
00:01:00.522,,,,,,,,,,,,,,,
00:01:00.412,,,,,x3,,,,,,,,,,m
00:01:00.296,,,,,,,,,,,,,,,
00:01:00.181,,,,,,,,,,,,,,,
00:01:00.065,,,,,,,,,e,,,,,,
00:00:59.949,,x3,,,,,,,,,,,,,m
00:00:59.833,,,,,,,,,,,,,,,
00:00:59.717,,,,,,,,,,,,,,,
00:00:59.601,,,,,,,,,,,,,,,
00:00:59.485,,,,,,,,,s,,,,,,
00:00:59.369,,,,,,,,,,,,,,,
00:00:59.330,,,,,x3,,,,,,,,,,m
00:00:59.253,,,,,,,,,,,,,,,
00:00:59.175,,,,,,,,,,,,,,,
00:00:59.137,,,,,,,,,,,,,,,
00:00:59.021,,x3,,,,,,,,,,,,,m
00:00:58.916,,,,,,,,,,,,,,,
00:00:58.811,,,,,,,,,,,,,,,
00:00:58.706,,,,,,,,,,,,,,,
00:00:58.602,,,,,,,,,,,,,,,
00:00:58.479,,,,,,,,,,,,,,,
00:00:58.356,,,,,,,,,,,,,,,
00:00:58.233,,,,,,,,,e,,,,,,
00:00:58.110,,,,,x3,,,,,,,,,,m
00:00:58.001,,,,,,,,,,,,,,,
00:00:57.892,,,,,,,,,,,,,,,
00:00:57.783,,,,,,,,,,,,,,,
00:00:57.674,,x3,,,,,,,,,,,,,m
00:00:57.564,,,,,,,,,,,,,,,
00:00:57.453,,,,,,,,,,,,,,,
00:00:57.343,,,,,,,,,,,,,,,
00:00:57.233,,,,,,,,,,,,,,,
00:00:57.126,,x3,,,,,,,,,,,,,m
00:00:57.020,,,,,,,,,,,,,,,
00:00:56.913,,,,,,,,,,,,,,,
00:00:56.807,,,,,,,,,,,,,,,
00:00:56.695,,,,,,,,,,,,,,,
00:00:56.582,,x3,,,,,,,,,,,,,m
00:00:56.470,,,,,,,,,,,,,,,
00:00:56.357,,,,,,,,,,,,,,,
00:00:56.248,,,,,x3,,,,,,,,,,m
00:00:56.139,,,,,,,,,,,,,,,
00:00:56.030,,,,,,,,,,,,,,,
00:00:55.921,,,,,x3,,,,,,,,,,m
00:00:55.805,,,,,,,,,,,,,,,
00:00:55.689,,,,,x3,,,,,,,,,,m
00:00:55.572,,,,,,,,,,,,,,,
00:00:55.456,,x3,,,,,,,,,,,,,m
00:00:55.349,,,,,,,,,,,,,,,
00:00:55.242,,,,,,,,,,,,,,,
00:00:55.134,,,,,,,,,,,,,,,
00:00:55.027,,x3,,,,,,,,,,,,,m
00:00:54.914,,,,,,,,,,,,,,,
00:00:54.800,,,,,,,,,,,,,,,
00:00:54.687,,,,,,,,,,,,,,,
00:00:54.574,,x3,,,,,,,,,,,,,m
00:00:54.467,,,,,,,,,,,,,,,
00:00:54.360,,,,,,,,,,,,,,,
00:00:54.254,,,,,,,,,,,,,,,
00:00:54.147,,,,,x3,,,,,,,,,,m
00:00:54.036,,,,,,,,,,,,,,,
00:00:53.925,,,,,x3,,,,,,,,,,m
00:00:53.814,,,,,,,,,,,,,,,
00:00:53.703,,,,,,,,,,,,,,,
00:00:53.592,,,,,x3,,,,,,,,,,m
00:00:53.480,,,,,,,,,,,,,,,
00:00:53.424,,,,,,,,,,,,,,,
00:00:53.369,,,,,,,,,,,,,,,
00:00:53.257,,x3,,,,,,,,,,,,,m
00:00:53.144,,,,,,,,,,,,,,,
00:00:53.031,,,,,,,,,,,,,,,
00:00:52.918,,,,,,,,,,,,,,,
00:00:52.805,,x3,,,,,,,,,,,,,m
00:00:52.696,,,,,,,,,,,,,,,
00:00:52.588,,,,,,,,,,,,,,,
00:00:52.480,,,,,,,,,,,,,,,
00:00:52.372,,,,,,,,,,,,,,,m
00:00:52.258,,x3,,,,,,,,,,,,,m
00:00:52.144,,,,,,,,,,,,,,,
00:00:52.030,,,,,,,,,,,,,,,m
00:00:51.916,,,,,x3,,,,,,,,,,m
00:00:51.806,,,,,,,,,,,,,,,
00:00:51.695,,,,,,,,,,,,,,,
00:00:51.585,,,,,,,,,,,,,,,
00:00:51.474,,,,,x3,,,,,,,,,,m
00:00:51.356,,,,,,,,,,,,,,,
00:00:51.239,,,,,,,,,,,,,,,
00:00:51.121,,,,,,,,,,,,,,,
00:00:51.003,,,,,x3,,,,s,,,,,,m
00:00:50.889,,,,,,,,,,,,,,,
00:00:50.776,,,,,,,,,,,,,,,
00:00:50.662,,,,,,,,,,,,,,,
00:00:50.605,,,,,,,,,,,,,,,
00:00:50.548,,x3,,,,,,,,,,,,,m
00:00:50.437,,,,,,,,,,,,,,,
00:00:50.326,,,,,,,,,,,,,,,
00:00:50.214,,,,,,,,,,,,,,,
00:00:50.103,,,,,,,,,,,,,,,
00:00:49.989,,x3,,,,,,,,,,,,,m
00:00:49.875,,,,,,,,,,,,,,,
00:00:49.761,,,,,,,,,,,,,,,
00:00:49.647,,,,,,,,,,,,,,,
00:00:49.535,,x3,,,,,,,,,,,,,m
00:00:49.424,,,,,,,,,,,,,,,
00:00:49.312,,,,,,,,,e,,,,,,
00:00:49.200,,,,,x3,,,,s,,,,,,m
00:00:49.086,,,,,,,,,,,,,,,
00:00:48.972,,,,,,,,,,,,,,,
00:00:48.858,,,,,,,,,,,,,,,
00:00:48.745,,,,,x3,,,,,,,,,,m
00:00:48.634,,,,,,,,,,,,,,,
00:00:48.523,,,,,,,,,,,,,,,m
00:00:48.411,,,,,,,,,,,,,,,
00:00:48.300,,,,,x3,,,,,,,,,,m
00:00:48.186,,,,,,,,,,,,,,,
00:00:48.072,,,,,,,,,,,,,,,
00:00:47.957,,,,,,,,,,,,,,,
00:00:47.843,,x3,,,,,,,,,,,,,m
00:00:47.727,,,,,,,,,,,,,,,
00:00:47.612,,,,,,,,,,,,,,,
00:00:47.496,,,,,,,,,e,,,,,,
00:00:47.380,,,,,x3,,,,,,,,,,m
00:00:47.266,,,,,,,,,,,,,,,
00:00:47.152,,,,,,,,,,,,,,,
00:00:47.037,,,,,,,,,,,,,,,
00:00:46.923,,x3,,,,,,,s,,,,,,m
00:00:46.808,,,,,,,,,,,,,,,
00:00:46.693,,,,,,,,,,,,,,,
00:00:46.578,,,,,,,,,,,,,,,
00:00:46.463,,,,,,,,,,,,,,,
00:00:46.349,,,,,x3,,,,,,,,,,m
00:00:46.234,,,,,,,,,,,,,,,
00:00:46.120,,,,,,,,,,,,,,,
00:00:46.006,,x3,,,,,,,,,,,,,m
00:00:45.884,,,,,,,,,,,,,,,
00:00:45.762,,,,,,,,,,,,,,,
00:00:45.640,,,,,,,,,e,,,,,,
00:00:45.518,,,,,,,,,,,,,,,
00:00:45.445,,,,,,,,,,,,,,,
00:00:45.408,,,,,,,,,,,,,,,
00:00:45.298,,,,,,,,,,,,,,,
00:00:45.224,,,,,,,,,,,,,,,
00:00:45.187,,,,,,,,,,,,,,,
00:00:45.077,,,,,x3,,,,s,,,,,,m
00:00:44.970,,,,,,,,,,,,,,,
00:00:44.862,,,,,,,,,,,,,,,
00:00:44.755,,,,,,,,,,,,,,,m
00:00:44.647,,x3,,,,,,,,,,,,,m
00:00:44.538,,,,,,,,,,,,,,,
00:00:44.429,,,,,,,,,,,,,,,
00:00:44.320,,,,,,,,,,,,,,,
00:00:44.211,,,,,x3,,,,,,,,,,m
00:00:44.095,,,,,,,,,,,,,,,
00:00:43.980,,,,,,,,,,,,,,,
00:00:43.864,,,,,,,,,e,,,,,,
00:00:43.748,,x3,,,,,,,,,,,,,m
00:00:43.637,,,,,,,,,,,,,,,
00:00:43.527,,,,,,,,,,,,,,,
00:00:43.416,,,,,,,,,,,,,,,
00:00:43.305,,,,,,,,,,,,,,,m
00:00:43.197,,,,,x3,,,,,,,,,,m
00:00:43.088,,,,,,,,,,,,,,,
00:00:42.980,,,,,,,,,,,,,,,
00:00:42.871,,,,,,,,,,,,,,,
00:00:42.760,,x3,,,,,,,,,,,,,m
00:00:42.650,,,,,,,,,,,,,,,
00:00:42.539,,,,,,,,,,,,,,,
00:00:42.428,,,,,,,,,,,,,,,
00:00:42.318,,,,,x3,,,,,,,,,,m
00:00:42.209,,,,,,,,,,,,,,,
00:00:42.099,,,,,,,,,,,,,,,
00:00:41.989,,x3,,,,,,,,,,,,,m
00:00:41.875,,,,,,,,,,,,,,,
00:00:41.761,,,,,,,,,,,,,,,
00:00:41.647,,,,,,,,,,,,,,,
00:00:41.533,,,,,x3,,,,,,,,,,m
00:00:41.427,,,,,,,,,,,,,,,
00:00:41.320,,,,,,,,,,,,,,,m
00:00:41.214,,,,,,,,,,,,,,,
00:00:41.108,,x3,,,,,,,,,,,,,m
00:00:40.993,,,,,,,,,,,,,,,
00:00:40.879,,,,,,,,,,,,,,,
00:00:40.764,,,,,,,,,,,,,,,
00:00:40.650,,x3,,,,,,,,,,,,,m
00:00:40.541,,,,,,,,,,,,,,,
00:00:40.432,,,,,,,,,,,,,,,
00:00:40.323,,,,,,,,,,,,,,,
00:00:40.214,,,,,x3,,,,,,,,,,m
00:00:40.102,,,,,,,,,,,,,,,
00:00:39.989,,,,,,,,,,,,,,,
00:00:39.877,,,,,,,,,,,,,,,
00:00:39.764,,,,,x3,,,,,,,,,,m
00:00:39.651,,,,,,,,,,,,,,,
00:00:39.537,,,,,,,,,,,,,,,
00:00:39.423,,,,,,,,,,,,,,,
00:00:39.310,,x3,,,,,,,,,,,,,m
00:00:39.202,,,,,,,,,,,,,,,
00:00:39.095,,,,,,,,,,,,,,,
00:00:38.987,,,,,,,,,,,,,,,
00:00:38.880,,,,,,,,,,,,,,,
00:00:38.767,,x3,,,,,,,,,,,,,m
00:00:38.654,,,,,,,,,,,,,,,
00:00:38.541,,,,,,,,,,,,,,,
00:00:38.428,,,,,x3,,,,,,,,,,m
00:00:38.319,,,,,,,,,,,,,,,
00:00:38.209,,,,,,,,,,,,,,,
00:00:38.100,,,,,,,,,,,,,,,
00:00:37.990,,,,,x3,,,,,,,,,,m
00:00:37.881,,,,,,,,,,,,,,,m
00:00:37.772,,,,,,,,,,,,,,,
00:00:37.663,,,,,,,,,,,,,,,
00:00:37.554,,,,,,,,,,,,,,,
00:00:37.440,,x3,,,,,,,,,,,,,m
00:00:37.326,,,,,,,,,,,,,,,
00:00:37.212,,,,,,,,,,,,,,,
00:00:37.098,,x3,,,,,,,,,,,,,m
00:00:36.981,,,,,,,,,,,,,,,
00:00:36.863,,,,,,,,,,,,,,,
00:00:36.746,,,,,,,,,,,,,,,
00:00:36.629,,,,,x3,,,,,,,,,,m
00:00:36.517,,,,,,,,,,,,,,,
00:00:36.404,,,,,,,,,,,,,,,
00:00:36.292,,,,,,,,,,,,,,,
00:00:36.179,,,,,x3,,,,s,,,,,s,m
00:00:36.070,,,,,,,,,,,,,,,
00:00:35.961,,,,,,,,,,,,,,,
00:00:35.852,,,,,,,,,,,,,,,
00:00:35.743,*,r2,*,*,l2,*,,,,,,,,,
00:00:35.633,,,,,,,,,,,,,,,
00:00:35.523,,,,,,,,,,,,,,,
00:00:35.413,,,,,,,,,,,,,,,
00:00:35.303,,x2,,,,,,,,,,,,,
00:00:35.201,,,,,,,,,,,,,,,
00:00:35.099,,,,,,,,,,,,,,,
00:00:34.997,,,,,,,,,e,,,,,,
00:00:34.895,,,x2,,,,,,,,,,,,
00:00:34.777,,,,,,,,,,,,,,,
00:00:34.660,,,,,,,,,s,,,,,,
00:00:34.542,,,,,,,,,,,,,,,
00:00:34.424,,x2,,,,,,,,,,,,,
00:00:34.309,,,,,,,,,,,,,,,
00:00:34.194,,,,,,,,,,,,,,,
00:00:34.078,,,,,,,,,,,,,,,
00:00:33.963,,,x2,,,,,,,,,,,,
00:00:33.852,,,,,,,,,,,,,,,
00:00:33.742,,,,,,,,,,,,,,,
00:00:33.632,,,,,,,,,,,,,,,
00:00:33.522,,x2,,,,,,,,,,,,,
00:00:33.400,,,,,,,,,,,,,,,
00:00:33.278,,,,,,,,,,,,,,,
00:00:33.156,,,,,,,,,e,,,,,,
00:00:33.035,,,,,x2,,,,,,,,,,
00:00:32.923,,,,,,,,,,,,,,,
00:00:32.811,,,,,,,,,,,,,,,
00:00:32.699,,,,,,,,,,,,,,,
00:00:32.587,,,,,,x2,,,,,,,,,
00:00:32.476,,,,,,,,,,,,,,,
00:00:32.365,,,,,,,,,,,,,,,
00:00:32.254,,,,,,,,,,,,,,,
00:00:32.144,,,,x2,,,,s,,,,,,,
00:00:32.032,,,,,,,,,,,,,,,
00:00:31.920,,,,,,,,,,,,,,,
00:00:31.809,,,,,,,,,,,,,,,
00:00:31.753,,,,,,,,,,,,,,,
00:00:31.697,,,,,,x2,,,,,,,,,
00:00:31.580,,,,,,,,,,,,,,,
00:00:31.462,,,,,,,,,,,,,,,
00:00:31.345,,,,,,,,,,,,,,,
00:00:31.227,,,,,,,,e,,,,,,,
00:00:31.107,,,,,,,,,,,,,,,
00:00:30.986,,,,,,,,,,,,,,,
00:00:30.866,,,,,,,,,,,,,,,
00:00:30.746,,,,x2,,,,,,,,,,,
00:00:30.639,,,,,,,,,,,,,,,
00:00:30.533,,,,,,,,,,,,,,,
00:00:30.427,,,,,,,,,,,,,,,
00:00:30.321,,,,,x2,,,,,,,,,,
00:00:30.213,,,,,,,,,,,,,,,
00:00:30.106,,,,,,,,,,,,,,,
00:00:29.999,,,,,,,,,,,,,,,
00:00:29.891,,,,x2,,,,,,,,,,,
00:00:29.784,,,,,,,,,,,,,,,
00:00:29.676,,,,,,,,,,,,,,,
00:00:29.569,,,,,,,,,,,,,,,
00:00:29.462,,x2,,,,,,,,,,,,,
00:00:29.354,,,,,,,,,,,,,,,
00:00:29.247,,,,,,,,,,,,,,,
00:00:29.139,,,,,,,,,,,,,,,
00:00:29.032,,,x2,,,,,,,,,,,e,
00:00:28.919,,,,,,,,,,,,,,,
00:00:28.805,,,,,,,,,,,,,,,
00:00:28.692,,,,,,,,,,,,,,,
00:00:28.579,x2,,,,,,,,,,,,,,
00:00:28.468,,,,,,,,,,,,,,,
00:00:28.358,,,,,,,,,,,,,,,
00:00:28.248,,,,,,,,,,,,,,,
00:00:28.138,,x2,,,,,,,,,,,,s,
00:00:28.022,,,,,,,,,,,,,,,
00:00:27.906,,,,,,,,,,,,,,,
00:00:27.790,,,,,,,,,,,,,,,
00:00:27.674,x2,,,,,,,,,,,,,,
00:00:27.563,,,,,,,,,,,,,,,
00:00:27.453,,,,,,,,,,,,,,,
00:00:27.343,,,,,,,,,,,,,,,
00:00:27.233,,,x2,,,,,,,,,,,,
00:00:27.125,,,,,,,,,,,,,,,
00:00:27.018,,,,,,,,,,,,,,,
00:00:26.910,,,,,,,,,,,,,,,
00:00:26.803,x2,,,,,,,,,,,,,,
00:00:26.698,,,,,,,,,,,,,,,
00:00:26.593,,,,,,,,,,,,,,,
00:00:26.487,,,,,,,,,,,,,,,
00:00:26.382,#,l2,#,#,r2,#,,,,,,,,,
00:00:26.265,,,,,,,,,,,,,,,
00:00:26.148,,,,,,,,,,,,,,,
00:00:26.030,,,,,,,,,,,,,,,
00:00:25.913,,@1,,,@1,,,,,,,,,,
00:00:25.804,,,,,,,,,,,,,,,
00:00:25.695,,,,,,,,,,,,,,,
00:00:25.586,,,,,,,,,,,,,,,
00:00:25.477,,,,,,,,,,,,,,,
00:00:25.365,,,,,,,,,,,,,,,
00:00:25.253,,,,,,,,,,,,,,,
00:00:25.141,,,,,,,,,,,,,,,
00:00:25.029,,$^1,,,$^1,,,s,,,,,,,
00:00:24.920,,,,,,,,,,,,,,,
00:00:24.812,,,,,,,,,,,,,,,
00:00:24.704,,,,,,,,,,,,,,,
00:00:24.595,,x2,,,,,s,,,,,,,,
00:00:24.483,,,,,,,,,,,,,,,
00:00:24.371,,,,,,,,,,,,,,,
00:00:24.258,,,,,,,,,,,,,,,
00:00:24.146,,,,x2,,,,,,,,,,,
00:00:24.033,,,,,,,,,,,,,,,
00:00:23.919,,,,,,,,,,,,,,,
00:00:23.806,,,,,,,,,,,,,,,
00:00:23.693,,,x2,,,,,,,,,,,,
00:00:23.588,,,,,,,,,,,,,,,
00:00:23.483,,,,,,,,,,,,,,,
00:00:23.378,,,,,,,,,,,,,,,
00:00:23.273,,,,,x2,,,,,,,,,,
00:00:23.164,,,,,,,,,,,,,,,
00:00:23.055,,,,,,,,,,,,,,,
00:00:22.946,,,,,,,,,,,,,,,
00:00:22.836,,x2,,,,,,,,,,,,,
00:00:22.731,,,,,,,,,,,,,,,
00:00:22.625,,,,,,,,,,,,,,,
00:00:22.519,,,,,,,,,,,,,,,
00:00:22.414,,,,x2,,,,,,,,,,,
00:00:22.306,,,,,,,,,,,,,,,
00:00:22.198,,,,,,,,,,,,,,,
00:00:22.090,,,,,,,,,,,,,,,
00:00:21.982,,,x2,,,,,,,,,,,,
00:00:21.869,,,,,,,,,,,,,,,
00:00:21.756,,,,,,,,,,,,,,,
00:00:21.643,,,,,,,,,,,,,,,
00:00:21.530,,,,,x2,,,,,,,,,,
00:00:21.423,,,,,,,,,,,,,,,
00:00:21.316,,,,,,,,,,,,,,,
00:00:21.209,,,,,,,,,,,,,,,
00:00:21.101,,x2,,,,,,,,,,,,,
00:00:20.992,,,,,,,,,,,,,,,
00:00:20.883,,,,,,,,,,,,,,,
00:00:20.773,,,,,,,,,,,,,,,
00:00:20.664,,,,,x2,,,,,,,,,,
00:00:20.555,,,,,,,,,,,,,,,
00:00:20.446,,,,,,,,,,,,,,,
00:00:20.337,,,,,,,,,,,,,,,
00:00:20.228,,,,x2,,,,,,,,,,,
00:00:20.118,,,,,,,,,,,,,,,
00:00:20.009,,,,,,,,,,,,,,,
00:00:19.900,,,,,,,,,,,,,,,
00:00:19.791,,,x2,,,,,,,,,,,,
00:00:19.682,,,,,,,,,,,,,,,
00:00:19.573,,,,,,,,,,,,,,,
00:00:19.464,,,,,,,,,,,,,,,
00:00:19.355,,x2,,,,,,,,,,,,,
00:00:19.248,,,,,,,,,,,,,,,
00:00:19.141,,,,,,,,,,,,,,,
00:00:19.033,,,,,,,,,,,,,,,
00:00:18.926,,,x2,,,,,,,,,,,,
00:00:18.812,,,,,,,,,,,,,,,
00:00:18.698,,,,,,,,,,,,,,,
00:00:18.584,,,,,,,,,,,,,,,
00:00:18.469,,,,x2,,,,,,,,,,,
00:00:18.357,,,,,,,,,,,,,,,
00:00:18.244,,,,,,,,,,,,,,,
00:00:18.132,,,,,,,,,,,,,,,
00:00:18.019,,,,,x2,,,,,,,,,,
00:00:17.913,,,,,,,,,,,,,,,
00:00:17.808,,@1,,,,,,,,,,,,,
00:00:17.702,,,,,,,,,,,,,,,
00:00:17.596,,,,,,,,,,,,,,,
00:00:17.487,,,,,,,,,,,,,,,
00:00:17.377,,,,,,,,,,,,,,,
00:00:17.267,,,,,,,,,,,,,,,
00:00:17.158,,,,,,,,,,,,,,,
00:00:17.047,,,,,,,,,,,,,,,
00:00:16.936,,,,,,,,,,,,,,,
00:00:16.825,,,,,,,,,,,,,,,
00:00:16.715,,$^1,,,,,,,,,,,,,
00:00:16.605,,,,,,,,,,,,,,,
00:00:16.495,,,,,,,,,,,,,,,
00:00:16.386,,,,,,,,,,,,,,,
00:00:16.276,,,,x1,,,,,,,,,,,
00:00:16.163,,,,,,,,,,,,,,,
00:00:16.050,,,,,,,,,,,,,,,
00:00:15.938,,,,,,,,,,,,,,,
00:00:15.825,,,,,x1,,,,,,,,,,
00:00:15.721,,,,,,,,,,,,,,,
00:00:15.617,,,,,,,,,,,,,,,
00:00:15.513,,,,,,,,,,,,,,,
00:00:15.409,,x1,,,,,,,,,,,,,
00:00:15.302,,,,,,,,,,,,,,,
00:00:15.195,,,,@1,,,,,,,,,,,
00:00:15.088,,,,,,,,,,,,,,,
00:00:14.981,,,,,,,,,,,,,,,
00:00:14.868,,,,,,,,,,,,,,,
00:00:14.756,,,,$^1,,,,,,,,,,,
00:00:14.644,,,,,,,,,,,,,,,
00:00:14.531,,x1,,,,,,,,,,,,,
00:00:14.415,,,,,,,,,,,,,,,
00:00:14.300,,,,@1,,,,,,,,,,,
00:00:14.184,,,,,,,,,,,,,,,
00:00:14.068,,,,,,,,,,,,,,,
00:00:13.959,,,,,,,,,,,,,,,
00:00:13.851,,,,,,,,,,,,,,,
00:00:13.742,,,,,,,,,,,,,,,
00:00:13.633,,,,,,,,,,,,,,,
00:00:13.528,,,,,,,,,,,,,,,
00:00:13.422,,,,,,,,,,,,,,,
00:00:13.316,,,,,,,,,,,,,,,
00:00:13.211,,,,$^1,,,,,,,,,,,
00:00:13.100,,,,,,,,,,,,,,,
00:00:12.988,,,,,,,,,,,,,,,
00:00:12.877,,,,,,,,,,,,,,,
00:00:12.766,,,,x1,,,,,,,,,,,
00:00:12.649,,,,,,,,,,,,,,,
00:00:12.532,,,,,,,,,,,,,,,
00:00:12.415,,,,,,,,,,,,,,,
00:00:12.298,,,,,x1,,,,,,,,,,
00:00:12.191,,,,,,,,,,,,,,,
00:00:12.083,,,,,,,,,,,,,,,
00:00:11.976,,,,,,,,,,,,,,,
00:00:11.869,,,,,,,,,,,,,,,
00:00:11.756,,,,,,,,,,,,,,,
00:00:11.642,,@1,,,,,,,,,,,,,
00:00:11.529,,,,,,,,,,,,,,,
00:00:11.416,,,,,,,,,,,,,,,
00:00:11.311,,,,,,,,,,,,,,,
00:00:11.205,,,,,,,,,,,,,,,
00:00:11.099,,,,,,,,,,,,,,,
00:00:10.994,,$^1,,,,,,,,,,,,,
00:00:10.882,,,,,,,,,,,,,,,
00:00:10.771,,,,,,,,,,,,,,,
00:00:10.660,,,,,,,,,,,,,,,
00:00:10.549,,,,,x1,,,,,,,,,,
00:00:10.439,,,,,,,,,,,,,,,
00:00:10.329,,,,,,,,,,,,,,,
00:00:10.219,,,,,,,,,,,,,,,
00:00:10.109,,,,x1,,,,,,,,,,,
00:00:10.001,,,,,,,,,,,,,,,
00:00:09.894,,,,,,,,,,,,,,,
00:00:09.786,,,,,,,,,,,,,,,
00:00:09.679,,,,x1,,,,,,,,,,,
00:00:09.567,,,,,,,,,,,,,,,
00:00:09.455,,,,,,,,,,,,,,,
00:00:09.343,,,,,,,,,,,,,,,
00:00:09.231,,,,x1,,,,,,,,,,,
00:00:09.131,,,,,,,,,,,,,,,
00:00:09.031,,,,,,,,,,,,,,,
00:00:08.931,,,,,,,,,,,,,,,
00:00:08.831,,,x1,,,,,,,,,,,,
00:00:08.715,,,,,,,,,,,,,,,
00:00:08.599,,,,,,,,,,,,,,,
00:00:08.482,,,,,,,,,,,,,,,
00:00:08.366,,x1,,,,,,,,,,,,,
00:00:08.257,,,,,,,,,,,,,,,
00:00:08.148,,,,,,,,,,,,,,,
00:00:08.039,,,,,,,,,,,,,,,
00:00:07.929,,x1,,,,,,,,,,,,,
00:00:07.822,,,,,,,,,,,,,,,
00:00:07.715,,,,,,,,,,,,,,,
00:00:07.607,,,,,,,,,,,,,,,
00:00:07.500,,,x1,,,,,,,,,,,,
00:00:07.389,,,,,,,,,,,,,,,
00:00:07.279,,,,,,,,,,,,,,,
00:00:07.168,,,,,,,,,,,,,,,
00:00:07.058,,x1,,,,,,,,,,,,,
00:00:06.953,,,,,,,,,,,,,,,
00:00:06.847,,,,,,,,,,,,,,,
00:00:06.742,,,,,,,,,,,,,,,
00:00:06.637,,x1,,,,,,,,,,,,,
00:00:06.527,,,,,,,,,,,,,,,
00:00:06.417,,,,,,,,,,,,,,,
00:00:06.307,,,,,,,,,,,,,,,
00:00:06.197,,,x1,,,,,,,,,,,,
00:00:06.093,,,,,,,,,,,,,,,
00:00:05.988,,,,,,,,,,,,,,,
00:00:05.884,,,,,,,,,,,,,,,
00:00:05.779,,x1,,,,,,,,,,,,,
00:00:05.667,,,,,,,,,,,,,,,
00:00:05.554,,,,,,,,,,,,,,,
00:00:05.442,,,,,,,,,,,,,,,
00:00:05.329,,x1,,,,,,,,,,,,,
00:00:05.222,,,,,,,,,,,,,,,
00:00:05.116,,,,,,,,,,,,,,,
00:00:05.009,,,,,,,,,,,,,,,
00:00:04.902,,,x1,,,,,,,,,,,,
00:00:04.788,,,,,,,,,,,,,,,
00:00:04.674,,,,,,,,,,,,,,,
00:00:04.560,,,,,,,,,,,,,,,
00:00:04.446,,x1,,,,,,,,,,,,,
00:00:04.334,,,,,,,,,,,,,,,
00:00:04.222,,,,,,,,,,,,,,,
00:00:04.110,,,,,,,,,,,,,,,
00:00:03.998,,x1,,,,,,,,,,,,,
00:00:03.892,,,,,,,,,,,,,,,
00:00:03.787,,,,,,,,,,,,,,,
00:00:03.681,,,,,,,,,,,,,,,
00:00:03.575,,,x1,,,,,,,,,,,,
00:00:03.467,,,,,,,,,,,,,,,
00:00:03.359,,,,,,,,,,,,,,,
00:00:03.251,,,,,,,,,,,,,,,
00:00:03.143,,x1,,,,,,,,,,,,,
00:00:03.030,,,,,,,,,,,,,,,
00:00:02.916,,,,,,,,,,,,,,,
00:00:02.803,,,,,,,,,,,,,,,
00:00:02.689,,x1,,,,,,,,,,,,,
00:00:02.583,,,,,,,,,,,,,,,
00:00:02.477,,,,,,,,,,,,,,,
00:00:02.371,,,,,,,,,,,,,,,
00:00:02.265,,,x1,,,,,,,,,,,,
00:00:02.153,,,,,,,,,,,,,,,
00:00:02.040,,,,,,,,,,,,,,,
00:00:01.928,,,,,,,,,,,,,,,
00:00:01.816,,x1,,,,,,,,,,,,,
00:00:01.709,,,,,,,,,,,,,,,
00:00:01.603,,,,,,,,,,,,,,,
00:00:01.496,,,,,,,,,,,,,,,
00:00:01.389,,x1,,,,,,,,,,,,,
00:00:01.279,,,,,,,,,,,,,,,
00:00:01.169,,,,,,,,,,,,,,,
00:00:01.059,,,,,,,,,,,,,,,
00:00:00.949,*,,x1,,,*,,,s,,,,,,