00:04:12.834,,,,,,,,,,,,,,,
00:04:12.720,,,,,,,,,,,,,,,
00:04:12.605,,,,,,,,,,,,,,,
00:04:12.490,,,,,,,,,,,,,,,
00:04:12.375,,,,,,,,,,,,,,,
00:04:12.260,,,,,,,,,,,,,,,
00:04:12.146,,,,,,,,,,,,,,,
00:04:12.031,,,,,,,,,,,,,,,
00:04:11.916,,,,,,,,,,,,,,,
00:04:11.798,,,,,,,,,,,,,,,
00:04:11.680,,,,,,,,,,,,,,,
00:04:11.561,,,,,,,,,,,,,,,
00:04:11.443,,,,,,,,,,,,,,,
00:04:11.325,,,,,,,,,,,,,,,
00:04:11.207,,,,,,,,,,,,,,,
00:04:11.090,,,,,,,,,,,,,,,
00:04:10.972,,,,,,,,,,,,,,,
00:04:10.853,,,,,,,,,,,,,,,
00:04:10.734,,,,,,,,,,,,,,,
00:04:10.615,,,,,,,,,,,,,,,
00:04:10.496,,,,,,,,,,,,,,,
00:04:10.383,,,,,,,,,,,,,,,
00:04:10.269,,,,,,,,,,,,,,,
00:04:10.156,,,,,,,,,,,,,,,
00:04:10.042,,,,,,,,,,,,,,,
00:04:09.923,,,,,,,,,,,,,,,
00:04:09.804,,,,,,,,,,,,,,,
00:04:09.685,,,,,,,,,,,,,,,
00:04:09.566,,,,,,,,,,,,,,,
00:04:09.457,,,,,,,,,,,,,,,
00:04:09.348,,,,,,,,,,,,,,,
00:04:09.239,,,,,,,,,,,,,,,
00:04:09.130,,,,,,,w,w,w,w,,,,,
00:04:09.013,,,,,,,,,,,,,,,
00:04:08.895,,,,,,,,,,,,,,,
00:04:08.777,,,,,,,,,,,,,,,
00:04:08.659,,,,,,,,,,,,,,,
00:04:08.550,,,,,,,,,,,,,,,
00:04:08.442,,,,,,,,,,,,,,,
00:04:08.333,,,,,,,,,,,,,,,
00:04:08.224,,,,,,,,,,,,,,,
00:04:08.107,,,,,,,,,,,,,,,
00:04:07.989,,,,,,,,,,,,,,,
00:04:07.871,,,,,,,,,,,,,,,
00:04:07.753,,,,,,,,,,,,,,,
00:04:07.638,,,,,,,,,,,,,,,
00:04:07.522,,,,,,,,,,,,,,,
00:04:07.407,,,,,,,e,e,e,,,,,,
00:04:07.292,,,,,,,,,,,,,,,
00:04:07.182,,,,,,,,,,,,,,,
00:04:07.073,,,,,x1,,,,,,,,,,
00:04:06.964,,,,,,,,,,,,,,,
00:04:06.854,,,,,,,,,,,,,,,
00:04:06.737,,,,,,,,,,,,,,,
00:04:06.620,,x1,,,,,,,,,,,,,
00:04:06.503,,,,,,,,,,,,,,,
00:04:06.386,,,,,x1,,,,,,,,,,
00:04:06.270,,,,,,,,,,,,,,,
00:04:06.153,,,,,,,,,,,,,,,
00:04:06.036,,,,,,,,,,,,,,,
00:04:05.919,,x1,,,,,,,,,,,,,
00:04:05.807,,,,,,,,,,,,,,,
00:04:05.695,,,,,,,,,,,,,,,
00:04:05.582,,,,,,,,,,,,,,,
00:04:05.470,,,,,x1,,,,,,,,,,
00:04:05.358,,,,,,,,,,,,,,,
00:04:05.246,,,,,,,,,,,,,,,
00:04:05.133,,,,,,,,,,,,,,,
00:04:05.021,,x1,,,,,,,,,,,,,
00:04:04.908,,,,,,,,,,,,,,,
00:04:04.795,,,,,,,,,,,,,,,
00:04:04.682,,,,,,,,,,,,,,,
00:04:04.569,,,,,x1,,,,,,,,,,
00:04:04.452,,,,,,,,,,,,,,,
00:04:04.335,,,,,,,,,,,,,,,
00:04:04.218,,,,,,,,,,,,,,,
00:04:04.100,,x1,,,,,,,,,,,,,
00:04:03.990,,,,,,,,,,,,,,,
00:04:03.880,,,,,,,,,,,,,,,
00:04:03.770,,,,,,,,,,,,,,,
00:04:03.659,,,,,x1,,,,,,,,,,
00:04:03.540,,,,,,,,,,,,,,,
00:04:03.420,,,,,,,,,,,,,,,
00:04:03.300,,,,,,,,,,,,,,,
00:04:03.181,,x1,,,,,,,,,,,,,
00:04:03.071,,,,,,,,,,,,,,,
00:04:02.962,,,,,,,,,,,,,,,
00:04:02.852,,,,,,,,,,,,,,,
00:04:02.743,,,,,x1,,,,,,,,,,
00:04:02.626,,,,,,,,,,,,,,,
00:04:02.508,,,,,,,,,,,,,,,
00:04:02.390,,,,,,,,,,,,,,,
00:04:02.273,,x1,,,,,,,,,,,,,
00:04:02.163,,,,,,,,,,,,,,,
00:04:02.053,,,,x1,,,,,,,,,,,
00:04:01.943,,,,,,,,,,,,,,,
00:04:01.834,,,x1,,,,,,,,,,,,
00:04:01.717,,,,,,,,,,,,,,,
00:04:01.600,,,,,,,,,,,,,,,
00:04:01.483,,,,,,,,,,,,,,,
00:04:01.366,,x1,,,x1,,,,,,,,,,
00:04:01.255,,,,,,,,,,,,,,,
00:04:01.143,,,,,,,,,,,,,,,
00:04:01.032,,,,,,,,,,,,,,,
00:04:00.921,,@1,,,@1,,,,,,,,,,
00:04:00.805,,,,,,,,,,,,,,,
00:04:00.690,,,,,,,,,,,,,,,
00:04:00.574,,^1,<1,>1,^1,,,,,,,,,,
00:04:00.459,,,,,,,,,,,,,,,
00:04:00.349,,,,,,,,,,,,,,,
00:04:00.239,,,$^1,$^1,,,,,,,,,,,
00:04:00.129,,,,,,,,,,,,,,,
00:04:00.019,,,,,,,,,,,,,,,
00:03:59.908,,,,,,,,,,,,,,,
00:03:59.797,,x1,,,x1,,,,,,,,,,
00:03:59.686,,,,,,,,,,,,,,,
00:03:59.575,,,,,,,,,,,,,,,
00:03:59.464,,,,,,,,,,,,,,,
00:03:59.353,,@1,,,@1,,,,,,,,,,
00:03:59.243,,,,,,,,,,,,,,,
00:03:59.132,,,,,,,,,,,,,,,
00:03:59.015,,,,,,,,,,,,,,,
00:03:58.899,,,,,,,,,,,,,,,
00:03:58.782,,,,,,,,,,,,,,,
00:03:58.665,,,,,,,,,,,,,,,
00:03:58.560,,,,,,,,,,,,,,,
00:03:58.455,,$^1,,,$^1,,,,,,,,,,
00:03:58.350,,,,,,,,,,,,,,,
00:03:58.245,,,,,,,,,,,,,,,
00:03:58.127,,,,,,,,,,,,,,,
00:03:58.010,,,,x1,,,,,,,,,,,
00:03:57.892,,,,,,,,,,,,,,,
00:03:57.774,,,x1,,,,,,,,,,,,
00:03:57.660,,,,,,,,,,,,,,,
00:03:57.546,,x1,,,,,,,,,,,,,
00:03:57.432,,,,,,,,,,,,,,,
00:03:57.319,,,,x1,,,,,,,,,,,
00:03:57.201,,,,,,,,,,,,,,,
00:03:57.083,,,,,x1,,,,,,,,,,
00:03:56.965,,,,,,,,,,,,,,,
00:03:56.847,,,x1,,,,,,,,,,,,
00:03:56.735,,,,,,,,,,,,,,,
00:03:56.623,,x1,,,,,,,,,,,,,
00:03:56.512,,,,,,,,,,,,,,,
00:03:56.400,,,,,,,,,,,,,,,
00:03:56.289,,,,,,,,,,,,,,,
00:03:56.179,,x1,,,x1,,,,,,,,,,
00:03:56.068,,,,,,,,,,,,,,,
00:03:55.958,,,,,,,,,,,,,,,
00:03:55.842,,,,,,,,,,,,,,,
00:03:55.726,,,,,@1,,,,,,,,,,
00:03:55.609,,,,,,,,,,,,,,e,
00:03:55.493,,,,,,,,,,,,,,,
00:03:55.379,,,,,,,,,,,,,,,
00:03:55.266,,,,>1,^1,,,,,,,,,s,
00:03:55.152,,,,,,,,,,,,,,,
00:03:55.038,,,,,,,,,,,,,,,
00:03:54.925,,,,,,,,,,,,,,,
00:03:54.812,,,,$^1,,,,,,,,,,,
00:03:54.699,,,,,,,,,,,,,,,
00:03:54.587,,,,,,,,,,,,,,,
00:03:54.473,,,,,,,,,,,e,,e,e,
00:03:54.360,,,,,,,,,,,,,,,
00:03:54.246,,,@3,,,,,,,,,,,,
00:03:54.133,,,,,,,,,,,,,,,
00:03:54.023,,,,,,,,,,,,,,,
00:03:53.913,,,,,,,,,,,,,,,
00:03:53.803,,,,,,,,,,,,,,,
00:03:53.693,,>3,^3,,,,,,,,,,,,
00:03:53.576,,,,,,,,,,,,,,,
00:03:53.458,,,,,,,,,,,,,,,
00:03:53.341,,,,,,,,,,,,,,,
00:03:53.224,,$^3,,,,,,,,,,,,,
00:03:53.110,,,,,,,,,,,,,,,
00:03:52.997,,,,@3,,,,,,,,,,,
00:03:52.883,,,,,,,,,,,,,,,
00:03:52.770,,,,,,,,,,,,,,,
00:03:52.658,,,,,,,,,,,,,,,
00:03:52.545,,,,,,,,,,,,,,,
00:03:52.433,,,,,,,,,,,,,,,
00:03:52.321,,,,$^3,,,,,,,,,,,
00:03:52.211,,,,,,,,,,,,,,,
00:03:52.102,,@3,,,,,,,,,,,,,
00:03:51.993,,,,,,,,,,,,,,,
00:03:51.883,,,,,,,,,,,,,,,
00:03:51.769,,,,,,,,,,,,,,,
00:03:51.655,,$^3,,,,,,,,,,,,,
00:03:51.540,,,,,,,,,,,,,,,
00:03:51.426,,,,,@3,,,,,,,,,,
00:03:51.313,,,,,,,,,,,,,,,
00:03:51.200,,,,,,,,,,,,,,,
00:03:51.088,,,,,,,,,,,,,,,
00:03:50.975,,,,,$^3,,,,,,s,,s,s,
00:03:50.861,,,,,,,,,,,,,,,
00:03:50.746,,,,,,,,,,,,,,,
00:03:50.632,,,,,,,,,,,,,,,
00:03:50.518,,,,,,,,,,,,,,,
00:03:50.406,,,,,,,,,,,,,,,
00:03:50.294,,,,,,,,,,,,,,,
00:03:50.182,,,,,,,,,,,,,,,
00:03:50.070,,,,x1,,,,,,,,,,,
00:03:49.953,,,,,,,,,,,,,,,
00:03:49.837,,,,,x1,,,,,,,,,,
00:03:49.720,,,,,,,,,,,,,,,
00:03:49.603,,,x1,,,,,,,,,,,,
00:03:49.490,,,,,,,,,,,,,,,
00:03:49.376,,,,x1,,,,,,,,,,,
00:03:49.262,,,,,,,,,,,,,,,
00:03:49.148,,,,,,,,,,,,,,,
00:03:49.035,,,,,,,,,,,,,,,
00:03:48.922,,@1,,,,,,,,,,,,,
00:03:48.809,,,,,,,,,,,,,,,
00:03:48.696,,,,,,,,,,,,,,,
00:03:48.586,,,,,,,,,,,,,,,
00:03:48.477,,,,,,,,,,,,,,,
00:03:48.368,,,,,,,,,,,,,,,
00:03:48.258,,^1,<1,,,,,,,,,,,,
00:03:48.142,,,,,,,,,,,,,,,
00:03:48.026,,,,,,,,,,,,,,,
00:03:47.910,,,,,,,,,,,,,,,
00:03:47.794,,,,,,,,,,,,,,,
00:03:47.685,,,,,,,,,,,,,,,
00:03:47.575,,,$^1,,,,,,,,,,,,
00:03:47.466,,,,,,,,,,,,,,,
00:03:47.357,,,,,,,,,,,,,,,
00:03:47.240,,,,,,,,,,,,,,,
00:03:47.124,,,,,x1,,,,,,,,,,
00:03:47.007,,,,,,,,,,,,,,,
00:03:46.891,,,,x1,,,,,,,,,,,
00:03:46.780,,,,,,,,,,,,,,,
00:03:46.669,,x1,,,,,,,,,,,,,
00:03:46.559,,,,,,,,,,,,,,,
00:03:46.448,,,x1,,,,,,,,,,,,
00:03:46.335,,,,,,,,,,,,,,,
00:03:46.223,,,,,x1,,,,,,,,,,
00:03:46.110,,,,,,,,,,,,,,,
00:03:45.998,,,x1,,,,,,,,,,,,
00:03:45.880,,,,,,,,,,,,,,,
00:03:45.763,,x1,,,,,,,,,,,,,
00:03:45.646,,,,,,,,,,,,,,,
00:03:45.529,,,,,,,,,,,,,,,
00:03:45.414,,,,,,,,,,,,,,,
00:03:45.300,,,@1,,@1,,,,,,,,,,
00:03:45.186,,,,,,,,,,,,,,,
00:03:45.072,,,,,,,,,,,,,,,
00:03:44.960,,,,,,,,,,,,,,,
00:03:44.848,,,,,,,,,,,,,,,
00:03:44.737,,,,,,,,,,,,,,,
00:03:44.625,,>1,^1,>1,^1,,,,,,,,,,
00:03:44.517,,,,,,,,,,,,,,,
00:03:44.410,,,,,,,,,,,,,,,
00:03:44.303,,,,,,,,,,,,,,,
00:03:44.196,,,,,,,,,,,,,,,
00:03:44.083,,,,,,,,,,,,,,,
00:03:43.970,,$^1,,$^1,,,,,,,,,,,
00:03:43.857,,,,,,,,,,,,,,,
00:03:43.744,,,,,,,,,,,,,,,
00:03:43.630,,,,,,,,,,,,,,,
00:03:43.515,,,,,,,,,,,,,,,
00:03:43.401,,,,,,,,,,,,,,,
00:03:43.286,,l1,,,r1,,,,,,,,,,
00:03:43.176,,,,,,,,,,,,,,,m
00:03:43.066,,,,,,,,,,,,,,,
00:03:42.957,,,,,,,,,,,,,,,m
00:03:42.847,,,,,,,,,,,,,,,
00:03:42.728,,,,,,,,,,,,,,,m
00:03:42.608,,,,,,,,,,,,,,,
00:03:42.489,,,,,,,,,,,,,,,m
00:03:42.370,,,l1,,,,,,,,,,,,
00:03:42.254,,,,,,,,,,,,,,,m
00:03:42.138,,,,,,,,,,,,,,,
00:03:42.022,,,,,,,,,,,,,,,
00:03:41.906,,,,,,,,,,,,,,,
00:03:41.791,,,,,,,,,,,,,,,
00:03:41.676,,,,,,,,,,,,,,,
00:03:41.561,,,,,,,,,,,,,,,
00:03:41.446,,,,r1,,,,,,,,,,,
00:03:41.333,,,,,,,,,,,,,,,
00:03:41.221,,,,,,,,,,,,,,,
00:03:41.109,,,,,,,,,,,,,,,
00:03:40.996,,,,,,,,,,,,,,,
00:03:40.880,,,,,,,,,,,,,,,
00:03:40.763,,,l1,,,,,,,,,,,,
00:03:40.646,,,,,,,,,,,,,,,
00:03:40.530,,,,x1,,,,,,,,,,,
00:03:40.418,,,,,,,,,,,,,,,
00:03:40.306,,,,,x1,,,,,,,,,,
00:03:40.194,,,,,,,,,,,,,,,
00:03:40.081,,,,,,,,,,,,,,,
00:03:39.966,,,,,,,,,,,,,,,
00:03:39.850,,,,r1,,,,,,,,,,,
00:03:39.735,,,,,,,,,,,,,,,
00:03:39.619,,,x1,,,,,,,,,,,,
00:03:39.509,,,,,,,,,,,,,,,m
00:03:39.398,,x1,,,,,,,,,,,,,
00:03:39.288,,,,,,,,,,,,,,,m
00:03:39.177,,,,,,,,,,,,,,,
00:03:39.059,,,,,,,,,,,,,,,m
00:03:38.940,,,,x1,,,,,,,,,,,
00:03:38.822,,,,,,,,,,,,,,,m
00:03:38.703,,,,,x1,,,,,,,,,,
00:03:38.591,,,,,,,,,,,,,,,m
00:03:38.479,,,,x1,,,,,,,,,,,
00:03:38.367,,,,,,,,,,,,,,,
00:03:38.255,,,,,,,,,,,,,,,
00:03:38.139,,,,,,,,,,,,,,,
00:03:38.023,,,x1,,,,,,,,,,,,
00:03:37.907,,,,,,,,,,,,,,,
00:03:37.790,,x1,,,,,,,,,,,,,
00:03:37.679,,,,,,,,,,,,,,,
00:03:37.568,,,,x1,,,,,,,,,,,
00:03:37.457,,,,,,,,,,,,,,,
00:03:37.346,,,,,x1,,,,,,,,,,
00:03:37.231,,,,,,,,,,,,,,,
00:03:37.115,,,,,,,,,,,,,,,
00:03:37.000,,,,,,,,,,,,,,,
00:03:36.884,,,,x1,,,,,,,,,,,
00:03:36.774,,,,,,,,,,,,,,,
00:03:36.663,,,,,,,,,,,,,,,
00:03:36.553,,,,,,,,,,,,,,,
00:03:36.442,,,x1,,,,,,,,,,,,
00:03:36.326,,,,,,,,,,,,,,,
00:03:36.210,,,,,,,,,,,,,,,
00:03:36.094,,,,,,,,,,,,,,,
00:03:35.978,,,,r1,,,,,,,,,,,
00:03:35.869,,,,,,,,,,,,,,,m
00:03:35.761,,,,,,,,,,,,,,,
00:03:35.652,,,,,,,,,,,,,,,m
00:03:35.543,,x1,,,,,,,,,,,,,
00:03:35.427,,,,,,,,,,,,,,,m
00:03:35.310,,,,,x1,,,,,,,,,,
00:03:35.194,,,,,,,,,,,,,,,m
00:03:35.078,,x1,,,,,,,,,,,,,
00:03:34.966,,,,,,,,,,,,,,,m
00:03:34.854,,,,,x1,,,,,,,,,,
00:03:34.742,,,,,,,,,,,,,,,
00:03:34.630,,x1,,,,,,,,,,,,,
00:03:34.516,,,,,,,,,,,,,,,
00:03:34.402,,,,,x1,,,,,,,,,,
00:03:34.289,,,,,,,,,,,,,,,
00:03:34.175,,x1,,,,,,,,,,,,,
00:03:34.065,,,,,,,,,,,,,,,
00:03:33.955,,,,,,,,,,,,,,,
00:03:33.845,,,,,,,,,,,,,,,
00:03:33.734,,,,r1,,,,,,,,,,,
00:03:33.622,,,,,,,,,,,,,,,
00:03:33.510,,,,,,,,,,,,,,,
00:03:33.397,,,,,,,,,,,,,,,
00:03:33.285,,x1,,,x1,,,,,,,,,,
00:03:33.173,,,,,,,,,,,,,,,
00:03:33.062,,,,,,,,,,,,,,,
00:03:32.950,,,,,,,,,,,,,,,
00:03:32.839,,r1,,,,,,,,,,,,,
00:03:32.730,,,,,,,,,,,,,,,
00:03:32.620,,,,,,,,,,,,,,,
00:03:32.511,,,,,,,,,,,,,,,
00:03:32.402,,x1,,,x1,,,,,,,,,,
00:03:32.288,,,,,,,,,,,,,,,
00:03:32.174,,,,,,,,,,,,,,,
00:03:32.061,,,,,,,,,,,,,,,
00:03:31.947,,,,,l1,,,,,,,,,,
00:03:31.834,,,,,,,,,,,,,,,
00:03:31.722,,,,,,,,,,,,,,,
00:03:31.609,,,,,,,,,,,,,,,
00:03:31.497,,x1,,,x1,,,,,,,,,,
00:03:31.382,,,,,,,,,,,,,,,
00:03:31.267,,,,,,,,,,,e,,e,e,
00:03:31.152,,,,,,,,,,,,,,,mo
00:03:31.037,,,,,,,,,,,,,,,
00:03:30.922,,@3,,@3,,,,,,,,,,,
00:03:30.807,,,,,,,,,,,,,,,
00:03:30.693,,,,,,,,,,,,,,,
00:03:30.578,,$^3,,$^3,,,,,,,,,,,
00:03:30.469,,,,,,,,,,,,,,,
00:03:30.359,,,,,,,,,,,,,,,
00:03:30.250,,,@3,,@3,,,,,,,,,,
00:03:30.140,,,,,,,,,,,,,,,
00:03:30.032,,,,,,,,,,,,,,,
00:03:29.924,,,$^3,,$^3,,,,,,,,,,
00:03:29.815,,,,,,,,,,,,,,,
00:03:29.707,,,,,,,,,,,,,,,
00:03:29.595,,@3,,,,,,,,,,,,,mi
00:03:29.483,,,,,,,,,,,,,,,
00:03:29.371,,,,,,,,,,,,,,,mo
00:03:29.259,,,,,,,,,,,,,,,
00:03:29.147,,,,,,,,,,,,,,,
00:03:29.035,,$^3,,,,,,,,,,,,,
00:03:28.923,,,,,,,,,,,,,,,
00:03:28.811,,,,,x3,,,,,,,,,,
00:03:28.699,,,,,,,,,,,,,,,mi
00:03:28.587,,,,x3,,,,,,,s,,s,s,
00:03:28.476,,,,,,,,,,,,,,,mo
00:03:28.364,,x1,,,,,,,,,,,,,
00:03:28.256,,,,,,,,,,,,,,,
00:03:28.149,,,x1,,,,,,,,,,,,
00:03:28.041,,,,,,,,,,,,,,,
00:03:27.933,,x1,,,,,,,,,,,,,
00:03:27.821,,,,,,,,,,,,,,,mi
00:03:27.709,,,,,,,,,,,,,,,
00:03:27.597,,,,,,,,,,,,,,,
00:03:27.485,,,x1,,,,,,,,,,,,mo
00:03:27.370,,,,,,,,,,,,,,,
00:03:27.256,,,,x1,,,,,,,,,,,
00:03:27.141,,,,,,,,,,,,,,,
00:03:27.026,,,,,x1,,,,,,,,,,
00:03:26.915,,,,,,,,,,,,,,,mi
00:03:26.804,,,,,,,,,,,,,,,
00:03:26.693,,,,,,,,,,,,,,,mo
00:03:26.582,,,@1,,,,,,,,,,,,
00:03:26.471,,,,,,,,,,,,,,,
00:03:26.361,,,,,,,,,,,,,,,
00:03:26.250,,>1,^1,,,,,,,,,,,,
00:03:26.140,,,,,,,,,,,,,,,
00:03:26.025,,,,,,,,,,,,,,,mi
00:03:25.910,,$^1,,,,,,,,,,,,,
00:03:25.795,,,,,,,,,,,,,,,
00:03:25.680,,,,x1,,,,,,,,,,,
00:03:25.570,,,,,,,,,,,,,,,
00:03:25.460,,,,,x1,,,,,,,,,,
00:03:25.350,,,,,,,,,,,,,,,
00:03:25.239,,,,x1,,,,,,,,,,,
00:03:25.134,,,,,,,,,,,,,,,
00:03:25.030,,,,,x1,,,,,,,,,,
00:03:24.925,,,,,,,,,,,,,,,
00:03:24.820,,x1,,,,,,,,,,,,,
00:03:24.705,,,,,,,,,,,,,,,
00:03:24.590,,,,,,,,,,,,,,,mo
00:03:24.476,,,,,,,,,,,,,,,
00:03:24.361,,x1,,,x1,,,,,,,,,,
00:03:24.248,,,,,,,,,,,,,,,
00:03:24.134,,,,,,,,,,,,,,,
00:03:24.020,,,,,,,,,,,,,,,mi
00:03:23.906,,,x1,,,,,,,,,,,,
00:03:23.793,,,,,,,,,,,,,,,mo
00:03:23.679,,x1,,,,,,,,,,,,,
00:03:23.565,,,,,,,,,,,,,,,mi
00:03:23.451,,,,,,,,,,,,,,,
00:03:23.334,,,,,,,,,,,,,,,mo
00:03:23.217,,,,x3,,,,,,,,,,,
00:03:23.100,,,,,,,,,,,,,,,mi
00:03:22.982,,,x3,,,,,,,,,,,,
00:03:22.872,,,,,,,,,,,,,,,m
00:03:22.761,,x3,,,,,,,,,,,,,
00:03:22.651,,,,,,,,,,,,,,,mo
00:03:22.540,,,x3,,,,,,,,,,,,
00:03:22.428,,,,,,,,,,,,,,,mi
00:03:22.317,,,,x3,,,,,,,,,,,
00:03:22.205,,,,,,,,,,,,,,,
00:03:22.093,,,,,x3,,,,,,,,,,
00:03:21.980,,,,,,,,,,,,,,,
00:03:21.866,,,,,,,,,,,,,,,
00:03:21.752,,,,,,,,,,,,,,,
00:03:21.638,,r1,,,,,,,,,,,,,m
00:03:21.528,,,,,,,,,,,,,,,
00:03:21.417,,,,,r1,,,,,,,,,,
00:03:21.307,,,,,,,,,,,,,,,m
00:03:21.197,,,,,,,,,,,,,,,
00:03:21.080,,,,,,,,,,,,,,,m
00:03:20.963,,l1,,,,,,,,,,,,,
00:03:20.847,,,,,,,,,,,,,,,m
00:03:20.788,,,,,,,,,,,,,,,
00:03:20.730,,,,,@1,,,,,,,,,,m
00:03:20.616,,,,,,,,,,,,,,,
00:03:20.502,,,,,,,,,,,,,,,
00:03:20.389,,,,,,,,,,,,,,,
00:03:20.275,,,,,$^1,,,,,,,,,,
00:03:20.164,,,,,,,,,,,,,,,
00:03:20.052,,x1,,,,,,,,,,,,,
00:03:19.940,,,,,,,,,,,,,,,
00:03:19.829,,,,,,,,,,,,,,,m
00:03:19.716,,,,,,,,,,,,,,,
00:03:19.603,,,,,x1,,,,,,,,,,m
00:03:19.490,,,,,,,,,,,,,,,
00:03:19.377,,@1,,,,,,,,,,,,,m
00:03:19.264,,,,,,,,,,,,,,,
00:03:19.152,,,,,,,,,,,,,,,m
00:03:19.040,,,,,,,,,,,,,,e,
00:03:18.928,,$^1,,,,,,,,,,,,s,m
00:03:18.814,,,,,,,,,,,,,,,
00:03:18.700,,,x1,,,,,,,,,,,,
00:03:18.586,,,,,,,,,,,,,,,
00:03:18.472,,,,,,,,,,,,,,,
00:03:18.361,,,,,,,,,,,,,,,
00:03:18.251,,l1,,,,,,,,,,,,,m
00:03:18.140,,,,,,,,,,,,,,,
00:03:18.029,,,,x1,,,,,,,,,,,mo
00:03:17.920,,,,,,,,,,,,,,,
00:03:17.810,,,,,x1,,,,,,,,,,mi
00:03:17.701,,,,,,,,,,,,,,,
00:03:17.592,,,,x1,,,,,,,,,,,m
00:03:17.476,,,,,,,,,,,,,,,
00:03:17.361,,,,,,,,,,,,,,,mo
00:03:17.245,,,,,,,,,,,,,,,
00:03:17.130,,,,,r1,,,,,,,,,,mi
00:03:17.015,,,,,,,,,,,,,,,
00:03:16.901,,@1,,,,,,,,,,,,,
00:03:16.786,,,,,,,,,,,,,,,
00:03:16.672,,,,,,,,,,,,,,,
00:03:16.559,,,,,,,,,,,,,,,
00:03:16.447,,$^1,,,,,,,,,,,,,
00:03:16.334,,,,,,,,,,,,,,,
00:03:16.221,,,,,,,,,,,,,,,m
00:03:16.112,,,,,,,,,,,,,,,
00:03:16.002,,,,,r1,,,,,,,,,,m
00:03:15.892,,,,,,,,,,,,,,,
00:03:15.783,,,,x1,,,,,,,,,,,m
00:03:15.666,,,,,,,,,,,,,,,
00:03:15.548,,,x1,,,,,,,,,,,,m
00:03:15.431,,,,,,,,,,,,,,,
00:03:15.313,,x1,,,x1,,,,,,,,,,m
00:03:15.201,,,,,,,,,,,,,,,
00:03:15.089,,,,,,,,,,,,,,,
00:03:14.977,,,,,,,,,,,,,,,
00:03:14.864,,,,,,,,,,,,,,,
00:03:14.753,,,,,,,,,,,,,,,
00:03:14.643,*,r1,#,#,l1,*,,s,,,,,,,
00:03:14.532,,,,,,,,,,,,,,,
00:03:14.421,,,,,,,,,,,,,,,m
00:03:14.311,,,,,,,,,,,,,,,
00:03:14.201,,,,,,,,,,,,,,,m
00:03:14.091,,,,,,,,,,,,,,,
00:03:13.982,,,,,,,s,,,,,,,e,m
00:03:13.869,,,,,@3,,,,,,,,,,
00:03:13.757,,,,,,,,,,,,,,,m
00:03:13.644,,,,,,,,,,,,,,,
00:03:13.531,,,,,,,,,,,,,,,m
00:03:13.421,,,,,,,,,,,,,,,
00:03:13.310,,,,,$^3,,,,,,,,,,
00:03:13.199,,,,,,,,,,,,,,,
00:03:13.089,,,,x3,,,,,,,,,,,
00:03:12.979,,,,,,,,,,,,,,,
00:03:12.870,,,,,x3,,,,,,,,,,
00:03:12.760,,,,,,,,,,,,,,,
00:03:12.651,x3,,,,,,,,,,,,,,m
00:03:12.541,,,,,,,,,,,,,,,
00:03:12.432,,x3,,,,,,,,,,,,,m
00:03:12.322,,,,,,,,,,,,,,,
00:03:12.213,,,x3,,,,,,,,,,,,m
00:03:12.103,,,,,,,,,,,,,,,
00:03:11.994,,,,x3,,,,,,,,,,,m
00:03:11.884,,,,,,,,,,,,,,,
00:03:11.775,,,,,x3,,,,,,,,,,m
00:03:11.660,,,,,,,,,,,,,,,
00:03:11.546,,,,x3,,,,,,,,,,,
00:03:11.431,,,,,,,,,,,,,,,
00:03:11.316,,x3,,,,,,,,,,,,s,
00:03:11.199,,,,,,,,,,,,,,,
00:03:11.082,,,,,,,,,,,,,,,m
00:03:10.965,,,,,,,,,,,,,,,
00:03:10.848,,,,,,,,,,,,,,,mo
00:03:10.738,,,,,,,,,,,,,,,
00:03:10.628,,,,,,,,,,,,,,,mi
00:03:10.519,,,,,,,,,,,,,,,
00:03:10.409,,,,,,,,,,,,,,,m
00:03:10.300,,,,,,,,,,,,,,,
00:03:10.190,,,,,,,,,,,,,,,mo
00:03:10.081,,,,,,,,,,,,,,,
00:03:09.971,,@3,,,,,,,,,,,,e,mi
00:03:09.862,,,,,,,,,,,,,,,
00:03:09.752,,,,,,,,,,,,,,,
00:03:09.643,,,,,,,,,,,,,,,
00:03:09.533,,,,,,,,,,,,,,,
00:03:09.424,,,,,,,,,,,,,,,
00:03:09.314,,$^3,,,,,,,,,,,,,
00:03:09.205,,,,,,,,,,,,,,,
00:03:09.095,,,x3,,,,,,,,,,,,m
00:03:08.986,,,,,,,,,,,,,,,
00:03:08.876,,,,,,@3,,,,,,,,,m
00:03:08.767,,,,,,,,,,,,,,,
00:03:08.657,,,,,,,,,,,,,,,m
00:03:08.550,,,,,,,,,,,,,,,
00:03:08.443,,,,,,$^3,,,,,,,,,m
00:03:08.336,,,,,,,,,,,,,,,
00:03:08.229,,,,,x3,,,,,,,,,,m
00:03:08.123,,,,,,,,,,,,,,,
00:03:08.018,,,,,,,,,,,,,,,
00:03:07.912,@3,,,,,,,,,,,,,,
00:03:07.806,,,,,,,,,,,,,,,
00:03:07.696,^3,<3,,,,,,,,,,,,,
00:03:07.586,,,,,,,,,,,,,,,
00:03:07.476,,,,,,,,,,,,,,,
00:03:07.366,,$^3,,,,,,,,,,,,,m
00:03:07.258,,,,,,,,,,,,,,,
00:03:07.149,,,,,,,,,,,,,,,m
00:03:07.040,,,,,,@3,,,,,,,,,
00:03:06.932,,,,,,,,,,,,,,,m
00:03:06.821,,,,,>3,^3,,,,,,,,,
00:03:06.710,,,,,,,,,,,,,,,m
00:03:06.600,,,,,,,,,,,,,,,
00:03:06.489,,,,,$^3,,,,,,,,,,m
00:03:06.377,,,,,,,,,,,,,,,
00:03:06.265,,,,,,,,,,,,,,,
00:03:06.153,,@3,,,,,,,,,,,,,
00:03:06.041,,,,,,,,,,,,,,,
00:03:05.926,,,,,,,,,,,,,,,
00:03:05.812,,$^3,,,,,,,,,,,,,
00:03:05.697,,,,,,,,,,,,,,,
00:03:05.582,,,x3,,,,,,,,,,,,m
00:03:05.473,,,,,,,,,,,,,,,
00:03:05.363,,,,,,,,,,,,,,,m
00:03:05.254,,,,@3,,,,,,,,,,,
00:03:05.145,,,,,,,,,,,,,,,m
00:03:05.035,,,,,,,,,,,,,,,
00:03:04.926,,,,$^3,,,,,,,,,,,m
00:03:04.816,,,,,,,,,,,,,,,
00:03:04.707,,,,,x3,,,,,,,,,,m
00:03:04.597,,,,,,,,,,,,,,,
00:03:04.488,,,,,,,,,,,,,,,
00:03:04.378,,,,,,,,,,,,,,,
00:03:04.269,,,,,,,,,,,,,,,
00:03:04.159,,,,,,,,,,,,,,,
00:03:04.050,,,r3,,,,,,,,,,,,m
00:03:03.940,,,,,,,,,,,,,,,
00:03:03.831,,,,,,,,,,,,,,,mo
00:03:03.721,,,,,,,,,,,,,,,
00:03:03.612,,,x3,,,,,,,,,,,,mi
00:03:03.502,,,,,,,,,,,,,,,
00:03:03.393,,x3,,,,,,,,,,,,s,m
00:03:03.283,,,,,,,,,,,,,,,
00:03:03.174,,,,,,,,,,,,,,,mo
00:03:03.064,,,,,,,,,,,,,,,
00:03:02.955,,,,,,,,,,,,,,,mi
00:03:02.845,,,,,,@3,,,,,,,,,
00:03:02.736,,,,,,,,,,,,,,,
00:03:02.626,,,,,,,,,,,,,,,
00:03:02.517,,,,,,,,,,,,,,,
00:03:02.407,,,,,,,,,,,,,,,
00:03:02.298,,,,,,,,,,,,,,,
00:03:02.188,,,,,,$^3,,,,,,,,,
00:03:02.079,,,,,,,,,,,,,,,
00:03:01.969,,,,,,,,,,,,,,,
00:03:01.860,,,,,,,,,,,,,,,
00:03:01.750,,,,,x3,,,,,,,,,,
00:03:01.641,,,,,,,,,,,,,,,
00:03:01.531,,,,x3,,,,,,,,,,,
00:03:01.422,,,,,,,,,,,,,,,
00:03:01.312,,,,,,,,,,,,,,,
00:03:01.203,@3,,,,,,,,,,,,,e,
00:03:01.093,,,,,,,,,,,,,,,
00:03:00.984,,,,,,,,,,,,,,,
00:03:00.874,,,,,,,,,,,,,,,
00:03:00.765,,,,,,,,,,,,,,,
00:03:00.651,,,,,,,,,,,,,,,
00:03:00.537,$^3,,,,,,,,,,,,,,
00:03:00.423,,,,,,,,,,,,,,,
00:03:00.309,,,,,,,,,,,,,,,m
00:03:00.204,,,,,,,,,,,,,,,
00:03:00.098,,x3,,,,,,,,,,,,,m
00:02:59.992,,,,,,,,,,,,,,,
00:02:59.886,,,x3,,,,,,,,,,,s,mo
00:02:59.776,,,,,,,,,,,,,,,
00:02:59.666,,,,,,,,,,,e,,e,e,
00:02:59.556,,,,,,,,,,,,,,,
00:02:59.446,,,,,,,,,,,,,,,mi
00:02:59.333,,,,,,,,,,,,,,,
00:02:59.220,,,,,,,,,,,,,,,
00:02:59.107,@3,,,,,@3,,,,,,,,,
00:02:58.993,,,,,,,,,,,,,,,
00:02:58.881,,,,,,,,,,,,,,,
00:02:58.770,,,,,,,,,,,,,,,mo
00:02:58.658,,,,,,,,,,,,,,,
00:02:58.546,,,,,,,,,,,,,,,
00:02:58.438,,,,,,,,,,,,,,,
00:02:58.331,,,,,,,,,,,,,,,mi
00:02:58.224,,,,,,,,,,,,,,,
00:02:58.117,,,,,,,,,,,,,,,m
00:02:58.010,,,,,,,,,,,,,,,
00:02:57.903,,,,,,,,,,,,,,,mo
00:02:57.797,,,,,,,,,,,,,,,
00:02:57.690,,,,,,,,,,,,,,,mi
00:02:57.578,,,,,,,,,,,,,,,
00:02:57.467,,,,,,,,,,,,,,,
00:02:57.356,,,,,,,e,e,,,,,,,
00:02:57.244,,,,,,,,,,,,,,,
00:02:57.132,^3,<3,,,>3,^3,,,,,,,,,
00:02:57.020,,,,,,,,,,,,,,,mo
00:02:56.908,,,,,,,,,,,,,,,
00:02:56.796,,$^3,,,$^3,,,,,,,,,,
00:02:56.686,,,,,,,,,,,,,,,
00:02:56.576,,,,,,,,,,,,,,,mi
00:02:56.466,,,,,,,,,,,,,,,
00:02:56.356,,,,,,,,,,,,,,,m
00:02:56.243,,,,,,,,,,,,,,,
00:02:56.131,,,x3,,,,,,,,,,,,mo
00:02:56.018,,,,,,,,,,,,,,,
00:02:55.905,,,,,,,,,,,,,,,mi
00:02:55.792,,,,,,,,,,,,,,,
00:02:55.678,,,,x3,,,,,,,,,,,
00:02:55.564,,,,,,,,,,,,,,,
00:02:55.451,,,,,,,,,,,,,,,
00:02:55.335,,,,,,,,,,,,,,,
00:02:55.218,,,x3,,,,,,,,,,,,mo
00:02:55.102,,,,,,,,,,,,,,,
00:02:54.986,,,,,,,,,,,,,,,
00:02:54.873,,,,,,,,,,,,,,,
00:02:54.759,,,,x3,,,,,,,,,,,mi
00:02:54.646,,,,,,,,,,,,,,,
00:02:54.533,,,,,,,,,,,,,,,m
00:02:54.419,,,,,,,,,,,,,,,
00:02:54.306,,,,,,x3,,,,,,,,,mo
00:02:54.192,,,,,,,,,,,,,,,
00:02:54.079,,,,,x3,,,,,,,,,,mi
00:02:53.965,,,,,,,,,,,,,,,
00:02:53.851,,,,,,,,,,,,,,,
00:02:53.738,,,,,,,,,,,,,,,
00:02:53.624,x3,,,,,,,,,,,,,,
00:02:53.508,,,,,,,,,,,,,,,mo
00:02:53.391,,x3,,,,,,,,,s,,s,s,
00:02:53.274,,,,,,,,,,,,,,,
00:02:53.158,,,,,,,,,,,,,,,
00:02:53.046,,,,,,,,,,,,,,,
00:02:52.935,,,,,@3,,,,,,e,,e,e,mi
00:02:52.823,,,,,,,,,,,,,,,
00:02:52.712,,,,,,,,,,,,,,,m
00:02:52.598,,,,,,,,,,,,,,,
00:02:52.485,,,,,$^3,,,,,,,,,,mo
00:02:52.371,,,,,,,,,,,,,,,
00:02:52.258,,,,,,,,,,,,,,,mi
00:02:52.148,,,,,,,,,,,,,,,
00:02:52.037,,x3,,,,,,,,,,,,,
00:02:51.926,,,,,,,,,,,,,,,
00:02:51.816,,,,,,,,,,,,,,,
00:02:51.699,,,,,,,,,,,,,,,
00:02:51.582,,,,,x3,,,,,,,,,,mo
00:02:51.464,,,,,,,,,,,,,,,
00:02:51.347,,,,,,,,,,,,,,,
00:02:51.236,,,,,,,,,,,,,,,
00:02:51.125,,,,,,,,,,,,,,,mi
00:02:51.013,,,,,,,,,,,,,,,
00:02:50.902,,x3,,,,,,,,,,,,,
00:02:50.785,,,,,,,,,,,,,,,m
00:02:50.668,,,,x3,,,,,,,,,,,
00:02:50.551,,,,,,,,,,,,,,,
00:02:50.434,,,,,,,,,,,,,,,m
00:02:50.317,,,,,,,,,,,,,,,
00:02:50.201,,,x3,,,,,,,,,,,,m
00:02:50.084,,,,,,,,,,e,,,,,
00:02:49.968,,x3,,,,,,,,,,,,,
00:02:49.861,,,,,,,,,,,,,,,
00:02:49.755,,,,,,,,,,,s,,s,s,
00:02:49.649,,,,,,,,,,,,,,,
00:02:49.543,,,x1,x1,,,,,,,,,,,
00:02:49.427,,,,,,,,,,,,,,,
00:02:49.310,,x1,,,x1,,,,,,,,,,m
00:02:49.193,,,,,,,,,,,,,,,
00:02:49.076,x1,,,,,x1,,,,,,,,,
00:02:48.961,,,,,,,,,,,,,,,m
00:02:48.847,,,,,x1,,,,,,,,,,
00:02:48.732,,,,,,,,,,,,,,,
00:02:48.617,,,,x1,,,,,,,,,,,m
00:02:48.501,,,,,,,,,,,,,,,
00:02:48.386,,,x1,,,,,,,,,,,,m
00:02:48.270,,,,,,,,,,,,,,,
00:02:48.154,,x1,,,,,,,,,,,,,
00:02:48.039,,,,,,,,,,,,,,,
00:02:47.925,,,,,x1,,,,,,,,,,
00:02:47.810,,,,,,,,,,,,,,,
00:02:47.695,,,,x1,,,,,,,,,,,m
00:02:47.583,,,,,,,,,,,,,,,
00:02:47.471,,x1,,,,,,,,,,,,,
00:02:47.359,,,,,,,,,,,,,,,m
00:02:47.246,,,x1,,,,,,,,,,,,
00:02:47.132,,,,,,,,,,,,,,,
00:02:47.018,,,,,,x1,,,,,,,,,
00:02:46.903,,,,,,,,,,,,,,,
00:02:46.789,,,,,x1,,,,,,,,,,
00:02:46.675,,,,,,,,,,,,,,,m
00:02:46.561,x1,,,,,,,,,,,,,,
00:02:46.447,,,,,,,,,,,,,,,m
00:02:46.333,,x1,,,,,,,,,,,,,
00:02:46.219,,,,,,,,,,,,,,,
00:02:46.105,,,,,,,,,,,,,,,
00:02:45.991,,,,,,,,,,,,,,,
00:02:45.877,,x1,,,x1,,,,,,,,,,mo
00:02:45.764,,,,,,,,,,,,,,,
00:02:45.651,,,,,,,,,,,,,,,
00:02:45.538,,,,,,,,,,,,,,,
00:02:45.425,,,,,l1,,,,,,,,,,
00:02:45.311,,,,,,,,,,,,,,,
00:02:45.196,,,x1,,,,,,,,,,,,mi
00:02:45.081,,,,,,,,,,,,,,,
00:02:44.967,,x1,,,,,,,,,,,,,
00:02:44.852,,,,,,,,,,,,,,,
00:02:44.737,,,,,,,,,,,,,,,m
00:02:44.622,,,,,,,,,,,,,,,
00:02:44.507,,r1,,,,,,,,,,,,,m
00:02:44.394,,,,,,,,,,,,,,,
00:02:44.282,,,,x1,,,,,,,,,,,
00:02:44.169,,,,,,,,,,,,,,,
00:02:44.057,,,,,x1,,,,,,,,,,
00:02:43.941,,,,,,,,,,,,,,,
00:02:43.824,,,,,,,,,,,,,,,
00:02:43.708,,,,,,,,,,,,,,,
00:02:43.592,,x1,,,,,,,,,,,,,m
00:02:43.481,,,,,,,,,,,,,,,
00:02:43.370,,,x1,,,,,,,,,,,,m
00:02:43.259,,,,,,,,,,,,,,,
00:02:43.148,,x1,,,,,,,,,,,,,m
00:02:43.031,,,,,,,,,,,,,,,
00:02:42.914,,,,,,,,,,,,,,,m
00:02:42.798,,,,,,,,,,,,,,,
00:02:42.681,,,,,x1,,,,,,,,,,m
00:02:42.565,,,,,,,,,,,,,,,
00:02:42.448,,,,x1,,,,,,,,,,,
00:02:42.332,,,,,,,,,,,,,,,
00:02:42.216,,,,,x1,,,,,,,,,,
00:02:42.104,,,,,,,,,,,,,,,
00:02:41.992,,,,,,,,,,,,,,,
00:02:41.880,,,,,,,,,,,,,,,
00:02:41.768,,,l1,,,,,,,,,,,,m
00:02:41.655,,,,,,,,,,,,,,,
00:02:41.542,,,,,,,,,,,,,,,
00:02:41.429,,,,,,,,,,,,,,,m
00:02:41.316,,r1,,,,,,,,,,,,,
00:02:41.206,,,,,,,,,,,,,,,
00:02:41.097,,,,,,,,,,,,,,,m
00:02:40.988,,,,,,,,,,,,,,,
00:02:40.878,,,,r1,,,,,,,,,,,m
00:02:40.764,,,,,,,,,,,,,,,
00:02:40.650,,,x1,,,,,,,,,,,,
00:02:40.536,,,,,,,,,,,,,,,
00:02:40.422,,x1,,,,,,,,,,,,,
00:02:40.308,,,,,,,,,,,,,,,
00:02:40.194,,,,,,,,,,,,,,,
00:02:40.081,,,,,,,,,,,,,,,
00:02:39.967,,,,x1,,,,,,,,,,,m
00:02:39.852,,,,,,,,,,,,,,,
00:02:39.738,,,,,x1,,,,,,,,,,
00:02:39.623,,,,,,,,,,,,,,,
00:02:39.508,,,,x1,,,,,,,,,,,m
00:02:39.393,,,,,,,,,,,,,,,
00:02:39.277,,,,,x1,,,,,,,,,,m
00:02:39.161,,,,,,,,,,,,,,,
00:02:39.045,,,,,,,,,,,,,,,
00:02:38.931,,,,,,,,,,,,,,,
00:02:38.817,@1,,,,,,,,,,,,,,
00:02:38.703,,,,,,,,,,,,,,,
00:02:38.589,,,,,,,,,,,,,,,
00:02:38.477,^1,<1,,,,,,,,,,,,,
00:02:38.366,,,,,,,,,,,,,,,m
00:02:38.254,,,,,,,,,,,,,,,
00:02:38.143,,$^1,,,,,,,,,,,,,m
00:02:38.027,,,,,,,,,,,,,,,
00:02:37.911,,,,,x1,,,,,,,,,,
00:02:37.795,,,,,,,,,,,,,,,m
00:02:37.679,,,,x1,,,,,,,,,,,
00:02:37.567,,,,,,,,,,,,,,,
00:02:37.455,,,,,x1,,,,,,,,,,m
00:02:37.343,,,,,,,,,,,,,,,
00:02:37.230,,,,,,,,,,,,,,,m
00:02:37.120,,,,,,,,,,,,,,e,
00:02:37.009,,x1,,,,,,,,,,,,,
00:02:36.899,,,,,,,,,,,,,,,
00:02:36.788,,,x1,,,,,,,,,,,,
00:02:36.674,,,,,,,,,,,,,,,
00:02:36.559,,,,x1,,,,,,,,,,s,
00:02:36.445,,,,,,,,,,,,,,,
00:02:36.331,,,,,x1,,,,,,,,,,
00:02:36.217,,,,,,,,,,,,,,,
00:02:36.103,,,,,,,,,,,,,,,
00:02:35.989,,,,,,,,,,,,,,,
00:02:35.875,,l1,,,r1,,,,,,,,,,
00:02:35.759,,,,,,,,,,,,,,,
00:02:35.642,,,,,,,,,,,,,,,
00:02:35.526,,,,,,,,,,,,,,,
00:02:35.409,r1,,,,,,,,,,,,,e,
00:02:35.293,,,,,,,,,,,,,,,
00:02:35.176,,x1,,,,,,,,,,,,,
00:02:35.059,,,,,,,,,,,,,,,
00:02:34.943,,,x1,,,,,,,,,,,,
00:02:34.828,,,,,,,,,,,,,,,
00:02:34.712,,,,,,,,,,,,,,s,
00:02:34.597,,,,,,,,,,,,,,,
00:02:34.482,,,,,,l1,,,,,,,,,m
00:02:34.367,,,,,,,,,,,,,,,
00:02:34.252,,,,,x1,,,,,,,,,,m
00:02:34.137,,,,,,,,,,,,,,,
00:02:34.022,,,,x1,,,,,,,,,,,
00:02:33.906,,,,,,,,,,,,,,,
00:02:33.789,,,,,,,,,,,,,,,m
00:02:33.673,,,,,,,,,,,,,,,
00:02:33.556,r1,,,,,,,,,,,,,,
00:02:33.441,,,,,,,,,,,,,,,
00:02:33.326,,x1,,,,,,,,,,,,,m
00:02:33.211,,,,,,,,,,,,,,,
00:02:33.096,,,x1,,,,,,,,,,,,
00:02:32.979,,,,,,,,,,,,,,,
00:02:32.863,,,,,,,,,,,,,,,m
00:02:32.746,,,,,,,,,,,,,,,
00:02:32.629,,,,,l1,,,,,,,,,,
00:02:32.516,,,,,,,,,,,,,,,
00:02:32.403,,,x1,,,,,,,,,,,,
00:02:32.290,,,,,,,,,,,,,,,m
00:02:32.177,,x1,,,,,,,,,,,,,
00:02:32.060,,,,,,,,,,,,,,,
00:02:31.944,,,,,,,,,,,,,,,m
00:02:31.827,,,,,,,,,,,,,,,
00:02:31.710,,l1,,,,,,,,,,,,,m
00:02:31.598,,,,,,,,,,,,,,,
00:02:31.486,,,,x1,,,,,,,,,,,
00:02:31.373,,,,,,,,,,,,,,,
00:02:31.261,,,,,x1,,,,,,,,,,
00:02:31.149,,,,,,,,,,,,,,,
00:02:31.036,,,,,,,,,,,,,,,
00:02:30.924,,,,,,,,,,,,,,,
00:02:30.811,,x1,,,x1,,,,,,,,,,m
00:02:30.698,,,,,,,,,,,,,,,
00:02:30.586,,,,,,,,,,,,,,,
00:02:30.473,,,,,,,,,,,,,,,m
00:02:30.360,,,x1,,,,,,,,,,,,
00:02:30.248,,,,,,,,,,,,,,,
00:02:30.136,,x1,,,,,,,,,,,,,m
00:02:30.024,,,,,,,,,,,,,,,
00:02:29.912,,,,,,,,,,,,,,,m
00:02:29.795,,,,,,,,,,,,,,,
00:02:29.679,,,,,x1,,,,,,,,,,
00:02:29.562,,,,,,,,,,,,,,,
00:02:29.445,,,,,,,,,,,,,,,
00:02:29.329,,,,,,,,,,,,,,,
00:02:29.213,,x1,,,,,,,,,,,,,
00:02:29.096,,,,,,,,,,,,,,,
00:02:28.980,,,,,,,,,,,,,,,m
00:02:28.863,,,,,,,,,,,,,,,
00:02:28.747,,,,,x1,,,,,,,,,,m
00:02:28.630,,,,,,,,,,,,,,,
00:02:28.513,,,,,,,,,,,,,,,
00:02:28.395,,,,,,,,,,,,,,,
00:02:28.277,,x1,,,,,,,,,,,,,m
00:02:28.158,,,,,,,,,,,,,,,
00:02:28.040,,,,,,,,,,,,,,,m
00:02:27.925,,,,,,,,,,,,,,,
00:02:27.809,,,x1,,,,,,,,,,,,
00:02:27.693,,,,,,,,,,,,,,,
00:02:27.578,,,,x1,,,,,,,,,,,
00:02:27.469,,,,,,,,,,,,,,,
00:02:27.360,,,,,x1,,,,,,,,,,
00:02:27.252,,,,,,,,,,,,,,,
00:02:27.143,,,,x1,,,,,,,,,,,m
00:02:27.024,,,,,,,,,,,,,,,
00:02:26.905,,,x1,,,,,,,,,,,,m
00:02:26.787,,,,,,,,,,,,,,,
00:02:26.668,,x1,,,,,,,,,,,,,
00:02:26.555,,,,,,,,,,,,,,,
00:02:26.443,,,x1,,,,,,,,,,,,m
00:02:26.330,,,,,,,,,,,,,,,
00:02:26.217,,,,x1,,,,,,,,,,,m
00:02:26.104,,,,,,,,,,,,,,,
00:02:25.991,,,,,x1,,,,,,,,,,
00:02:25.879,,,,,,,,,,,,,,,
00:02:25.766,,x1,,,,,,,,,,,,,
00:02:25.651,,,,,,,,,,,,,,,
00:02:25.537,x1,,,,,,,,,,,,,,
00:02:25.422,,,,,,,,,,,,,,,
00:02:25.307,,x1,,,,,,,,,,,,e,
00:02:25.191,,,,,,,,,,,,,,,
00:02:25.074,,,x1,,,,,,,,,,,,m
00:02:24.958,,,,,,,,,,,,,,,m
00:02:24.841,,,,x1,,,,,,,,,,,m
00:02:24.718,,,,,,,,,,,,,,,
00:02:24.595,,,,,x1,,,,,,,,,,
00:02:24.472,,,,,,,,,,,,,,,
00:02:24.349,,,,,,,,,,,,,,,m
00:02:24.235,,,,,,,,,,,,,,,
00:02:24.121,,,,,,,,,,,,,,,
00:02:24.007,,,,,,,,,,,,,,,
00:02:23.893,,,,x3,,,,,,,,,,,
00:02:23.780,,,,,,,,,,,,,,,
00:02:23.668,,,,,,,,,,,,,,,
00:02:23.556,,,,,,,,,,,,,,,
00:02:23.443,,,,,,,,,,,,,,,m
00:02:23.330,,,x3,,,,,,,,,,,,
00:02:23.216,,,,,,,,,,,,,,,
00:02:23.103,,,,,,,,,,,,,,,m
00:02:22.989,,,,,,,,,,,,,,,
00:02:22.879,,@3,,,,,,,,,,,,,
00:02:22.768,,,,,,,,,,,,,,,m
00:02:22.658,,,,,,,,,,,,,,,
00:02:22.547,,$^3,,,,,,,,,,,,,m
00:02:22.429,,,,,,,,,,,,,,,
00:02:22.311,,,,,,,,,,,,,,,
00:02:22.193,,,,,,,,,,,,,,,
00:02:22.075,,,x3,,,,,,,,,,,,
00:02:21.957,,,,,,,,,,,,,,,
00:02:21.839,,,,x3,,,,,,,,,,,
00:02:21.720,,,,,,,,,,,,,,,
00:02:21.602,,,,,,,,,,,,,,,m
00:02:21.488,,,,,,,,,,,,,,,
00:02:21.373,,,,,,,,,,,,,,,m
00:02:21.259,,,,,,,,,,,,,,,
00:02:21.144,,,,,,,,,,,,,,,
00:02:21.026,,,,,,,,,,,,,,,
00:02:20.907,,,,,,,,,,,,,,,m
00:02:20.789,,,,,,,,,,,,,,,
00:02:20.670,,,,,,,,,,,e,,e,,m
00:02:20.558,,,,,,,,,,,,,,,
00:02:20.446,,,,,,,,,,,,,,,
00:02:20.333,,,,,,,,,,,,,,,
00:02:20.221,,,l3,r3,,,,,,,,,,,
00:02:20.110,,,,,,,,,,,,,,,
00:02:20.000,,,,,,,,,,,,,,,
00:02:19.889,,@3,,,@3,,,,,,,,,,
00:02:19.778,,,,,,,,,,,,,,,
00:02:19.660,,,,,,,,,,,,,,,
00:02:19.542,,$^3,,,$^3,,,,,,,,,,
00:02:19.425,,,,,,,,,,,,,,,
00:02:19.307,,,,,,,,,,,,,,,
00:02:19.196,@3,,,,,@3,,,,,,,,,
00:02:19.086,,,,,,,,,,,,,,,
00:02:18.975,,,,,,,,,,,,,,,
00:02:18.864,,,,,,,,,,,,,,,
00:02:18.748,,,,,,,,,,,,,,,
00:02:18.631,$^3,,,,,$^3,,,,,,,,,
00:02:18.514,,,,,,,,,,,,,,,
00:02:18.398,,,,,,,,,,,,,,,
00:02:18.286,,,,,,,,,,,,,,,
00:02:18.174,,l3,,,r3,,,,,,s,,s,,
00:02:18.062,,,,,,,,,,,,,,,
00:02:17.950,,,,,,,,,,,,,,,
00:02:17.832,,,,,,,,,,,,,,,
00:02:17.714,,,,,,,,,,,,,,,
00:02:17.596,,,,,,,,,,,,,,s,
00:02:17.477,,,,,,,,,,,,,,,
00:02:17.367,,,,,,,,,,,,,,,
00:02:17.257,,,,,,,,,,,,,,,
00:02:17.147,,,,,,,,,,,,,,,
00:02:17.037,#,l1,#,#,r1,#,,s,,,,,,,
00:02:16.919,,,,,,,,,,,,,,,
00:02:16.801,,,,,,,,,,,,,,,
00:02:16.683,,,,,,,,,,,,,,,
00:02:16.624,,,,,,,,,,,,,,,
00:02:16.564,,,,,,,,,s,,,,,e,
00:02:16.445,,,,,,,,,,,,,,,
00:02:16.326,,@1,,,,,,,,,,,,,
00:02:16.207,,,,,,,,,,,,,,,
00:02:16.148,,,,,,,,,,,,,,,
00:02:16.088,,,,,,,s,,,s,,,,,
00:02:15.970,,,,,,,,,,,,,,,
00:02:15.852,,,,,,,,,,,,,,,
00:02:15.734,,,,,,,,,,,,,,,
00:02:15.616,,,,,,,,,,,,,,,
00:02:15.500,,,,,,,,,,,,,,,
00:02:15.385,,,,,,,,,,,,,,,
00:02:15.270,,,,,,,,,,,,,,,
00:02:15.154,,,,,x3,,,,,,,,,,
00:02:15.046,,,,,,,,,,,,,,,
00:02:14.938,,,,x3,,,,,,,,,,,
00:02:14.829,,,,,,,,,,,,,,,
00:02:14.721,,,,,x3,,,,,,,,,,
00:02:14.609,,,,,,,,,,,,,,,
00:02:14.497,,,,x3,,,,,,,,,,,
00:02:14.385,,,,,,,,,,,,,,,
00:02:14.273,,,,,x3,,,,,,,,,,
00:02:14.156,,,,,,,,,,,,,,,
00:02:14.039,,,,x3,,,,,,,,,,,
00:02:13.921,,,,,,,,,,,,,,,
00:02:13.804,,,,,x3,,,,,,,,,,
00:02:13.690,,,,,,,,,,,,,,,
00:02:13.577,,,,x3,,,,,,,,,,,
00:02:13.464,,,,,,,,,,,,,,,
00:02:13.350,,,,,x3,,,,,,,,,s,
00:02:13.240,,,,,,,e,e,e,,,,,,
00:02:13.130,,$^1,,,,,,,,,,,,,
00:02:13.021,,,,,,,,,,,,,,,
00:02:12.911,,,,,,,,,,,,,,,
00:02:12.790,,,,,,,,,,,,,,,
00:02:12.669,,,,,x1,,,,,,,,,,
00:02:12.548,,,,,,,,,,,,,,,
00:02:12.427,,x1,,,,,,s,,,,,,,
00:02:12.315,,,,,,,,,,,,,,,
00:02:12.202,,,,,,,,,s,,,,,,
00:02:12.090,,,,,,,,,,,,,,,
00:02:11.978,,,,,,,,,,,,,,,
00:02:11.855,,,,,,,,,,,,,,,
00:02:11.733,,,,,,,,,,,,,,,
00:02:11.611,,,,,,,,,,,,,,,
00:02:11.488,,,,,,,,,,,,,,,
00:02:11.377,,,,,,,,,,,,,,,
00:02:11.266,,,,,,,,,,,,,,,
00:02:11.155,,,,,,,,,,,,,,,mo
00:02:11.044,,,,,,,,,,,,,,,
00:02:10.926,,,,,,,,,,,,,,,
00:02:10.807,,@1,,,@3,,,,,,,,,e,
00:02:10.689,,,,,,,,,,,,,,,
00:02:10.571,,,,,,,,,,,,,,,
00:02:10.456,,,,,,,,,,,,,,,
00:02:10.340,,,,,,,,,,,,,,,
00:02:10.225,,,,,,,,,,,,,,,
00:02:10.110,,,,,,,,,,,,,,,mi
00:02:09.996,,,,,,,,,,,,,,,
00:02:09.881,,,,,,,,,,,,,,,mo
00:02:09.766,,,,,,,,e,e,,,,,,
00:02:09.651,,$^1,,,,,,,,,,,,,
00:02:09.540,,,,,,,,,,,,,,,
00:02:09.429,,,,,,,,,,,,,,,
00:02:09.317,,,,,,,,,,,,,,,
00:02:09.206,,,,,,,,,,,,,,,mi
00:02:09.095,,,,,,,,,,,,,,,
00:02:08.985,,,,,,,,,,,,,,,mo
00:02:08.874,,,,,,,,,,,,,,,
00:02:08.763,,,,,,,,,,,,,,,
00:02:08.648,,,,,,,,,,,,,,,
00:02:08.533,,,,,$^3,,,,,,,,,,
00:02:08.418,,,,,,,,,,,,,,,
00:02:08.303,,,,,,,,,,,,,,,mi
00:02:08.186,,,,,,,,,,,,,,,
00:02:08.069,,,,x3,,,,,,,,,,,mo
00:02:07.952,,,,,,,,,,,,,,,
00:02:07.835,,,,,,,,,,,,,,,
00:02:07.722,,,,,,,,,,,,,,,
00:02:07.608,,,,x3,,,,,,,,,,,
00:02:07.495,,,,,,,,,,,,,,,
00:02:07.382,,,,,,,,,,,,,,,mi
00:02:07.272,,,,,,,,,,,,,,,
00:02:07.162,,,x3,,,,,,,,,,,,mo
00:02:07.051,,,,,,,,,,,,,,,
00:02:06.941,,,,,,,,,,,,,,,
00:02:06.829,,,,,,,,,,,,,,,
00:02:06.717,,x3,,,,,,,,,,,,,
00:02:06.605,,,,,,,,,,,,,,,
00:02:06.493,,,,,,,,,,,,,,,mi
00:02:06.380,,,,,,,,,,,,,,,
00:02:06.266,,,,,l3,,,,,,,,,,
00:02:06.152,,,,,,,,,,,,,,,
00:02:06.039,,x3,,,,,,s,,,,,,,
00:02:05.921,,,,,,,,,,,,,,,
00:02:05.804,,,,,,,,,,,,,,s,
00:02:05.687,,,,,,,,,,,,,,,
00:02:05.570,,,,,,,,,,,,,,,
00:02:05.455,,@3,,,@3,,,,,,,,,e,
00:02:05.341,,,,,,,,,,,,,,,m
00:02:05.227,,,,,,,,,,,,,,,
00:02:05.112,,,,,,,,,,,,,,,m
00:02:05.003,,,,,,,,e,,,,,,,
00:02:04.893,,$^3,,,$^3,,,,,,,,,,mo
00:02:04.784,,,,,,,,,,,,,,,
00:02:04.674,,,,,,,,,,,,,,,mi
00:02:04.558,,,,,,,,,,,,,,,
00:02:04.442,,,x3,x3,,,,,,,,,,,
00:02:04.326,,,,,,,,,,,,,,,
00:02:04.210,,,,,,,,,,,,,,,
00:02:04.098,,,,,,,,,,,,,,,
00:02:03.986,,x3,,,x3,,,,,,,,,,
00:02:03.874,,,,,,,,,,,,,,,
00:02:03.762,,,,,,,,,,,,,,,
00:02:03.653,,,,,,,,,,,,,,,
00:02:03.545,,x3,,,,,,,,,,,,,
00:02:03.436,,,,,,,,,,,,,,,
00:02:03.328,,,,,,,,,,,,,,,mo
00:02:03.214,,,,,,,,,,,,,,,
00:02:03.099,,,,,x3,,,,,,,,,,
00:02:02.985,,,,,,,,,,,,,,,
00:02:02.870,,@3,,,,,,,,,,,,,
00:02:02.756,,,,,,,,,,,,,,,
00:02:02.641,,,,,,,,,,,,,,,mi
00:02:02.527,,,,,,,,,,,,,,,
00:02:02.412,,$^3,,,,,,,,,,,,,mo
00:02:02.298,,,,,,,,,,,,,,,
00:02:02.183,,,x3,,,,,,,,,,,s,mi
00:02:02.069,,,,,,,,,,,,,,,
00:02:01.954,,,,,,,,,,,,,,,mo
00:02:01.840,,,,,,,,,,,,,,,
00:02:01.725,,,,,,,,,,,,,,,mi
00:02:01.611,,,,,,,,,,,,,,,
00:02:01.496,,,,,,,,,,,,,,,m
00:02:01.382,,,,,,,,,,,,,,,
00:02:01.267,,,,,,,,,,,,,,e,mo
00:02:01.152,,,,,,,,,,,,,,,
00:02:01.038,,,@3,,@3,,,,,,,,,,mi
00:02:00.923,,,,,,,,,,,,,,,
00:02:00.809,,,,,,,,,,,,,,,
00:02:00.694,,,,,,,,,,,,,,,
00:02:00.580,,,,,,,,,,,,,,,
00:02:00.465,,,,,,,,,,,,,,,
00:02:00.351,,,,,,,,,,,,,,,
00:02:00.236,,,,,,,,,,,,,,,m
00:02:00.122,,>3,^3,>3,^3,,,,,,,,,,
00:02:00.007,,,,,,,,,,,,,,,
00:01:59.893,,,,,,,,,,,,,,,m
00:01:59.778,,,,,,,,,,,,,,,
00:01:59.664,,,,,,,,,,,,,,,m
00:01:59.549,,,,,,,,,,,,,,,
00:01:59.435,,,,,,,,,,,,,,,m
00:01:59.320,,,,,,,,,,,,,,,
00:01:59.206,,$^3,,$^3,,,,,,,,,,,m
00:01:59.091,,,,,,,,,,,,,,,
00:01:58.977,,,,,,,,,,,,,,,
00:01:58.862,,,,,,,,,,,,,,,
00:01:58.748,,,,,x3,,,,,,,,,,
00:01:58.633,,,,,,,,,,,,,,,
00:01:58.519,,x3,,,,,,,,,,,,,
00:01:58.404,,,,,,,,,,,,,,,
00:01:58.290,,,x3,,,,,,,,,,,s,m
00:01:58.175,,,,,,,,,,,,,,,
00:01:58.061,,,,,,,,,,,,,,e,m
00:01:57.946,,,,,,,,,,,,,,,
00:01:57.832,,,,,,,,,,,,,,,m
00:01:57.717,,,,,,,,,,,,,,,
00:01:57.603,,r3,,,l3,,,,,,,,,,m
00:01:57.488,,,,,,,,,,,,,,,
00:01:57.374,,,,,,,,,,,,,,,m
00:01:57.259,,,,,,,,,,,,,,,
00:01:57.145,,x3,,,,,,,,,,,,,
00:01:57.030,,,,,,,,,,,,,,,
00:01:56.916,,,,,r3,,,,,,,,,,
00:01:56.801,,,,,,,,,,,,,,,
00:01:56.687,,,,,,,,,,,,,,,m
00:01:56.572,,,,,,,,,,,,,,,
00:01:56.458,,,,x3,,,,,,,,,,,mo
00:01:56.343,,,,,,,,,,,,,,,
00:01:56.229,,,,,,,,,,,,,,,mi
00:01:56.114,,,,,,,,,,,,,,,
00:01:56.000,,,l3,,,,,,,,,,,,m
00:01:55.885,,,,,,,,,,,,,,,
00:01:55.771,,,,,,,,,,,,,,,mo
00:01:55.656,,,,,,,,,,,,,,,
00:01:55.542,,x3,,,,,,,,,,,,,mi
00:01:55.427,,,,,,,,,,,,,,,
00:01:55.313,,,,,@3,,,,,,,,,,
00:01:55.198,,,,,,,,,,,,,,,
00:01:55.084,,,,,,,,,,,,,,,
00:01:54.969,,,,,,,,,,,,,,,
00:01:54.855,,,,,$^3,,,,,,,,,,
00:01:54.740,,,,,,,,,,,,,,,
00:01:54.626,,,,,,,,,,,,,,,m
00:01:54.511,,,,,,,,,,,,,,,
00:01:54.397,,r3,,,,,,,,,,,,s,m
00:01:54.282,,,,,,,,,,,,,,,
00:01:54.168,,,,,,,,,,,,,,,m
00:01:54.053,,,,,,,,,,,,,,,
00:01:53.939,,,,,,,,,,,,,,,m
00:01:53.824,,,,,,,,,,,,,,e,
00:01:53.710,,,,,@3,,,,,,,,,,m
00:01:53.595,,,,,,,,,,,,,,,
00:01:53.481,,,,,,,,,,,,,,,
00:01:53.366,,,,,,,,,,,,,,,
00:01:53.252,,,,,,,,,,,,,,,
00:01:53.137,,,,,,,,,,,,,,,
00:01:53.023,,,,,$^3,,,,,,,,,,
00:01:52.908,,,,,,,,,,,,,,,
00:01:52.794,,,,,,,,,,,,,,,m
00:01:52.679,,,,,,,,,,,,,,,
00:01:52.565,,x3,,,,,,,,,,,,,m
00:01:52.450,,,,,,,,,,,,,,,
00:01:52.336,,,,,x3,,,,,,,,,,m
00:01:52.216,,,,,,,,,,,,,,,
00:01:52.096,,,,,,,,,,,,,,,m
00:01:51.975,,,,,,,,,,,,,,,
00:01:51.855,,x3,,,,,,,,,,,,,m
00:01:51.739,,,,,,,,,,,,,,,
00:01:51.622,,,,,,,,,,,,,,,
00:01:51.506,,,,,,,,,,,,,,,
00:01:51.389,,,,,x3,,,,,,,,,,
00:01:51.279,,,,,,,,,,,,,,,
00:01:51.169,,x3,,,,,,,,,,,,,
00:01:51.058,,,,,,,,,,,,,,,
00:01:50.948,,,x3,,,,,,,,,,,s,m
00:01:50.833,,,,,,,,,,,,,,,
00:01:50.717,,,,,,,,,,,,,,e,m
00:01:50.602,,,,,,,,,,,,,,,
00:01:50.486,,,,,,,,,,,,,,,m
00:01:50.368,,,,,,,,,,,,,,,
00:01:50.250,,x3,,,x3,,,,,,,,,,m
00:01:50.132,,,,,,,,,,,,,,,
00:01:50.014,,,,,,,,,,,,,,,m
00:01:49.896,,,,,,,,,,,,,,,
00:01:49.778,,,,,r3,,,,,,,,,,
00:01:49.660,,,,,,,,,,,,,,,
00:01:49.542,,,,,,,,,,,,,,,
00:01:49.428,,,,,,,,,,,,,,,
00:01:49.314,,x3,,,,,,,,,,,,,m
00:01:49.200,,,,,,,,,,,,,,,
00:01:49.086,,,,,x3,,,,,,,,,,mo
00:01:48.970,,,,,,,,,,,,,,,
00:01:48.853,,,,,,,,,,,,,,,mi
00:01:48.738,,,,,,,,,,,,,,,
00:01:48.621,,,x3,,,,,,,,,,,,m
00:01:48.504,,,,,,,,,,,,,,,
00:01:48.387,,,,,,,,,,,,,,,mo
00:01:48.270,,,,,,,,,,,,,,,
00:01:48.153,,,,x3,,,,,,,,,,,mi
00:01:48.040,,,,,,,,,,,,,,,
00:01:47.927,,,,,,,,,,,,,,,
00:01:47.814,,,,,,,,,,,,,,,
00:01:47.701,,x3,,,,,,,,,,,,,
00:01:47.589,,,,,,,,,,,,,,,
00:01:47.476,,,,,,,,,,,,,,,
00:01:47.363,,,,,,,,,,,,,,,
00:01:47.250,,,,,,,,,,,,,,,
00:01:47.137,,,,,,,,,,,,,,,
00:01:47.025,*,r3,#,#,l3,*,,,,,,,,,
00:01:46.912,,,,,,,,,,,,,,,
00:01:46.799,,,,,,,,,,,,,,,
00:01:46.679,,,,,,,,,,,,,,s,
00:01:46.559,,,,,,,,,,,e,,e,e,
00:01:46.439,,,,,,,,,,,,,,,
00:01:46.318,,@1,,,@3,,,,,,,,,,
00:01:46.206,,,,,,,,,,,,,,,
00:01:46.093,,,,,,,,,,,,,,,
00:01:45.980,,,,,,,,,,,,,,,
00:01:45.867,,,,,,,,,,,,,,,mo
00:01:45.757,,,,,,,,,,,,,,,
00:01:45.647,,$^1,,,$^3,,,,,,s,,s,s,
00:01:45.538,,,,,,,,,,,,,,,
00:01:45.428,,,,,,,,,,,,,,,mi
00:01:45.315,,,,,,,,,,,,,,,
00:01:45.203,,,,,,,,,,,,,,,m
00:01:45.090,,,,,r1,,,,,,,,,,
00:01:44.977,,,,,,,,,,,,,,,mo
00:01:44.865,,,,,,,,,,,,,,,
00:01:44.753,,@1,,,,,,,,,,,,,
00:01:44.641,,,,,,,,,,,,,,,
00:01:44.528,,^1,<1,,,,,,,,,,,,mi
00:01:44.418,,,,,,,,,,,,,,,
00:01:44.307,,,$^1,,,,,,,,,,,,
00:01:44.196,,,,,,,,,,,,,,,
00:01:44.085,,,,,,@1,,,,,,,,,
00:01:43.967,,,,,,,,,,,,,,,mo
00:01:43.849,,,,,,,,,,,,,,,
00:01:43.731,,,,,,,,,,,,,,,
00:01:43.614,,,,,,$^1,,,,,,,,,
00:01:43.504,,,,,,,,,,,,,,,
00:01:43.395,,,,,x1,,,,,,,,,,mi
00:01:43.286,,,,,,,,,,,,,,,
00:01:43.177,,,,x1,,,,,,,,,,,m
00:01:43.058,,,,,,,,,,,,,,,
00:01:42.938,,,x1,,,,,,,,,,,,mo
00:01:42.818,,,,,,,,,,,,,,,
00:01:42.699,,x1,,,,,,,,,,,,,mi
00:01:42.587,,,,,,,,,,,,,,,
00:01:42.474,,,,,,,,,,,,,,,
00:01:42.362,,,,,,,,,,,,,,,
00:01:42.250,,,,x1,,,,,,,,,,,
00:01:42.139,,,,,,,,,,,,,,,mo
00:01:42.028,,,x1,,,,,,,,,,,,
00:01:41.918,,,,,,,,,,,,,,,
00:01:41.807,,,,,,,,,,,,,,,
00:01:41.695,,,,,,,,,,,,,,,
00:01:41.583,,x1,,,,,,,,,,,,,mi
00:01:41.470,,,,,,,,,,,,,,,
00:01:41.358,@1,,,,,,,,,,,,,,m
00:01:41.243,,,,,,,,,,,,,,,
00:01:41.127,,,,,,,,,,,,,,,mo
00:01:41.012,,,,,,,,,,,,,,,
00:01:40.897,$^1,,,,,,,,,,,,,,mi
00:01:40.782,,,,,,,,,,,,,,,
00:01:40.668,,,,,,x1,,,,,,,,,
00:01:40.554,,,,,,,,,,,,,,,
00:01:40.440,,,,,,,,,,,,,,,
00:01:40.326,,,,,,,,,,,,,,,
00:01:40.212,,,,,@1,,,,,,,,,,mo
00:01:40.098,,,,,,,,,,,,,,,
00:01:39.984,,,,,,,,,,,,,,,
00:01:39.874,,,,,,,,,,,,,,,
00:01:39.763,,,,,,,,,,,,,,,mi
00:01:39.653,,,,,,,,,,,,,,,
00:01:39.542,,,,,$^1,,,,,,,,,,m
00:01:39.423,,,,,,,,,,,,,,,
00:01:39.304,,,,,,,,,,,,,,e,mo
00:01:39.185,,,,,,,,,,,,,,,
00:01:39.066,,,,x1,,,,,,,,,,,mi
00:01:38.955,,,,,,,,,,,,,,,
00:01:38.843,@1,,,,,,,,,,,,,,
00:01:38.732,,,,,,,,,,,,,,,
00:01:38.621,,,,,,,,,,,,,,,
00:01:38.503,,,,,,,,,,,,,,,mo
00:01:38.386,$^1,,,,,,,,,,,,,,
00:01:38.269,,,,,,,,,,,,,,s,
00:01:38.151,,,,,,,,,,,,,,,
00:01:38.039,,,,,,,,,,,,,,,
00:01:37.927,,x1,,,,,,,,,,,,,mi
00:01:37.814,,,,,,,,,,,,,,,
00:01:37.702,,,x1,,,,,,,,,,,,m
00:01:37.584,,,,,,,,,,,,,,,
00:01:37.466,,,,x1,,,,,,,,,,e,mo
00:01:37.348,,,,,,,,,,,,,,,
00:01:37.230,,,,,x1,,,,,,,,,,mi
00:01:37.109,,,,,,,,,,,,,,,
00:01:36.987,,,,,,,,,,,,,,,
00:01:36.865,,,,,,,,,,,,,,,
00:01:36.744,,,,,,,,,,,,,,,mo
00:01:36.686,,,,,,,,,,,,,,,
00:01:36.629,,,,,,,,,,,,,,,
00:01:36.572,,r3,,,l3,,,,,,,,,,
00:01:36.515,,,,,,,,,,,,,,,
00:01:36.461,,,,,,,,,,,,,,,
00:01:36.406,,,,,,,,,,,,,,,mi
00:01:36.352,,,,,,,,,,,,,,,
00:01:36.298,,x3,,,x3,,,,,,,,,,
00:01:36.239,,,,,,,,,,,,,,,m
00:01:36.180,,,,,,,,,,,,,,,
00:01:36.121,,,,,,,,,,,,,,,
00:01:36.062,,,,,,,,,,,,,,,m
00:01:36.005,,,,,,,,,,,,,,,
00:01:35.949,,,,,,,,,,,,,,,m
00:01:35.892,,,,,,,,,,,,,,,
00:01:35.836,,x3,,,x3,,,,,,,,,,
00:01:35.776,,,,,,,,,,,,,,,
00:01:35.717,,,,,,,,,,,,,,,
00:01:35.657,,,,,,,,,,,,,,,
00:01:35.597,,@3,,,@3,,,,,,,,,,
00:01:35.542,,,,,,,,,,,,,,,
00:01:35.488,,,,,,,,,,,,,,,m
00:01:35.433,,,,,,,,,,,,,,,
00:01:35.378,,$^3,,,$^3,,,,,,,,,,
00:01:35.320,,,,,,,,,,,,,,,m
00:01:35.262,,,,,,,,,,,,,,,
00:01:35.204,,,,,,,,,,,,,,,
00:01:35.146,@3,,,,,@3,,,,,,,,,m
00:01:35.084,,,,,,,,,,,,,,,
00:01:35.022,,,,,,,,,,,,,,,m
00:01:34.959,,,,,,,,,,,,,,,
00:01:34.897,^3,<3,,,>3,^3,,,,,,,,,
00:01:34.836,,,,,,,,,,,,,,,
00:01:34.774,,,,,,,,,,,,,,,
00:01:34.713,,,,,,,,,,,,,,,
00:01:34.651,,$^3,,,$^3,,,,,,,,,,
00:01:34.602,,,,,,,,,,,,,,,
00:01:34.552,,,,,,,,,,,,,,,m
00:01:34.503,,,,,,,,,,,,,,,
00:01:34.453,,,x3,x3,,,,,,,,,,,
00:01:34.344,,,,,,,,,,,,,,,m
00:01:34.234,,,,,,,,,,,,,,,
00:01:34.125,,,,,,,,,,,,,,,
00:01:34.015,,,,,,,,,,,,,,,m
00:01:33.906,,,,,,,,,,,,,,,
00:01:33.851,,,,,,,,,,,,,,,m
00:01:33.797,,,,,,,,,,,,,,,
00:01:33.687,,,,,,,,,,,,,,,
00:01:33.578,,,,,,,,,,,,,,s,
00:01:33.473,,,,,,,,,,,,,,,
00:01:33.368,,,,,,,,,,,e,,e,e,
00:01:33.263,,,,,,,,,,,,,,,
00:01:33.157,@3,,,,@3,,,,,,,,,,
00:01:33.057,,,,,,,,,,,,,,,m
00:01:32.956,,,,,,,,,,,,,,,
00:01:32.906,,,,,,,,,,,,,,,
00:01:32.856,,,,,,,,,,,,,,,m
00:01:32.755,$^3,,,,$^3,,,,,,,,,,
00:01:32.699,,,,,,,,,,,,,,,
00:01:32.644,,,,,,,,,,,,,,,m
00:01:32.532,,,@3,,,@3,,,,,,,,,
00:01:32.420,,,,,,,,,,,,,,,m
00:01:32.309,,,,,,,,,,,,,,,
00:01:32.200,,,,,,,,,,,,,,,mo
00:01:32.090,,,$^3,,,$^3,,,,,,,,,
00:01:31.981,,,,,,,,,,,,,,,
00:01:31.872,,,,,,,,,,,,,,,
00:01:31.765,,,,,,,,,,,,,,,
00:01:31.658,,@3,,,@3,,,,,,,,,,
00:01:31.551,,,,,,,,,,,,,,,mi
00:01:31.445,,,,,,,,,,,,,,,
00:01:31.331,,,,,,,,,,,,,,,m
00:01:31.218,,$^3,,,$^3,,,,,,,,,,
00:01:31.104,,,,,,,,,,,,,,,mo
00:01:30.991,,,,,,,,,,,,,,,
00:01:30.878,,,,,,,,,,,,,,,
00:01:30.765,,x3,,,x3,,,,,,s,,s,,mi
00:01:30.652,,,,,,,,,,,,,,,
00:01:30.539,,,,,,,,,,,,,,,
00:01:30.424,,,,,,,,,,,,,,,
00:01:30.309,,,,,,,,,,,,,,,
00:01:30.194,,,,,,,,,,,,,,,
00:01:30.079,,,,,,,,,,,,,,,
00:01:30.026,,,,,,,,,,,,,,,
00:01:29.973,,,,,,,,,,,,,,,
00:01:29.921,,,,,,,,,,,,,,,m
00:01:29.868,,,,,,,,,,,,,,,
00:01:29.763,#,l4,#,#,r4,#,,,,,,,,s,
00:01:29.657,,,,,,,,s,s,,,,,,m
00:01:29.546,,,,,,,,,,,,,,,
00:01:29.435,,,,,,,,,,,,,,,
00:01:29.324,,,,,,,,,,,,,,,m
00:01:29.269,,,,,,,,,,,,,,,
00:01:29.213,,x2,,,x2,,,,,,,,,e,m
00:01:29.098,,,,,,,,,,,,,,,
00:01:28.983,,,,,,,,,,,,,,,
00:01:28.868,,,,,,,,,,,,,,,
00:01:28.811,,,,,,,,,,,,,,,
00:01:28.753,,x2,,,x2,,s,,,,,,,,
00:01:28.645,,,,,,,,,,,,,,,
00:01:28.537,,,,,,,,,,,,,,,
00:01:28.429,,,,,,,,,,,,,,,m
00:01:28.321,,,,,,,,,,,,,,,
00:01:28.208,,,,,,,,,,,,,,,
00:01:28.095,,@1,,x3,,,,,,,,,,,m
00:01:27.982,,,,,,,,,,,,,,,
00:01:27.870,,,,,x3,,,,,,,,,,
00:01:27.760,,,,,,,,,,,,,,,m
00:01:27.650,,,,x3,,,,,,,,,,,
00:01:27.540,,,,,,,,,,,,,,,m
00:01:27.430,,,,,x3,,,,,,,,,,
00:01:27.316,,,,,,,,,,,,,,,
00:01:27.201,,,,x3,,,,,,,,,,,
00:01:27.086,,,,,,,,,,,,,,,
00:01:26.972,,,,,x3,,,,,,,,,,
00:01:26.856,,,,,,,,,,,,,,,
00:01:26.741,,,,x3,,,,,,,,,,,
00:01:26.626,,,,,,,,,,,,,,,m
00:01:26.510,,,,,x3,,,,,,,,,,
00:01:26.392,,,,,,,,,,,,,,,
00:01:26.274,,,,x3,,,,,,,,,,,m
00:01:26.155,,,,,,,,,,,,,,,
00:01:26.037,,,,,x3,,,,,,,,,s,
00:01:25.922,,,,,,,e,e,e,,,,,,m
00:01:25.808,,$^1,,,,,,,,,,,,,
00:01:25.694,,,,,,,,,,,,,,,m
00:01:25.579,,,,,,,,,,,,,,,
00:01:25.465,,,,,,,,,,,,,,,
00:01:25.351,,,x1,,,,,,,,,,,e,
00:01:25.237,,,,,,,,,,,,,,,
00:01:25.123,,,,x1,,,,s,,,,,,,
00:01:25.013,,,,,,,,,,,,,,,
00:01:24.903,,,,,,,,,,,,,,,
00:01:24.793,,,,,,,,,,,,,,,
00:01:24.683,,,,,,,,,,,,,,,
00:01:24.572,,,,,,,,,,,,,,,
00:01:24.461,,@1,,,@1,,,,,,,,,,
00:01:24.350,,,,,,,,,,,,,,,
00:01:24.239,,,,,,,,,,,,,,,
00:01:24.119,,,,,,,,,,,,,,,
00:01:23.998,,$^1,,,$^1,,,,,,,,,,
00:01:23.878,,,,,,,,,,,,,,,
00:01:23.757,,,,,,,,,,,,,,,
00:01:23.639,,,,,,,,,,,,,,,
00:01:23.521,,,,x1,,,,,,,,,,,
00:01:23.403,,,,,,,,,,,,,,,
00:01:23.285,,,,,,,,,,,,,,,
00:01:23.169,,,,,,,,,,,,,,,
00:01:23.053,,,@1,,,,,,,,,,,,
00:01:22.937,,,,,,,,,,,,,,,m
00:01:22.821,,,,,,,,,,,,,,,
00:01:22.702,,,,,,,,,,,,,,,m
00:01:22.584,,,,,,,,,,,,,,,
00:01:22.465,,,,,,,,e,,,,,,,
00:01:22.346,,,$^1,,,,,,,,,,,,
00:01:22.240,,,,,,,,,,,,,,,m
00:01:22.135,,,,,,,,,,,,,,s,
00:01:22.029,,,,,,,,,,,,,,,m
00:01:21.923,,,,,,,,,,,e,,e,e,
00:01:21.811,,@3,,,@3,,,,,,,,,,mo
00:01:21.700,,,,,,,,,,,,,,,
00:01:21.588,,,,,,,,,,,,,,,
00:01:21.476,,,,,,,,,,,,,,,
00:01:21.363,,,,,,,,,,,,,,,
00:01:21.249,,$^3,,,$^3,,,,,,,,,,
00:01:21.136,,,,,,,,,,,,,,,mi
00:01:21.022,,,,,,,,,,,,,,,
00:01:20.915,,,,,,,,,,,,,,,
00:01:20.807,,,,@3,,,,,,,,,,,m
00:01:20.700,,,,,,,,,,,,,,,
00:01:20.592,,,,,,,,,,,,,,,
00:01:20.478,,,,,,,,,,,,,,,m
00:01:20.363,,,,$^3,,,,,,,,,,,
00:01:20.249,,,,,,,,,,,,,,,m
00:01:20.134,,,,,,,,,,,,,,,
00:01:20.023,,,,,,,,,,,,,,,
00:01:19.912,,,x3,,,,,,,,,,,,
00:01:19.801,,,,,,,,,,,,,,,
00:01:19.690,,,,,,,,,,,,,,,
00:01:19.574,,,,,,,,,,,,,,,
00:01:19.459,,x3,,,,,,,,,,,,,
00:01:19.343,,,,,,,,,,,,,,,m
00:01:19.227,,,,,,,,,,,,,,,
00:01:19.114,,,,,,,,,,,,,,,m
00:01:19.001,,,x3,,,,,,,,,,,,
00:01:18.887,,,,,,,,,,,,,,,
00:01:18.774,,,,x3,,,,,,,,,,,
00:01:18.662,,,,,,,,,,,,,,,m
00:01:18.550,,,,,x3,,,,,,s,,s,s,
00:01:18.438,,,,,,,,,,,,,,,m
00:01:18.326,,,,,,,,,,,,,,,
00:01:18.212,,,,,,,,,,,e,,e,e,
00:01:18.099,,@3,,,,,,,,,,,,,
00:01:17.985,,,,,,,,,,,,,,,
00:01:17.871,,,,,,,,,,,,,,,
00:01:17.759,,,,,,,,,,,,,,,
00:01:17.646,,$^3,,,,,,,,,,,,,
00:01:17.533,,,,,,,,,,,,,,,m
00:01:17.421,,,,,,,,,,,,,,,
00:01:17.313,,,,,,,,,,,,,,,m
00:01:17.205,,,,,x3,,,,,,,,,,
00:01:17.097,,,,,,,,,,,,,,,
00:01:16.989,,,,,,,,,,,,,,,
00:01:16.872,,,,,,,,,,,,,,,m
00:01:16.755,,x3,,,,,,,,,,,,,
00:01:16.638,,,,,,,,,,,,,,,m
00:01:16.520,,,,@3,,,,,,,,,,,
00:01:16.407,,,,,,,,,,,,,,,
00:01:16.294,,,,,,,,,,,,,,,
00:01:16.181,,,,^3,<3,,,,,,,,,,
00:01:16.068,,,,,,,,,,,,,,,
00:01:15.953,,,,,,,,,,,,,,,
00:01:15.838,,,,,$^3,,,,,,,,,,m
00:01:15.724,,,,,,,,,,,,,,,
00:01:15.609,,@3,,,,,,,,,,,,,
00:01:15.496,,,,,,,,,,,,,,,m
00:01:15.382,,,,,,,,,,,,,,,
00:01:15.268,,^3,<3,,,,,,,,,,,,
00:01:15.155,,,,,,,,,,,,,,,
00:01:15.044,,,,,,,,,,,,,,,m
00:01:14.932,,,$^3,,,,,,,,,,,,
00:01:14.821,,,,,,,,,,,s,,s,,m
00:01:14.710,,,,,,,,,,,,,,,
00:01:14.601,,,,,,,,,,,,,,,
00:01:14.493,,x3,,,x3,,,,,,,,,s,
00:01:14.385,,,,,,,,,,,,,,,
00:01:14.277,,,,,,,,,,,,,,,
00:01:14.161,,,,,,,,,,,,,,,
00:01:14.045,,,,,,,,,,,,,,,
00:01:13.928,,,,,,,,,,,,,,,m
00:01:13.812,,,@3,,,,,,,,,,,e,
00:01:13.702,,,,,,,,,,,,,,,m
00:01:13.591,,,,,,,,,,,,,,,
00:01:13.481,,,,,,,,,,,,,,,
00:01:13.370,,,,,,,,,,,,,,,
00:01:13.255,,,,,,,,,,,,,,,m
00:01:13.139,,,$^3,,,,,,,,,,,,
00:01:13.023,,,,,,,,,,,,,,,m
00:01:12.908,,,,,,,,,,,,,,,
00:01:12.795,,,,,,,,,,,,,,,
00:01:12.682,,x3,,,,,,,,,,,,,
00:01:12.568,,,,,,,,,,,,,,,
00:01:12.455,,,,,x3,,,,,,,,,,
00:01:12.343,,,,,,,,,,,,,,,
00:01:12.230,,,,,,,,,,,,,,,
00:01:12.118,,,,,,,,,,,,,,,m
00:01:12.005,,x3,,,,,,,,,,,,,
00:01:11.891,,,,,,,,,,,,,,,
00:01:11.776,,,,,,,,,,,,,,,m
00:01:11.661,,,,,,,,,,,,,,,
00:01:11.546,,,,,x3,,,,,,,,,,
00:01:11.437,,,,,,,,,,,,,,,m
00:01:11.327,,,x3,,,,,,,,,,,,
00:01:11.218,,,,,,,,,,,,,,,m
00:01:11.109,,x3,,,,,,,,,,,,s,
00:01:10.994,,,,,,,,,,,,,,,
00:01:10.878,,,,,,,,,,,,,,,
00:01:10.763,,,,,,,,,,,,,,e,
00:01:10.648,,,,,@3,,,,,,,,,,
00:01:10.534,,,,,,,,,,,,,,,
00:01:10.421,,,,,,,,,,,,,,,
00:01:10.308,,,,,,,,,,,,,,,m
00:01:10.194,,,,,$^3,,,,,,,,,,
00:01:10.086,,,,,,,,,,,,,,,
00:01:09.978,,x3,,,,,,,,,,,,,m
00:01:09.871,,,,,,,,,,,,,,,
00:01:09.763,,,,,,,,,,,,,,,
00:01:09.646,,,,,,,,,,,,,,,m
00:01:09.530,,,,,,,,,,,,,,,
00:01:09.413,,,,,,,,,,,,,,,m
00:01:09.297,,r3,,,,,,,,,,,,,
00:01:09.187,,,,,,,,,,,,,,,
00:01:09.078,,,,,,,,,,,,,,,
00:01:08.969,,,,,,,,,,,,,,,
00:01:08.859,,,,,x3,,,,,,,,,,
00:01:08.743,,,,,,,,,,,,,,,
00:01:08.628,,,,,,,,,,,,,,,
00:01:08.512,,,,,,,,,,,,,,,
00:01:08.396,,r3,,,,,,,,,,,,,
00:01:08.277,,,,,,,,,,,,,,,
00:01:08.159,,,,,x3,,,,,,,,,,
00:01:08.040,,,,,,,,,,,,,,,
00:01:07.922,,,,x3,,,,,,,,,,,
00:01:07.804,,,,,,,,,,,,,,,
00:01:07.687,,,,,x3,,,,,,,,,s,
00:01:07.569,,,,,,,,,,,,,,,
00:01:07.452,,,,,,,,,,,,,,,
00:01:07.342,,,,,,,,,,,,,,,
00:01:07.233,,,x1,,,,,,,,,,,,
00:01:07.123,,,,,,,,,,,,,,,
00:01:07.014,,,,,,,,,,,,,,,
00:01:06.900,,,,,,,,,,,,,,,
00:01:06.787,,,,x1,,,,,,,,,,,
00:01:06.674,,,,,,,,,,,,,,,m
00:01:06.560,,,,,,,,,,,,,,,
00:01:06.445,,,,,,,,,,,,,,e,m
00:01:06.330,,,,,@3,,,,,,,,,,
00:01:06.215,,,,,,,,,,,,,,,
00:01:06.100,,,,,,,,,,,,,,,
00:01:05.984,,,,,,,,,,,,,,,m
00:01:05.869,,,,,$^3,,,,,,,,,,
00:01:05.753,,,,,,,,,,,,,,,
00:01:05.637,,,,,,,,,,,,,,,
00:01:05.525,,,,,,,,,,,,,,,m
00:01:05.413,,,x3,,,,,,,,,,,,
00:01:05.300,,,,,,,,,,,,,,,mo
00:01:05.188,,,,,,,,,,,,,,,
00:01:05.070,,,,,,,,,,,,,,,
00:01:04.952,,r3,,,,,,,,,,,,,
00:01:04.834,,,,,,,,,,,,,,,mi
00:01:04.716,,,,,x3,,,,,,,,,,
00:01:04.600,,,,,,,,,,,,,,,m
00:01:04.485,,,,x3,,,,,,,,,,,
00:01:04.369,,,,,,,,,,,,,,,
00:01:04.253,,,, ,x3,,,,,,,,,,
00:01:04.140,,,,,,,,,,,,,,,m
00:01:04.027,,x3,,,,,,,,,,,,,
00:01:03.914,,,,,,,,,,,,,,,m
00:01:03.801,,,,,x3,,,,,,,,,,
00:01:03.687,,,,,,,,,,,,,,,
00:01:03.573,,,,,,,,,,,,,,,
00:01:03.459,,,,,,,,,,,,,,,
00:01:03.345,,,,,,,,,,,,,,,
00:01:03.231,,,,,,,,,,,,,,,
00:01:03.117,,,,,r3,,,,,,,,,,
00:01:03.003,,,,,,,,,,,,,,,m
00:01:02.889,,,,,,,,,,,,,,,
00:01:02.779,,,,,,,,,,,,,,,m
00:01:02.670,,,x3,,,,,,,,,,,,
00:01:02.561,,,,,,,,,,,,,,,
00:01:02.451,,x3,,,,,,,,,,,,,
00:01:02.328,,,,,,,,,,,,,,,m
00:01:02.205,,,,x3,,,,,,,,,,,
00:01:02.082,,,,,,,,,,,,,,,m
00:01:01.959,,,,,x3,,,,,,,,,,
00:01:01.852,,,,,,,,,,,,,,,
00:01:01.744,,,,,,,,,,,,,,,
00:01:01.636,,,,,,,,,,,,,,,
00:01:01.528,,l3,,,,,,,,,,,,,
00:01:01.413,,,,,,,,,,,,,,,
00:01:01.297,,,,,,,,,,,,,,,
00:01:01.181,,,,,,,,,,,,,,,m
00:01:01.066,,,,x3,,,,,,,,,,,
00:01:00.945,,,,,,,,,,,,,,,m
00:01:00.824,,,x3,,,,,,,,,,,,
00:01:00.703,,,,,,,,,,,,,,,
00:01:00.583,,x3,,,,,,,,,,,,,
00:01:00.467,,,,,,,,,,,,,,,m
00:01:00.352,,,,,,,,,,,,,,s,
00:01:00.237,,,,,,,,,,,,,,,m
00:01:00.121,,,,,,,,,,,,,,,
00:01:00.007,*,l1,#,#,r1,*,,,,,,,,,
00:00:59.894,,,,,,,,,,,,,,,
00:00:59.780,,,,,,,,,,,,,,,
00:00:59.666,,,,,,,,,,,,,,,
00:00:59.549,,,,,,,,,,,,,,,
00:00:59.433,,x1,,,x1,,,,,,,,,,
00:00:59.316,,,,,,,,,,,,,,,m
00:00:59.200,,,,,,,,,,,,,,,
00:00:59.087,,@1,,,,,,,,,,,,,
00:00:58.974,,,,,,,,,,,,,,,
00:00:58.861,,,,,,,,,,,,,,,m
00:00:58.748,,,,,,,,,,,,,,,
00:00:58.632,,,,,,,,,,,,,,,m
00:00:58.515,,$^1,,,,,,,,,,,,,
00:00:58.398,,,,,,,,,,,,,,,m
00:00:58.281,,,,,,,,,,,,,,,
00:00:58.165,,,,,,,,,,,,,,,
00:00:58.049,,,,,,,,,,,,,,,
00:00:57.933,,,,,,,,,,,,,,,
00:00:57.816,,,,,l1,,,,,,,,,,
00:00:57.699,,,,,,,,,,,,,,,
00:00:57.582,,,,x1,,,,,,,,,,,
00:00:57.464,,,,,,,,,,,,,,,m
00:00:57.347,,r1,,,,,,,,,,,,,
00:00:57.232,,,,,,,,,,,,,,,
00:00:57.116,,,x1,,,,,,,,,,,,m
00:00:57.001,,,,,,,,,,,,,,,
00:00:56.886,,,,,,,,,,,,,,,
00:00:56.769,,,,,,,,,,,,,,,m
00:00:56.652,@1,,,,,@1,,,,,,,,,
00:00:56.536,,,,,,,,,,,,,,,m
00:00:56.419,,,,,,,,,,,,,,,
00:00:56.307,,,,,,,,,,,,,,,
00:00:56.194,,,,,,,,,,,,,,,
00:00:56.082,,,,,,,,,,,,,,,
00:00:55.970,^1,<1,,,>1,^1,,,,,,,,,
00:00:55.853,,,,,,,,,,,,,,,
00:00:55.736,,,,,,,,,,,,,,,
00:00:55.619,,,,,,,,,,,,,,,m
00:00:55.502,,$^1,,,$^1,,,,,,,,,,
00:00:55.382,,,,,,,,,,,,,,,
00:00:55.261,,,,,,,,,,,,,,,m
00:00:55.141,,,,,,,,,,,,,,,
00:00:55.020,,,,,l1,,,,,,,,,,
00:00:54.907,,,,,,,,,,,,,,,m
00:00:54.793,,x1,,,,,,,,,,,,,
00:00:54.679,,,,,,,,,,,,,,,m
00:00:54.566,,,,,,,,,,,,,,,
00:00:54.447,,,,,,,,,,,,,,,
00:00:54.329,,,,,@1,,,,,,,,,,
00:00:54.211,,,,,,,,,,,,,,,
00:00:54.092,,,,,,,,,,,,,,,
00:00:53.978,,,,,^1,<1,,,,,,,,,
00:00:53.864,,,,,,,,,,,,,,,
00:00:53.750,,,,,,,,,,,,,,,m
00:00:53.635,,,,,,$^1,,,,,,,,,
00:00:53.517,,,,,,,,,,,,,,,
00:00:53.399,x1,,,,,,,,,,,,,,m
00:00:53.281,,,,,,,,,,,,,,,
00:00:53.163,,,,,,,,,,,,,,,
00:00:53.048,,,,,,,,,,,,,,,m
00:00:52.932,,,x1,,,,,,,,,,,,
00:00:52.817,,,,,,,,,,,,,,,m
00:00:52.702,,x1,,,,,,,,,,,,,
00:00:52.587,,,,,,,,,,,,,,,
00:00:52.472,,,,x1,,,,,,,,,,,
00:00:52.358,,,,,,,,,,,,,,,
00:00:52.243,,,,,x1,,,,,,,,,,
00:00:52.128,,,,,,,,,,,,,,,
00:00:52.012,,,,,,,,,,,,,,e,
00:00:51.897,,,,,,,,,,,,,,,
00:00:51.782,,x1,,,,,,,,,,,,s,
00:00:51.665,,,,,,,,,,,,,,,
00:00:51.548,,,,,@1,,,,,,,,,,
00:00:51.431,,,,,,,,,,,,,,,
00:00:51.314,,,,,,,,,,,,,,,
00:00:51.199,,,,,,,,,,,,,,,
00:00:51.085,,,,,$^1,,,,,,,,,,
00:00:50.970,,,,,,,,,,,,,,e,
00:00:50.855,,x1,,,,,,,,,,,,,
00:00:50.743,,,,,,,,,,,,,,,
00:00:50.630,,,x1,,,,,,,,,,,s,
00:00:50.517,,,,,,,,,,,,,,,
00:00:50.404,,,,x1,,,,,,,,,,,
00:00:50.290,,,,,,,,,,,,,,,
00:00:50.177,,,,,x1,,,,,,,,,,
00:00:50.063,,,,,,,,,,,,,,,
00:00:49.949,,,,,,x1,,,,,e,,e,e,
00:00:49.825,,,,,,,,,,,,,,,
00:00:49.702,,,,,,,,,,,,,,,
00:00:49.578,,,,,,,,,,,,,,,
00:00:49.454,,,,,,,,,,,,,,,
00:00:49.399,,,,,,,,,,,,,,,
00:00:49.343,,,,,,,,,,,,,,,
00:00:49.287,,,,,,,,,,,,,,,
00:00:49.231,,r3,,,l3,,,,,,,,,,
00:00:49.178,,,,,,,,,,,,,,,
00:00:49.126,,,,,,,,,,,,,,,
00:00:49.073,,,,,,,,,,,,,,,
00:00:49.021,,,x3,x3,,,,,,,,,,,
00:00:48.964,,,,,,,,,,,,,,,
00:00:48.907,,,,,,,,,,,,,,,
00:00:48.851,,,,,,,,,,,,,,,
00:00:48.794,@3,,,,,@3,,,,,,,,,
00:00:48.738,,,,,,,,,,,,,,,
00:00:48.682,,,,,,,,,,,,,,,
00:00:48.626,,,,,,,,,,,,,,,
00:00:48.570,$^3,,,,,$^3,,,,,,,,,
00:00:48.513,,,,,,,,,,,,,,,
00:00:48.455,,,,,,,,,,,,,,,
00:00:48.398,,,,,,,,,,,,,,,
00:00:48.340,,@3,,,@3,,,,,,,,,,
00:00:48.285,,,,,,,,,,,,,,,
00:00:48.229,,,,,,,,,,,,,,,
00:00:48.174,,,,,,,,,,,,,,,
00:00:48.119,,$^3,,,$^3,,,,,,,,,,
00:00:48.060,,,,,,,,,,,,,,,
00:00:48.002,,,,,,,,,,,,,,,
00:00:47.943,,,,,,,,,,,,,,,
00:00:47.885,,,,,,,,,,,,,,,
00:00:47.829,@3,,,,,,,,,,,,,,
00:00:47.773,,,,,,,,,,,,,,,
00:00:47.718,,,,,,,,,,,,,,,
00:00:47.662,,,,,,,,,,,,,,,
00:00:47.606,^3,<3,,,,,,,,,,,,,
00:00:47.551,,,,,,,,,,,,,,,
00:00:47.495,,,,,,,,,,,,,,,
00:00:47.440,,$^3,,,,,,,,,,,,,
00:00:47.333,,,,,,,,,,,,,,,
00:00:47.226,,,,,x3,,,,,,,,,,
00:00:47.119,,,,,,,,,,,,,,,
00:00:47.012,,,,,,x3,,,,,s,,s,s,
00:00:46.906,,,,,,,,,,,,,,,
00:00:46.800,,,,,,,,,,,,,,,
00:00:46.695,,,,,,,,,,,,,,,
00:00:46.589,,,,,,,,,,,,,,,
00:00:46.484,,,,,,,,,,,,,,,
00:00:46.380,,,,,,,,,,,,,,,
00:00:46.275,,,,,,,,,,,,,,,
00:00:46.171,,,,,,,,,,,,,,,
00:00:46.060,,,,,,,,,,,,,,,
00:00:45.949,,,,,,,,,,,,,,,
00:00:45.838,,x1,,,x1,,,,,,,,,,
00:00:45.727,,,,,,,,,,,e,,e,e,
00:00:45.619,,,,,,,,,,,,,,,
00:00:45.511,,,,,,,,,,,,,,,
00:00:45.403,,,,,,,,,,,,,,,
00:00:45.295,@3,,,,,@3,,,,,,,,,
00:00:45.187,,,,,,,,,,,,,,,
00:00:45.078,,,,,,,,,,,,,,,
00:00:45.024,,,,,,,,,,,,,,,
00:00:44.970,,,,,,,,,,,,,,,
00:00:44.915,,,,,,,,,,,,,,,
00:00:44.861,,,,,,,,,,,,,,,
00:00:44.756,^3,<3,,,>3,^3,,,,,,,,,
00:00:44.651,,,,,,,,,,,,,,,
00:00:44.545,,,,,,,,,,,,,,,
00:00:44.440,,,,,,,,,,,,,,,
00:00:44.332,,,,,,,,,,,,,,,
00:00:44.225,,,,,,,,,,,,,,,
00:00:44.117,,,,,,,,,,,,,,,
00:00:44.010,,$^3,,,$^3,,,,,,,,,,
00:00:43.905,,,,,,,,,,,,,,,
00:00:43.801,,,,,,,,,,,,,,,
00:00:43.696,,,,,,,,,,,,,,,
00:00:43.592,,x3,,,x3,,,,,,s,,s,s,
00:00:43.489,,,,,,,,,,,,,,,
00:00:43.387,,,,,,,,,,,,,,,
00:00:43.285,,,,,,,,,,,,,,,
00:00:43.183,,x2,,,,,,,,,,,,,
00:00:43.076,,,,,,,,,,,,,,,
00:00:42.969,,,,x2,,,,,,,,,,,
00:00:42.863,,,,,,,,,,,,,,,
00:00:42.756,,,,,x2,,,,,,,,,,
00:00:42.644,,,,,,,,,,,,,,,
00:00:42.531,,,,,,,,,,,,,,,
00:00:42.419,,,,,,,,,,,,,,,
00:00:42.306,x2,,,,,x2,,,,,,,,,
00:00:42.201,,,,,,,,,,,,,,,
00:00:42.095,,,,,x2,,,,,,,,,,
00:00:41.989,,,,,,,,,,,,,,e,
00:00:41.884,,,x2,,,,,,,,,,,,
00:00:41.776,,,,,,,,,,,,,,s,
00:00:41.668,,x2,,,,,,,,,,,,,
00:00:41.596,,,,,,,,,,,,,,,
00:00:41.560,,,,,,,,,,,,,,,
00:00:41.524,,,,,,,,,,,,,,,
00:00:41.452,,,,,x2,,,,,,,,,,
00:00:41.379,,,,,,,,,,,,,,,
00:00:41.343,,,,,,,,,,,,,,,
00:00:41.306,,,,,,,,,,,,,,,
00:00:41.234,,,x2,,,,,,,,,,,,
00:00:41.124,,,,,,,,,,,,,,,
00:00:41.015,,x2,,,,,,,,,,,,,
00:00:40.905,,,,,,,,,,,,,,,
00:00:40.795,,,,,,,,,,,,,,,
00:00:40.684,,,,,,,,,,,,,,,
00:00:40.574,x2,,,,,x2,,,,,,,,,
00:00:40.476,,,,,,,,,,,,,,,
00:00:40.379,,,,,x2,,,,,,,,,,
00:00:40.281,,,,,,,,,,,,,,,
00:00:40.183,,,,x2,,,,,,,,,,,
00:00:40.082,,,,,,,,,,,,,,,
00:00:39.980,,,x2,,,,,,,,,,,,
00:00:39.879,,,,,,,,,,,,,,,
00:00:39.778,,x2,,,,,,,,,,,,,
00:00:39.673,,,,,,,,,,,,,,,
00:00:39.568,x2,,,,,,,,,,,,,,
00:00:39.463,,,,,,,,,,,,,,,
00:00:39.358,,x2,,,,,,,,,,,,,
00:00:39.249,,,,,,,,,,,,,,,
00:00:39.140,,,,x2,,,,,,,,,,,
00:00:39.031,,,,,,,,,,,,,,,
00:00:38.922,,x2,,,x2,,,,,,,,,,
00:00:38.812,,,,,,,,,,,,,,,
00:00:38.702,,,,x2,,,,,,,,,,,
00:00:38.592,,,,,,,,,,,,,,,
00:00:38.481,,,x2,,,,,,,,,,,,
00:00:38.381,,,,,,,,,,,,,,,
00:00:38.281,,,,x2,,,,,,,,,,,
00:00:38.181,,,,,,,,,,,,,,,
00:00:38.131,,,,,,,,,,,,,,,
00:00:38.080,,,x2,,,,,,,,,,,,
00:00:37.973,,,,,,,,,,,,,,,
00:00:37.866,,x2,,,,,,,,,,,,,
00:00:37.759,,,,,,,,,,,,,,,
00:00:37.652,,,x2,,,,,,,,,,,,
00:00:37.540,,,,,,,,,,,,,,,
00:00:37.428,,,,,,,,,,,,,,,
00:00:37.315,,,,,,,,,,,,,,,
00:00:37.203,,x2,,,x2,,,,,,,,,,
00:00:37.100,,,,,,,,,,,,,,,
00:00:36.998,,,,,,,,,,,,,,,
00:00:36.895,,,,,,,,,,,,,,,
00:00:36.792,,,,,x2,,,,,,,,,,
00:00:36.689,,,,,,,,,,,,,,,
00:00:36.586,,,x2,,,,,s,,,,,,,
00:00:36.482,,,,,,,,,,,,,,,
00:00:36.379,,x2,,,,,,,,,,,,,
00:00:36.272,,,,,,,,,,,,,,,
00:00:36.164,,,x2,,,,,,,,,,,,
00:00:36.057,,,,,,,,,,,,,,,
00:00:35.949,,,,,x2,,,,,,,,,,
00:00:35.846,,,,,,,,,,,,,,,
00:00:35.742,,,,,,,,,,,,,,e,
00:00:35.638,,,,,,,,e,,,,,,,
00:00:35.534,,,,,,,s,s,,,,,,,
00:00:35.482,,,,,,,,,,,,,,,
00:00:35.429,,,,,,,,,,,,,,,
00:00:35.377,,,,,,,,,,,,,,,
00:00:35.324,#,r3,#,#,l3,#,,,,,,,,,
00:00:35.271,,,,,,,,,,,,,,,
00:00:35.218,,,,,,,,,,,,,,,
00:00:35.164,,,,,,,,,,,,,,,
00:00:35.111,,,,,,,,,,,,,,s,
00:00:35.055,,,,,,,,,,,,,,,
00:00:34.999,,,,,,,,,,,,,,,
00:00:34.942,,,,,,,,,,,,,,,
00:00:34.886,,,,,,,,,,,,,,,
00:00:34.833,,,,,,,,,,,,,,,
00:00:34.780,,,,,,,,,,,,,,,
00:00:34.727,,@1,,,@1,,,,,,,,,,
00:00:34.674,,,,,,,,,,,,,,,
00:00:34.618,,,,,,,,,,,,,,,
00:00:34.561,,,,,,,,,,,,,,,
00:00:34.505,,,,,,,,,,,,,,,
00:00:34.449,,,,,,,,,,,,,,,
00:00:34.391,,,,,,,,,,,,,,,
00:00:34.333,,,,,,,,,,,,,,,
00:00:34.275,,,,,,,,,,,,,,,
00:00:34.217,,,,,,,,,,,,,,,
00:00:34.161,,,,,,,,,,,,,,,
00:00:34.105,,,,,,,,,,,,,,,
00:00:34.049,,,,,,,,,,,,,,,
00:00:33.993,,,,,,,,,,,,,,,
00:00:33.887,,,,,,,,,,,,,,,
00:00:33.782,,,,,,,,,,,,,,,
00:00:33.677,,,,,,,,,,,,,,,
00:00:33.571,,,,,,,,,,,,,,,
00:00:33.461,,,,,,,,,,,,,,,
00:00:33.351,,,,,,,,,,,,,,,
00:00:33.241,,,,,,,,,,,,,,,
00:00:33.130,,,,,,,,,,,,,,,
00:00:33.021,,,,,,,,,,,,,,,
00:00:32.911,,,,,,,,,,,,,,,
00:00:32.801,,,,,,,,,,,,,,,
00:00:32.691,,,,,,,,,,,,,,,
00:00:32.582,,,,,,,,,,,,,,,
00:00:32.473,,,,,,,,,,,,,,,
00:00:32.364,,,,,,,,,,,,,,,
00:00:32.255,,$^1,,,$^1,,,,,,,,,,
00:00:32.138,,,,,,,,,,,,,,,
00:00:32.021,,,,,,,,,,,,,,,
00:00:31.905,,,,,,,,,,,,,,,
00:00:31.788,,,,,,,,,,,,,,,
00:00:31.679,,,,,,,,,,,,,,,
00:00:31.570,,,,,,,,,,,,,,,
00:00:31.460,,,,,,,,,,,,,,,
00:00:31.351,,,,,,,,,,,,,,,
00:00:31.244,,,,,,,,,,,,,,,
00:00:31.136,,,,,,,,,,,,,,,
00:00:31.028,,,,,@3,,,,,,,,,,
00:00:30.920,,,,,,,,,,,,,,,
00:00:30.808,,,,,,,,,,,,,,,
00:00:30.696,,,,,,,,,,,,,,,
00:00:30.584,,,,,,,,,,,,,,,
00:00:30.472,,,,,,,,,,,,,,,
00:00:30.360,,,,,$^3,,e,,,,,,,,
00:00:30.249,,,,,,,,,,,,,,,
00:00:30.137,,,,,,,,,,,,,,,
00:00:30.025,,,,,,,,,,,,,,,
00:00:29.915,,,x3,,,,,,,,,,,,
00:00:29.804,,,,,,,s,,,,,,,,
00:00:29.693,,x3,,,,,,,,,,,,,
00:00:29.582,,,,,,,,,,,,,,,
00:00:29.475,,,,,,,,,,,,,,,
00:00:29.367,,,,,,,,,,,,,,,
00:00:29.259,,,,,,,,,,,,,,,
00:00:29.151,,@3,,,,,,,,,,,,e,
00:00:29.043,,,,,,,,,,,,,,,
00:00:28.936,,,,,,,,,,,,,,,
00:00:28.828,,,,,,,,,,,,,,,
00:00:28.721,,,,,,,,,,,,,,,
00:00:28.612,,,,,,,,,,,,,,,
00:00:28.504,,$^3,,,,,,,,,,,,,
00:00:28.396,,,,,,,,,,,,,,,
00:00:28.288,,,,,,,,,,,,,,,
00:00:28.179,,,,,,,,,,,,,,,
00:00:28.071,,,,x3,,,,,,,,,,,
00:00:27.963,,,,,,,,,,,,,,,
00:00:27.855,,,,,x3,,,,,,,,,s,
00:00:27.746,,,,,,,,,,,,,,,
00:00:27.636,,,,,,,,,,,,,,,
00:00:27.527,,,,,,,,,,,,,,,
00:00:27.418,,x1,,,,,,,,,,,,,
00:00:27.308,,,,,,,,,,,,,,,
00:00:27.197,,,,,x1,,,,,,,,,,
00:00:27.087,,,,,,,,,,,,,,,
00:00:26.977,,x1,,,,,,,,,,,,,
00:00:26.867,,,,,,,,,,,,,,,
00:00:26.758,,,,,x1,,,,,,,,,,
00:00:26.648,,,,,,,,,,,,,,,
00:00:26.539,,x1,,,,,,,,,,,,,
00:00:26.432,,,,,,,,,,,,,,,
00:00:26.325,,,,,x1,,,,,,,,,,
00:00:26.218,,,,,,,,,,,,,,,
00:00:26.111,,x1,,,,,,,,,,,,,
00:00:25.997,,,,,,,,,,,,,,,
00:00:25.883,,,,,x1,,,,,,,,,,
00:00:25.769,,,,,,,,,,,,,,,
00:00:25.655,,x1,,,,,,,,,,,,,
00:00:25.543,,,,,,,,,,,,,,,
00:00:25.432,,,,,x1,,,,,,,,,,
00:00:25.321,,,,,,,,,,,,,,,
00:00:25.210,,x1,,,,,,,,,,,,,
00:00:25.107,,,,,,,,,,,,,,,
00:00:25.005,,,,,,,,,,,,,,,
00:00:24.902,,,,,,,,,,,,,,,
00:00:24.799,,,,,,,,,,,,,,,
00:00:24.685,,,,,,,,,,,,,,,
00:00:24.570,,,,,,,,,,,,,,,
00:00:24.455,,,,,,,,,,,,,,,
00:00:24.341,,,,,,,,,,,,,,,
00:00:24.236,,,,,,,,,,,,,,,
00:00:24.131,,,,,,,,,,,,,,,
00:00:24.026,,,,,,,,,,,,,,,
00:00:23.921,,,,,,,,,,,,,,,
00:00:23.807,,,,,,,,,,,,,,,
00:00:23.693,,,,,,,,,,,,,,,
00:00:23.579,,,,,,,,,,,,,,,
00:00:23.465,,,,,,,,,,,,,,,
00:00:23.355,,,,,,,e,,,,,,,,
00:00:23.245,,,,,x2,,,,,,,,,,
00:00:23.135,,,,,,,,,,,,,,,
00:00:23.024,,,,,,,,,,,,,,,
00:00:22.918,,,,,,,,,,,,,,,
00:00:22.811,,x2,,,,,s,,,,,,,,
00:00:22.705,,,,,,,,,,,,,,,
00:00:22.598,,,,,,,,,,,,,,,
00:00:22.488,,,,,,,,,,,,,,,
00:00:22.378,,,,,,,,,,,,,,,
00:00:22.268,,,,,,,,,,,,,,,
00:00:22.158,,,,,,,,,,,,,,,
00:00:22.044,,,,,,,,,,,,,,,
00:00:21.931,,,,,@3,,,,,,,,,e,
00:00:21.818,,,,,,,,,,,,,,,
00:00:21.705,,,,,,,,,,,,,,,
00:00:21.594,,,,,,,,,,,,,,,
00:00:21.484,,,,,$^3,,,,,,,,,,
00:00:21.374,,,,,,,,,,,,,,,
00:00:21.264,,,,,,,,,,,,,,,
00:00:21.153,,,,,,,,,,,,,,,
00:00:21.043,,,x3,,,,,,,,,,,,
00:00:20.933,,,,,,,,,,,,,,,
00:00:20.823,,x3,,,,,,,,,,,,s,
00:00:20.712,,,,,,,,,,,,,,,
00:00:20.601,,,,,,,,,,,,,,,
00:00:20.490,,,,,,,,,,,,,,,
00:00:20.378,,,,,,,,,,,,,,,
00:00:20.262,,,,,,,,,,,,,,,
00:00:20.146,,,,,,,,,,,,,,,
00:00:20.030,,,,,,,,,,,,,,,
00:00:19.913,,,,,,,,,,,,,,,
00:00:19.800,,,,,,,,,,,,,,,
00:00:19.686,,,,,,,,,,,,,,,
00:00:19.572,,,,,,,,,,,,,,,
00:00:19.459,,,,,,,,,,,,,,,
00:00:19.351,,,,,,,,,,,,,,,
00:00:19.244,,,,,,,,,,,,,,,
00:00:19.136,,,,,,,,,,,,,,,
00:00:19.029,,,,,,,,,,,,,,,
00:00:18.915,,r3,,,,,,,,,,,,,
00:00:18.802,,,,,,,,,,,,,,,
00:00:18.688,,,,,,,,,,,,,,,
00:00:18.574,,,,,@3,,,,,,,,,e,
00:00:18.460,,,,,,,,,,,,,,,
00:00:18.346,,,,,,,,,,,,,,,
00:00:18.232,,,,>3,^3,,,,,,,,,,
00:00:18.118,,,,,,,,,,,,,,,
00:00:18.007,,,,,,,,,,,,,,,
00:00:17.896,,,,$^3,,,,,,,,,,,
00:00:17.785,,,,,,,,,,,,,,,
00:00:17.673,,,,,,,,,,,,,,,
00:00:17.564,,,,,,,,,,,,,,,
00:00:17.455,,,,x3,,,,,,,,,,,
00:00:17.345,,,,,,,,,,,,,,,
00:00:17.236,,,x3,,,,,,,,,,,,
00:00:17.125,,,,,,,,,,,,,,,
00:00:17.013,,x3,,,,,,,,,,,,s,
00:00:16.902,,,,,,,,,,,,,,,
00:00:16.791,,,,,,,,,,,,,,,
00:00:16.677,,,,,,,,,,,,,,,
00:00:16.563,,,,,,,,,,,,,,,
00:00:16.449,,,,,,,,,,,,,,,
00:00:16.335,,,,,,,,,,,,,,,
00:00:16.227,,,,,,,,,,,,,,,
00:00:16.118,,,,,,,,,,,,,,,
00:00:16.010,,,,,,,,,,,,,,,
00:00:15.902,,,,,,,,,,,,,,,
00:00:15.790,,,,,r3,,,,,,,,,,
00:00:15.677,,,,,,,,,,,,,,,
00:00:15.565,,,,,,,,,,,,,,,
00:00:15.453,,@3,,,,,,,,,,,,e,
00:00:15.344,,,,,,,,,,,,,,,
00:00:15.234,,,,,,,,,,,,,,,
00:00:15.125,,,,,,,,,,,,,,,
00:00:15.016,,,,,,,,,,,,,,,
00:00:14.909,,,,,,,,,,,,,,,
00:00:14.802,,,,,,,,,,,,,,,
00:00:14.695,,,,,,,,,,,,,,,
00:00:14.588,,,,,,,,,,,,,,,
00:00:14.472,,,,,,,,,,,,,,,
00:00:14.356,,$^3,,,,,,,,,,,,,
00:00:14.240,,,,,,,,,,,,,,,
00:00:14.124,,,x3,,,,,,,,,,,,
00:00:14.014,,,,,,,,,,,,,,,
00:00:13.903,,,,,@3,,,,,,,,,,
00:00:13.792,,,,,,,,,,,,,,,
00:00:13.681,,,,,,,,,,,,,,,
00:00:13.569,,,,,,,,,,,,,,,
00:00:13.457,,,,,$^3,,,,,,,,,,
00:00:13.345,,,,,,,,,,,,,,,
00:00:13.234,,,,x3,,,,,,,,,,,
00:00:13.126,,,,,,,,,,,,,,,
00:00:13.019,,@3,,,,,,,,,,,,,
00:00:12.911,,,,,,,,,,,,,,,
00:00:12.804,,,,,,,,,,,,,,,
00:00:12.690,,,,,,,,,,,,,,,
00:00:12.576,,$^3,,,,,,,,,,,,,
00:00:12.463,,,,,,,,,,,,,,,
00:00:12.349,,,x3,,,,,,,,,,,,
00:00:12.237,,,,,,,,,,,,,,,
00:00:12.125,,,,,@3,,,,,,,,,,
00:00:12.013,,,,,,,,,,,,,,,
00:00:11.901,,,,,,,,,,,,,,,
00:00:11.786,,,,,,,,,,,,,,,
00:00:11.671,,,,,$^3,,,,,,,,,,
00:00:11.556,,,,,,,,,,,,,,,
00:00:11.441,,,,x3,,,,,,,,,,,
00:00:11.334,,,,,,,,,,,,,,,
00:00:11.226,,@3,,,,,,,,,,,,,
00:00:11.119,,,,,,,,,,,,,,,
00:00:11.011,,,,,,,,,,,,,,,
00:00:10.898,,,,,,,,,,,,,,,
00:00:10.784,,$^3,,,,,,,,,,,,,
00:00:10.670,,,,,,,,,,,,,,,
00:00:10.557,,,,,,,,,,,,,,,
00:00:10.449,,,,,,,,,,,,,,,
00:00:10.341,,,l3,,,,,,,,,,,,
00:00:10.233,,,,,,,,,,,,,,,
00:00:10.125,,x3,,,,,,,,,,,,s,
00:00:10.015,,,,,,,,,,,,,,,
00:00:09.906,,,,,,,,,,,,,,,
00:00:09.796,,,,,,,,,,,,,,,
00:00:09.686,,,,,,,,,,,,,,,
00:00:09.571,,,,,,,,,,,,,,,
00:00:09.456,,,,,,,,,,,,,,,
00:00:09.341,,@3,,,,,,,,,,,,,
00:00:09.226,,,,,,,,,,,,,,,
00:00:09.115,,,,,,,,,,,,,,,
00:00:09.005,,,,,,,,,,,,,,,
00:00:08.894,,,,,,,,,,,,,,,
00:00:08.784,,$^3,,,,,,,,,,,,,
00:00:08.676,,,,,,,,,,,,,,,
00:00:08.568,,,,,,,,,,,,,,,
00:00:08.460,,,,,,,,,,,,,,,
00:00:08.352,,,,,x3,,,,,,,,,,
00:00:08.244,,,,,,,,,,,,,,,
00:00:08.135,,,,x3,,,,,,,,,,,
00:00:08.027,,,,,,,,,,,,,,,
00:00:07.918,,,,,,,,,,,,,,e,
00:00:07.805,,@3,,,,,,,,,,,,,
00:00:07.692,,,,,,,,,,,,,,,
00:00:07.579,,,,,,,,,,,,,,,
00:00:07.466,,,,,,,,,,,,,,,
00:00:07.354,,,,,,,,,,,,,,,
00:00:07.242,,$^3,,,,,,,,,,,,,
00:00:07.129,,,,,,,,,,,,,,,
00:00:07.017,,,,,,,,,,,,,,,
00:00:06.906,,,,,,,,,,,,,,,
00:00:06.794,,,,x3,,,,,,,,,,,
00:00:06.682,,,,,,,,,,,,,,,
00:00:06.571,,,,,x3,,,,,,,,,s,
00:00:06.457,,,,,,,,,,,,,,,
00:00:06.344,,x1,,,,,,,,,,,,,
00:00:06.231,,,,,,,,,,,,,,,
00:00:06.117,,,,,x1,,,,,,,,,,
00:00:06.005,,,,,,,,,,,,,,,
00:00:05.893,,x1,,,,,,,,,,,,,
00:00:05.781,,,,,,,,,,,,,,,
00:00:05.668,,,,,x1,,,,,,,,,,
00:00:05.561,,,,,,,,,,,,,,,
00:00:05.453,,x1,,,,,,,,,,,,,
00:00:05.345,,,,,,,,,,,,,,,
00:00:05.237,,,,,x1,,,,,,,,,,
00:00:05.126,,,,,,,,,,,,,,,
00:00:05.014,,x1,,,,,,,,,,,,,
00:00:04.903,,,,,,,,,,,,,,,
00:00:04.792,,,,,x1,,,,,,,,,,
00:00:04.681,,,,,,,,,,,,,,,
00:00:04.570,,,x1,,,,,,,,,,,,
00:00:04.458,,,,,,,,,,,,,,,
00:00:04.347,,x1,,,,,,,,,,,,,
00:00:04.235,,,,,,,,,,,,,,,
00:00:04.124,,,x1,,,,,,,,,,,,
00:00:04.012,,,,,,,,,,,,,,,
00:00:03.900,,x1,,,,,,,,,,,,,
00:00:03.785,,,,,,,,,,,,,,,
00:00:03.669,,,x1,,,,,,,,,,,,
00:00:03.553,,,,,,,,,,,,,,,
00:00:03.438,,x1,,,,,,,,,,,,,
00:00:03.323,,,,,,,,,,,,,,,
00:00:03.207,,,x1,,,,,,,,,,,,
00:00:03.092,,,,,,,,,,,,,,,
00:00:02.977,,x1,,,,,,,,,,,,,
00:00:02.865,,,,,,,,,,,,,,,
00:00:02.754,,,x1,,,,,,,,,,,,
00:00:02.642,,,,,,,,,,,,,,,
00:00:02.531,,x1,,,,,,,,,,,,,
00:00:02.419,,,,,,,,,,,,,,,
00:00:02.307,,,,x1,,,,,,,,,,,
00:00:02.195,,,,,,,,,,,,,,,
00:00:02.083,,,,,x1,,,,,,,,,,
00:00:01.965,,,,,,,,,,,,,,,
00:00:01.847,,,,x1,,,,,,,,,,,
00:00:01.728,,,,,,,,,,,,,,,
00:00:01.610,,,,,x1,,,,,,,,,,
00:00:01.497,,,,,,,,,,,,,,,
00:00:01.385,,,,x1,,,,,,,,,,,
00:00:01.272,,,,,,,,,,,,,,,
00:00:01.159,,,,,x1,,,,,,,,,,
00:00:01.048,,,,,,,,,,,,,,,
00:00:00.937,,,,x1,,,,,,,,,,,
00:00:00.826,,,,,,,,,,,,,,,
00:00:00.715,,,,,x1,,,,,,,,,,
00:00:00.602,,,,,,,,,,,,,,,
00:00:00.489,,,,x1,,,,,,,,,,,
00:00:00.376,,,,,,,,,,,,,,,
00:00:00.263,,,,,x1,,,,s,,,,,,
00:00:00.000,*,,#,#,,*,,,,,,,,,