00:04:07.975,,,,,,,,,,,,,,
00:04:07.600,,,,,,,,,,,,,,
00:04:07.225,,,,,,,,,,,,,,
00:04:06.850,,,,,,,,,,,,,,
00:04:06.475,,,,,,,,,,,,,,
00:04:06.100,,,,,,,,,,,,,,
00:04:05.725,,,,,,,,,,,,,,
00:04:05.350,,,,,,,,,,,,,,
00:04:04.975,,,,,,,,,,,,,,
00:04:04.600,,,,,,,,,,,,,,
00:04:04.225,,,,,,,,,,,,,,
00:04:03.850,,,,,,,,,,,,,,
00:04:03.475,,,,,,,,,,,,,,
00:04:03.100,,,,,,,,,,,,,,
00:04:02.725,,,,,,,,,,,,,,
00:04:02.350,,,,,,,,,,,,,,
00:04:01.975,,,,,,,,,,,,,,
00:04:01.600,,,,,,,,,,,,,,
00:04:01.225,,,,,,,,,,,,,,
00:04:00.850,,,,,,,,,,,,,,
00:04:00.475,,,,,,,,,,,,,,
00:04:00.100,,,,,,,,,,,,,,
00:03:59.725,,,,,,,,,,,,,,
00:03:59.350,,,,,,,,,,,,,,
00:03:58.975,,,,,,,,,,,,,,
00:03:58.600,,,,,,,,,,,,,,
00:03:58.225,,,,,,,,,,,,,,
00:03:57.850,,,,,,,,,,,,,,
00:03:57.475,,,,,,,,,,,,,,
00:03:57.140,,,,,,,,,,,,,,
00:03:56.806,,,,,,,,,,,,,,
00:03:56.471,,,,,,,,,,,,,,
00:03:56.136,,,,,,,,,,,,,,
00:03:55.911,,,,,,,,,,,,,,
00:03:55.685,,,,,,,w,w,w,w,,,,
00:03:55.459,,,,,,,,,,,,,,
00:03:55.234,,,,,,,,,,,,,,
00:03:55.076,,,,,,,,,,,,,,
00:03:54.918,,,,,,,,,,,,,,
00:03:54.760,,,,,,,,,,,,,,
00:03:54.602,,,,,,,,,,,,,,
00:03:54.460,,,,,,,,,,,,,,
00:03:54.319,,,,,,,,,e,,,,,
00:03:54.178,,,,,,,,,,,,,,
00:03:54.037,,,,,,,,e,,,e,e,e,e
00:03:53.867,,,,,,,,,,,,,,
00:03:53.696,,,,,,,,,,,,,,
00:03:53.583,,,,,,,,,,,,,,
00:03:53.526,,,,,,,e,,,,,,,
00:03:53.355,*,r3,*,*,l3,*,,,,,,,,
00:03:53.238,,,,,,,,,,,,,,
00:03:53.121,,,,,,,,,,,,,,
00:03:53.004,,,,,,,,,,,,,,
00:03:52.887,,,x3,x3,,,,,,,s,s,s,
00:03:52.770,,,,,,,,,,,,,,
00:03:52.653,,,,,,,,,,,,,,
00:03:52.536,,,,,,,,,,,,,,
00:03:52.419,,,,#,l3,#,,,,,,,,
00:03:52.303,,,,,,,,,,,,,,
00:03:52.186,,,,,,,,,,,,,,
00:03:52.069,,,,,,,,,,,,,,
00:03:51.952,#,r3,#,,,,,,,,,,,
00:03:51.836,,,,,,,,,,,,,,
00:03:51.719,,,,,,,,,,,,,,
00:03:51.603,,,,,,,,,,,,,,
00:03:51.486,,l3,,,r3,,,,,,,,,
00:03:51.370,,,,,,,,,,,,,,
00:03:51.254,,,,,,,,,,,,,,
00:03:51.137,,,,,,,,,,,,,,
00:03:51.021,,r3,,,l3,,,,,,,,,
00:03:50.904,,,,,,,,,,,,,,
00:03:50.788,,,,,,,,,,,,,,s
00:03:50.671,,,,,,,,,,,,,,
00:03:50.555,,,,,,,,,,,,,,
00:03:50.437,,,,,,,,,,,,,,
00:03:50.320,*,r3,*,*,l3,*,,,,,,,,e
00:03:50.203,,,,,,,,,,,,,,
00:03:50.086,,,,,,,,,,,,,,
00:03:49.968,,,,,,,,,,,,,,
00:03:49.851,,r3,,,,,,,,,,,,s
00:03:49.733,,,,,,,,,,,,,,
00:03:49.615,,,,,,,,,,,,,,
00:03:49.497,,,,,,,,,,,,,,
00:03:49.379,,,,,,,,,,,,,,e
00:03:49.260,,,,,,,,,,,,,,
00:03:49.142,,,,,,,,,,,,,,
00:03:49.023,,,,,,,,,,,,,,
00:03:48.904,,,,,l3,,,,,,,,,s
00:03:48.785,,,,,,,,,,,,,,
00:03:48.667,,,,,,,,,,,,,,
00:03:48.547,,,,,,,,,,,,,,
00:03:48.428,,,,,,,,,,,,,,e
00:03:48.308,,,,,,,,,,,,,,
00:03:48.189,,,,,,,,,,,,,,
00:03:48.069,,,,,,,,,,,,,,
00:03:47.949,,r3,,,,,,,,,,,,
00:03:47.829,,,,,,,,,,,,,,
00:03:47.709,,,,,,,,,,,,,,
00:03:47.585,,,,,,,,,,,,,,
00:03:47.462,,,,,,,,,,,,,,
00:03:47.339,,,,,,,,,,,,,,
00:03:47.216,,,,,,,,,,,,,,
00:03:47.096,,,,,,,,,,,,,,
00:03:46.976,,,,,,,,,,,,,,
00:03:46.856,,,,,,,,,,,,,,
00:03:46.737,,,x3,,,,,,,,,,,
00:03:46.616,,,,,,,,,,,,,,
00:03:46.495,,x3,,,,,,,,,,,,
00:03:46.374,,,,,,,,,,,,,,
00:03:46.254,,,,,,,,,,,,,,
00:03:46.132,,,,,,,,,,,,,,
00:03:46.010,,,,x3,,,,,,,,,,s
00:03:45.887,,,,,,,,,,,,,,
00:03:45.765,,,,,,,,,,,,,,
00:03:45.645,,,,,,,,,,,,,,
00:03:45.524,,,,,,,,,,,,,,
00:03:45.404,,,,,,,,,,,,,,
00:03:45.284,,,,,,,,,,,,,,
00:03:45.163,,,,,,,,,,,,,,
00:03:45.042,,,,,,,,,,,,,,
00:03:44.922,,,,,,,,,,,,,,e
00:03:44.801,,,,,,,,,,,,,,
00:03:44.680,,,,,,,,,,,,,,
00:03:44.559,,,,,x3,,,,,,,,,
00:03:44.438,,,,,,,,,,,,,,
00:03:44.317,,x3,,,,,,,,,,,,
00:03:44.197,,,,,,,,,,,,,,
00:03:44.076,,,,,x3,,,,,,,,,
00:03:43.956,,,,,,,,,,,,,,
00:03:43.835,,x3,,,,,,,,,,,,s
00:03:43.712,,,,,,,,,,,,,,
00:03:43.590,,,,,,,,,,,,,,
00:03:43.467,,,,,,,,,,,,,,
00:03:43.344,,,,,,,,,,,,,,
00:03:43.222,,,,,,,,,,,,,,
00:03:43.099,,,,,,,,,,,,,,e
00:03:42.977,,,,,,,,,,,,,,
00:03:42.855,,,,,,,,,,,,,,
00:03:42.735,,,,,,,,,,,,,,
00:03:42.615,,x3,,,,,,,,,,,,
00:03:42.496,,,,,,,,,,,,,,
00:03:42.376,,,x3,,,,,,,,,,,
00:03:42.253,,,,,,,,,,,,,,
00:03:42.131,,,,x3,,,,,,,,,,
00:03:42.008,,,,,,,,,,,,,,
00:03:41.885,,,,,x3,,,,,,e,,,
00:03:41.768,,,,,,,,,,,,,,
00:03:41.652,,@3,,,,,,,,,,,,
00:03:41.535,,,,,,,,,,,,,,
00:03:41.418,,^3,<3,,,,,,,,,,,
00:03:41.301,,,,,,,,,,,,,,
00:03:41.183,,,$^3,,,,,,,,,,,
00:03:41.065,,,,,,,,,,,,,,
00:03:40.947,,,,,,,,,,,,,,
00:03:40.824,,,,,,,,,,,,,,
00:03:40.700,,,,r3,,,,,,,,,,
00:03:40.577,,,,,,,,,,,,,,
00:03:40.454,,,,,,,,,,,,,,
00:03:40.333,,,,,,,,,,,,,,
00:03:40.212,,,,,x3,,,,,,,,,
00:03:40.091,,,,,,,,,,,,,,
00:03:39.970,,,,,,,,,,,,,,
00:03:39.843,,,,,,,,,,,,,,
00:03:39.717,,x3,,,,,,,,,,,,
00:03:39.590,,,,,,,,,,,,,,
00:03:39.464,,,,,,,,,,,,,,
00:03:39.346,,,,,,,,,,,,,,
00:03:39.228,,,x3,,,,,,,,,,,
00:03:39.110,,,,,,,,,,,,,,
00:03:38.992,,,,,,,,,,,,,,
00:03:38.863,,,,,,,,,,,,,,
00:03:38.735,,,,,x3,,,,,,,,,
00:03:38.607,,,,,,,,,,,,,,
00:03:38.479,,,,,,,,,,,,,,
00:03:38.362,,,,,,,,,,,,,,
00:03:38.245,,,,x3,,,,,,,,,,
00:03:38.129,,,,,,,,,,,,,,
00:03:38.012,,,,,,,,,,,,,,
00:03:37.888,,,,,,,,,,,,,,
00:03:37.763,,,@3,,,,,,,,,,,
00:03:37.639,,,,,,,,,,,,,,
00:03:37.515,,>3,^3,,,,,,,,,,,
00:03:37.394,,,,,,,,,,,,,,
00:03:37.272,,$^3,,,,,,,,,,,,
00:03:37.151,,,,,,,,,,,,,,
00:03:37.030,,,,,,,,,,,,,,
00:03:36.908,,,,,,,,,,,,,,
00:03:36.786,,,,,x3,,,,,,,,,
00:03:36.664,,,,,,,,,,,,,,
00:03:36.542,,,,,,,,,,,,,,
00:03:36.421,,,,,,,,,,,,,,
00:03:36.299,,,,x3,,,,,,,,,,
00:03:36.178,,,,,,,,,,,,,,
00:03:36.057,,,,,,,,,,,,,,
00:03:35.933,,,,,,,,,,,,,,
00:03:35.809,,x3,,,,,,,,,,,,
00:03:35.686,,,,,,,,,,,,,,
00:03:35.562,,,,,,,,,,,,,,
00:03:35.438,,,,,,,,,,,,,,
00:03:35.315,,,x3,,,,,,,,,,,
00:03:35.191,,,,,,,,,,,,,,
00:03:35.067,,,,,,,,,,,,,,
00:03:34.946,,,,,,,,,,,,,,
00:03:34.825,,,,,x3,,,,,,,,,
00:03:34.703,,,,,,,,,,,,,,
00:03:34.582,,,,,,,,,,,,,,
00:03:34.461,,,,,,,,,,,,,,
00:03:34.340,,,,x3,,,,,,,s,,,s
00:03:34.219,,,,,,,,,,,,,,
00:03:34.097,,,,,,,,,,,,,,
00:03:33.974,,x2,,,@1,,,,,,,,,
00:03:33.850,,,,,,,,,,,,,,
00:03:33.726,,,,,,,,,,,,,,
00:03:33.602,,x2,,,,,,,,,,,,
00:03:33.477,,,,,,,,,,,,,,
00:03:33.352,,,,,,,,,,,,,,
00:03:33.227,,,,,,,,,,,,,,
00:03:33.102,,,x2,,,,,,,,,,,
00:03:32.977,,,,,,,,,,,,,,
00:03:32.852,,,,,,,,,,,,,,
00:03:32.727,,,,,,,,,,,,,,
00:03:32.602,,x2,,,,,,,,,,,,
00:03:32.477,,,,,,,,,,,,,,
00:03:32.352,,,,,,,,,,,,,,
00:03:32.227,,,,,,,,,,,,,,
00:03:32.102,,,x2,,,,,,,,,,,
00:03:31.977,,,,,,,,,,,,,,
00:03:31.852,,,,,,,,,,,,,,
00:03:31.727,,,,,,,,,,,,,,
00:03:31.602,,x2,,,,,,,,,,,,
00:03:31.477,,,,,,,,,,,,,,
00:03:31.352,,,,,,,,,,,,,,
00:03:31.227,,,,,,,,,,,,,,
00:03:31.102,,,x2,,,,,,,,,,,
00:03:30.977,,,,,,,,,,,,,,
00:03:30.852,,,,,,,,,,,,,,
00:03:30.727,,,,,,,,,,,,,,
00:03:30.602,,x2,,,,,,,,,,,,
00:03:30.477,,,,,,,,,,,,,,
00:03:30.352,,,,,,,,,,,,,,
00:03:30.227,,,,,,,,,,,,,,
00:03:30.102,,,x2,,,,,,,,,,,
00:03:29.977,,,,,,,,,,,,,,
00:03:29.852,,,,,,,,,,,,,,
00:03:29.727,,,,,,,,,,,,,,
00:03:29.602,,x2,,,,,,,,,,,,
00:03:29.477,,,,,,,,,,,,,,
00:03:29.352,,,,,,,,,,,,,,
00:03:29.227,,,,,,,,,,,,,,e
00:03:29.102,,x2,,,,,,,,,,,,
00:03:28.977,,,,,,,,,,,,,,
00:03:28.852,,,,,,,,,,,,,,
00:03:28.727,,,,,,,,,,,,,,
00:03:28.602,,,x2,,,,,,,,,,,
00:03:28.477,,,,,,,,,,,,,,
00:03:28.352,,,,,,,,,,,,,,
00:03:28.227,,,,,,,,,,,,,,s
00:03:28.102,,x2,,,,,,,,,,,,
00:03:27.977,,,,,,,,,,,,,,
00:03:27.852,,,,,,,,,,,,,,
00:03:27.727,,,,,,,,,,,,,,
00:03:27.602,,x2,,,,,,,,,,,,
00:03:27.477,,,,,,,,,,,,,,
00:03:27.352,,,,,,,,,,,,,,
00:03:27.227,,,,,,,,,,,,,,
00:03:27.102,,,x2,,,,,,,,,,,e
00:03:26.977,,,,,,,,,,,,,,
00:03:26.852,,,,,,,,,,,,,,
00:03:26.727,,,,,,,,,,,,,,
00:03:26.602,,x2,,,,,,,,,,,,s
00:03:26.477,,,,,,,,,,,,,,
00:03:26.352,,,,,,,,,,,,,,
00:03:26.227,,,,,,,,,,,,,,
00:03:26.102,,x2,,,,,,,,,,,,
00:03:25.977,,,,,,,,,,,,,,
00:03:25.852,,,,,,,,,,,,,,
00:03:25.727,,,,,,,,,,,,,,
00:03:25.602,,,x2,,,,,,,,,,,
00:03:25.477,,,,,,,,,,,,,,
00:03:25.352,,,,,,,,,,,,,,
00:03:25.227,,,,,,,,,,,,,,
00:03:25.102,,x2,,,,,,,,,,,,
00:03:24.977,,,,,,,,,,,,,,e
00:03:24.852,,,,,,,,,,,,,,
00:03:24.727,,,,,,,,,,,,,,
00:03:24.602,,,x2,,,,,,,,,,,
00:03:24.477,,,,,,,,,,,,,,
00:03:24.352,,,,,,,,,,,,,,s
00:03:24.227,,,,,,,,,,,,,,
00:03:24.102,,x2,,,,,,,,,,,,
00:03:23.977,,,,,,,,,,,,,,e
00:03:23.852,,,,,,,,,,,,,,
00:03:23.727,,,,,,,,,,,,,,
00:03:23.602,,,x2,,,,,,,,,,,
00:03:23.477,,,,,,,,,,,,,,
00:03:23.352,,,,,,,,,,,,,,
00:03:23.227,,,,,,,,,,,,,,
00:03:23.102,,x2,,,,,,,,,,,,
00:03:22.977,,,,,,,,,,,,,,
00:03:22.852,,,,,,,,,,,,,,s
00:03:22.727,,,,,,,,,,,,,,
00:03:22.602,,,x2,,,,,,,,,,,
00:03:22.477,,,,,,,,,,,,,,
00:03:22.352,,,,,,,,,,,,,,
00:03:22.227,,,,,,,,,,,,,,
00:03:22.102,,x2,,,,,,,,,,,,
00:03:21.977,,,,,,,,,,,,,,
00:03:21.852,,,,,$^1,,,,s,,,,,
00:03:21.727,,,,,,,,,,,,,,
00:03:21.602,,,x2,,,,,,,,,,,
00:03:21.477,,,,,,,,,,,,,,
00:03:21.352,,,,,,,,,,,,,,
00:03:21.227,,,,,,,,,,,,,,
00:03:21.102,,,,x2,,,,,,,,,,
00:03:20.977,,,,,,,,,,,,,,
00:03:20.852,,,,,,,,,,,,,,
00:03:20.727,,,,,,,,,,,,,,
00:03:20.602,,,,,x2,,,,,,,,,
00:03:20.477,,,,,,,,,,,,,,
00:03:20.352,,,,,,,,,,,,,,
00:03:20.227,,,,,,,,,,,,,,
00:03:20.102,,,x2,,,,,,,,,,,
00:03:19.977,,,,,,,,,,,,,,
00:03:19.852,,,,,,,,,,,,,,
00:03:19.727,,,,,,,,,e,,,,,
00:03:19.602,,x2,,,,,,,,,,,,
00:03:19.477,,,,,,,,,,,,,,
00:03:19.352,,,,,,,,,,,,,,
00:03:19.227,,,,,,,,s,,,,,,
00:03:19.102,,,,x2,,,,,,,,,,e
00:03:18.977,,,,,,,,,,,,,,
00:03:18.852,,,,x2,,,,,,,,,,s
00:03:18.727,,,,,,,,,,,,,,
00:03:18.602,,,,,x2,,,,,,,,,
00:03:18.477,,,,,,,,,,,,,,
00:03:18.352,,,,,,,,,,,,,,
00:03:18.227,,,,,,,,e,,,,,,
00:03:18.102,,x2,,,,,,,,,,,,
00:03:17.977,,,,,,,,,,,,,,
00:03:17.852,,,,,,,,,,,,,,
00:03:17.727,,,,,,,,,,,,,,
00:03:17.602,,,x2,,,,,,,,,,,
00:03:17.477,,,,,,,,,,,,,,
00:03:17.352,,,,,,,,s,,,,,,
00:03:17.227,,,,,,,,,,,,,,
00:03:17.102,,,,,x2,,,,,,,,,
00:03:16.977,,,,,,,,,,,,,,
00:03:16.852,,,,,,,,,,,,,,
00:03:16.727,,,,,,,,,,,,,,
00:03:16.602,,x2,,,,,,e,,,,,,
00:03:16.477,,,,,,,,,,,,,,
00:03:16.352,,,,,,,,,s,,,,,
00:03:16.227,,,,,,,,,,,,,,
00:03:16.102,,x2,,,,,,,,,,,,
00:03:15.977,,,,,,,,,,,,,,
00:03:15.852,,,,x2,,,,,,,,,,
00:03:15.727,,,,,,,,,,,,,,
00:03:15.602,,,,,x2,,,,,,,,,
00:03:15.477,,,,,,,,,,,,,,
00:03:15.352,,,,,,,,,,,,,,
00:03:15.227,,,,,,,,s,,,,,,
00:03:15.102,,x2,,,,,,,,,,,,
00:03:14.977,,,,,,,,,,,,,,
00:03:14.852,,,,,,,,,,,,,,
00:03:14.727,,,,,,,,,,,,,,e
00:03:14.602,,,,,x2,,,,,,,,,
00:03:14.477,,,,,,,,,,,,,,
00:03:14.352,,,,,,,,,,,,,,s
00:03:14.227,,,,,,,,e,,,,,,
00:03:14.102,,,x2,,,,,,,,,,,
00:03:13.977,,,,,,,,,,,,,,
00:03:13.852,,,,,,,,,,,,,,
00:03:13.727,,,,,,,,,,,,,,
00:03:13.602,,,,x2,,,,,,,,,,
00:03:13.477,,,,,,,,,,,,,,
00:03:13.352,,,,,,,,,,,,,,
00:03:13.227,,,,,,,,s,e,,,,,
00:03:13.102,,x2,,,,,,,,,,,,
00:03:12.977,,,,,,,,,,,,,,
00:03:12.852,,,,,,,,,,,,,,
00:03:12.727,,,,,,,,,,,,,,e
00:03:12.602,,,,,x2,,,,,,,,,
00:03:12.477,,,,,,,,e,,,,,,
00:03:12.351,,,,,,,,,,,,,,s
00:03:12.226,,,,,,,,,,,,,,
00:03:12.100,,,,x2,,,,,,,,,,
00:03:11.973,,,,,,,,,,,,,,
00:03:11.847,,,,,,,,,,,,,,
00:03:11.720,,,,,,,,,,,,,,
00:03:11.594,,x2,,,,,,,,,,,,
00:03:11.466,,,,,,,,,,,,,,
00:03:11.338,,,,,,,,,,,,,,
00:03:11.211,,,,,,,,s,,,,,,
00:03:11.083,,,,,x2,,,,s,,,,,
00:03:10.962,,,,,,,,,,,,,,
00:03:10.841,,,,,,,,,,,,,,
00:03:10.720,,,,,,,,,,,,,,
00:03:10.599,,,,x2,,,,,,,,,,
00:03:10.472,,,,,,,,,,,,,,
00:03:10.344,,,,,,,,e,,,,,,
00:03:10.217,,,,,,,,,,,,,,
00:03:10.090,,,,,,,,,,,,,,
00:03:09.966,,x2,,,,,,,,,,,,
00:03:09.841,,,,,,,,,,,,,,
00:03:09.717,,,,,,,,,,,,,,
00:03:09.592,,x2,,,,,,,,,,,,
00:03:09.466,,,,,,,,,,,,,,
00:03:09.340,,,,,,,,,,,,,,
00:03:09.215,,,,,,,,s,,,,,,
00:03:09.089,,,,,x2,,,,,,,,,
00:03:08.962,,,,,,,,,,,,,,
00:03:08.835,,,,,,,,,,,,,,
00:03:08.709,,,,,,,,,,,,,,
00:03:08.582,,x2,,,,,,,,,,,,
00:03:08.460,,,,,,,,e,,,,,,
00:03:08.337,,,,,,,,,,,,,,
00:03:08.215,,,,,,,,,,,,,,
00:03:08.093,,,x2,,,,,,,,,,,
00:03:07.969,,,,,,,,,,,,,,
00:03:07.846,,,,x2,,,,,,,,,,
00:03:07.722,,,,,,,,,,,,,,
00:03:07.598,,,,,x2,,,,,,,,,
00:03:07.473,,,,,,,,,,,,,,
00:03:07.347,,,,,,,,,,,,,,
00:03:07.222,,,,,,,,s,,,,,,
00:03:07.097,,,,x2,,,,,,,,,,
00:03:06.966,,,,,,,,,,,,,,
00:03:06.834,,,x2,,,,,,,,,,,
00:03:06.703,,,,,,,,,,,,,,
00:03:06.572,,x2,,,,,,,,,,,,
00:03:06.448,,,,,,,,,,,,,,
00:03:06.323,,,,,,,,,,,,,,
00:03:06.198,,,,,,,,,,,,,,
00:03:06.074,,,,x2,,,,e,,,,,,
00:03:05.950,,,,,,,,,,,,,,
00:03:05.826,,,,,,,,,,,,,,
00:03:05.702,,,,,,,,,e,,,,,
00:03:05.578,,,,,x2,,,,,,,,,
00:03:05.455,,,,,,,,,,,,,,
00:03:05.332,,,,,,,,s,,,,,,
00:03:05.209,,,,,,,,,,,,,,
00:03:05.086,,,x2,,,,,,,,,,,
00:03:04.963,,,,,,,,,,,,,,
00:03:04.840,,,,,,,,,,,,,,
00:03:04.717,,,,,,,,,,,,,,
00:03:04.594,,,,,,,,e,,,,,,
00:03:04.469,,@2,,,@4,,,,,,,,,
00:03:04.345,,,,,,,,,,,,,,
00:03:04.221,,,,,,,,,,,,,,
00:03:04.097,,,,,,,,,s,,,,,
00:03:03.966,,,,,,,,,,,,,,
00:03:03.836,,,,,,,,,,,,,,
00:03:03.706,,,,,,,,,,,,,,
00:03:03.576,,,,,,,,,,,,,,
00:03:03.448,,,,,,,,,,,,,,
00:03:03.321,,$^2,,,$^4,,,,,,,,,
00:03:03.194,,,,,,,s,s,,,,,,
00:03:03.067,,,,,,,,,,,,,,
00:03:02.942,,,,,,,,,,,,,,
00:03:02.817,,,,,,,,,,,,,,
00:03:02.692,,,,,,,,,,,,,,
00:03:02.567,,,,,,,,,,,,,,
00:03:02.444,,,,,,,,,,,,,,
00:03:02.321,,,,,,,,,,,,,,
00:03:02.198,,,,,,,,,,,,,,
00:03:02.075,,,,,,,,,,,,,,
00:03:01.952,,,,,,,,,,,,,,
00:03:01.829,,,,,,,,,,,,,,
00:03:01.706,,,,,,,,,,,,,,
00:03:01.583,,,,,,,,,,,,,,
00:03:01.457,,,,,,,,,,,,,,
00:03:01.331,,,,,,,e,,,,,,,
00:03:01.206,,,,,,,,,,,,,,
00:03:01.080,,x2,,,x2,,,,,,,,,
00:03:00.952,,,,,,,,,,,,,,
00:03:00.824,,,,,,,,,,,,,,
00:03:00.695,,,,,,,,,,,,,,
00:03:00.567,,,,,,,,e,e,,,,,
00:03:00.442,,,,,,,,,,,,,,
00:03:00.316,,,,,,,,,,,,,,
00:03:00.190,,,,,,,,,,,,,,
00:03:00.064,*,l3,#,#,r3,*,,,,,,,,
00:02:59.940,,,,,,,,,,,,,,
00:02:59.816,,,,,,,,,,,,,,
00:02:59.692,,,,,,,,,,,,,,
00:02:59.567,,x2,,,x1,,,,,,,,,
00:02:59.445,,,,,,,,,,,,,,
00:02:59.322,,,,,,,,,,,,,,
00:02:59.200,,,,,,,,,,,,,,
00:02:59.077,,x2,,,x1,,,,,,,,,
00:02:58.961,,,,,,,,,,,,,,
00:02:58.845,,,,,,,,,,,,,,
00:02:58.728,,,,,,,,,,,,,,
00:02:58.612,,x2,,,x1,,,,,,,,,
00:02:58.487,,,,,,,,,,,,,,
00:02:58.362,,,,,,,,,,,,,,
00:02:58.237,,,,,,,,,,,,,,
00:02:58.112,,,,,,,,,,,,,,
00:02:57.987,,,,,,,,,,,,,,
00:02:57.862,,,,,x1,,,,,,,,,
00:02:57.737,,,,,,,,,,,,,,
00:02:57.612,,,,,,,,,,,,,,
00:02:57.487,,,,,,,,,,,,,,
00:02:57.362,,x1,,,,,,,,,,,,
00:02:57.237,,,,,,,,,,,,,,
00:02:57.112,,,,,,,,,,,,,,
00:02:56.987,,,,,,,,,,,,,,
00:02:56.862,,,,,x1,,,,,,,,,
00:02:56.737,,,,,,,,,,,,,,
00:02:56.612,,,,,,,,,,,,,,
00:02:56.489,,,,,,,,,,,,,,
00:02:56.365,,x1,,,,,,,,,,,,
00:02:56.242,,,,,,,,,,,,,,
00:02:56.118,,,,,,,,,,,e,e,e,e
00:02:55.995,,,,,,,,,,,,,,
00:02:55.871,,,,,,,,,,,,,,
00:02:55.748,,,,,,,,,,,,,,
00:02:55.624,,r3,,,l3,,,,,,,,,
00:02:55.498,,,,,,,,,,,,,,
00:02:55.371,,,,,,,,,,,,,,
00:02:55.245,,,,,,,,,,,,,,
00:02:55.118,,,,,,,,,,,,,,
00:02:54.991,,,,,,,,,,,,,,
00:02:54.865,,l3,,,r3,,,,,,,,,
00:02:54.738,,,,,,,,,,,,,,
00:02:54.612,,,,,,,,,,,,,,
00:02:54.487,,,,,,,,,,,,,,
00:02:54.363,,,,,,,,,,,,,,
00:02:54.239,,,,,,,,,,,,,,
00:02:54.115,,r3,,,l3,,,,,,,,,
00:02:53.992,,,,,,,,,,,,,,
00:02:53.869,,,,,,,,,,,,,,
00:02:53.747,,,,,,,,,,,,,,
00:02:53.624,,@3,,,@3,,,,,,,,,
00:02:53.497,,,,,,,,,,,,,,
00:02:53.371,,,,,,,,,,,,,,
00:02:53.244,,,,,,,,,,,,,,
00:02:53.117,,,,,,,,,,,,,,
00:02:52.988,,,,,,,,,,,,,,
00:02:52.860,,,,,,,,,,,,,,
00:02:52.731,,,,,,,,,,,,,,
00:02:52.602,,,,,,,,,,,,,,
00:02:52.467,,,,,,,,,,,,,,
00:02:52.332,,,,,,,,,,,,,,
00:02:52.198,,,,,,,,,,,,,,
00:02:52.063,,$^3,,,$^3,,,,,,,s,s,
00:02:51.940,,,,,,,,,,,,,,
00:02:51.817,,,,,,,,,,,,,,
00:02:51.695,,,,,,,,,,,,,,
00:02:51.572,,x3,,,,,,,,,,,,
00:02:51.451,,,,,,,,,,,,,,
00:02:51.331,,,,,,,,,,,,,,
00:02:51.210,,,,,,,,,,,,,,
00:02:51.089,,,,,,,,,,,,,,
00:02:50.960,,,,,,,,,,,,,,
00:02:50.831,,,,,l3,,,,,,,,,
00:02:50.702,,,,,,,,,,,,,,
00:02:50.573,,,,,,,,,,,,,,
00:02:50.447,,,,,,,,,,,,,,
00:02:50.321,,,,,x3,,,,,,,,,
00:02:50.194,,,,,,,,,,,,,,
00:02:50.068,,,,,,,,,,,,,,
00:02:49.940,,,,,,,,,,,,,,
00:02:49.813,,x3,,,,,,,,,,,,
00:02:49.685,,,,,,,,,,,,,,
00:02:49.557,,,,,,,,,,,,,,
00:02:49.428,,,,,,,,,,,,,,
00:02:49.298,,,,,,,,,,,,,,
00:02:49.168,,,,,,,,,,,,,,
00:02:49.038,,,,,l3,,,,,,,,,
00:02:48.910,,,,,,,,,,,,,,
00:02:48.782,,,,,,,,,,,,,,
00:02:48.653,,,,,,,,,,,,,,
00:02:48.525,,,,,r3,,,,,,s,,,
00:02:48.398,,,,,,,,,,,,,,
00:02:48.271,,x3,,,,,,,,,,,,
00:02:48.144,,,,,,,,,,,,,,
00:02:48.017,,,,,,,,,,,,,,
00:02:47.891,,,,,,,,,,,,,,
00:02:47.766,,x3,,,,,,,,,,,,
00:02:47.640,,,,,,,,,,,,,,
00:02:47.514,,,,,,,,,,,,,,
00:02:47.388,,,,,,,,,,,,,,
00:02:47.261,,,,,x3,,,,,,,,,
00:02:47.135,,,,,,,,,,,,,,
00:02:47.008,,,,,,,,,,,,,,
00:02:46.880,,,,,,,,,,,,,,
00:02:46.752,,x3,,,,,,,,,,,,
00:02:46.623,,,,,,,,,,,,,,
00:02:46.495,,,,,,,,,,,,,,
00:02:46.367,,,,,,,,,,,,,,
00:02:46.239,,x3,,,,,,,,,,,,
00:02:46.111,,,,,,,,,,,,,,
00:02:45.982,,,,,,,,,,,,,,
00:02:45.856,,,,,,,,,,,,,,
00:02:45.729,,,,,l3,,,,,,,,,
00:02:45.603,,,,,,,,,,,,,,
00:02:45.476,,,,,,,,,,,,,,
00:02:45.350,,,,,,,,,,,,,,
00:02:45.223,,x3,,,,,,,,,,,,
00:02:45.097,,,,,,,,,,,,,,
00:02:44.971,,,,,,,,,,,,,,
00:02:44.842,,,,,,,,,,,,,,
00:02:44.713,,,,,l3,,,,,,,,,
00:02:44.584,,,,,,,,,,,,,,
00:02:44.455,,,,,,,,,,,,,,
00:02:44.329,,,,,,,,,,,,,,
00:02:44.202,,x3,,,,,,,,,,,,
00:02:44.076,,,,,,,,,,,,,,
00:02:43.950,,,,,,,,,,,e,e,e,
00:02:43.832,,,,,,,,,,,,,,
00:02:43.714,,,,,,,,,,,,,,
00:02:43.596,,,,,,,,,,,,,,
00:02:43.478,,,,,,,,,,,,,,
00:02:43.356,,,,,,,,,,,,,,
00:02:43.233,,,,,,,,,,,,,,
00:02:43.111,,,,,,,,,,,,,,
00:02:42.989,*,r3,*,*,l3,*,,,,,,,,
00:02:42.867,,,,,,,,,,,,,,
00:02:42.745,,,,,,,,,,,,,,
00:02:42.623,,,,,,,,,,,,,,
00:02:42.501,,,x3,x3,,,,,,,s,s,s,
00:02:42.381,,,,,,,,,,,,,,
00:02:42.261,,,,,,,,,,,,,,
00:02:42.142,,@3,,,@3,,,,,,,,,
00:02:42.022,,,,,,,,,,,,,,
00:02:41.897,,,,,,,,,,,,,,
00:02:41.772,,,,,,,,,,,,,,
00:02:41.647,,,,,,,,,,,,,,
00:02:41.522,,,,,,,,,,,,,,
00:02:41.397,,,,,,,,,,,,,,
00:02:41.272,,$^3,,,$^3,,,,,,,,,s
00:02:41.147,,,,,,,,,,,,,,
00:02:41.022,,,,,,,,,,,,,,
00:02:40.897,,,,,,,,,,,,,,
00:02:40.772,,,,,,,,,,,,,,
00:02:40.647,,,,,,,,,,,,,,
00:02:40.522,,,,,,,,,,,,,,
00:02:40.398,,,,,,,,,,,,,,
00:02:40.274,,,,,,,,,,,,,,e
00:02:40.150,,,,,,,,,,,,,,
00:02:40.026,,@3,,,,,,s,,,,,,
00:02:39.904,,,,,,,,,,,,,,
00:02:39.783,,,,,,,,,,,,,,
00:02:39.661,,,,,,,,,,,,,,
00:02:39.539,,,,,,,,,,,,,,
00:02:39.419,,,,,,,,,,,,,,
00:02:39.299,,^3,<3,,  ,,,,,,,,,
00:02:39.179,,,,,,,,,,,,,,
00:02:39.059,,,$^3,,,,,,,,,,,
00:02:38.937,,,,,,,,,,,,,,
00:02:38.815,,,,,,,,,,,,,,
00:02:38.693,,,,,,,,,,,,,,
00:02:38.571,,r3,,,,,,e,,,,,,
00:02:38.446,,,,,,,,,,,,,,
00:02:38.321,,,,,,,,,,,,,,
00:02:38.196,,,,,,,,,,,,,,
00:02:38.071,,,,,,,,,,,,,,
00:02:37.949,,,,,,,,,,,,,,
00:02:37.826,,,,,@3,,,,,,,,,
00:02:37.704,,,,,,,,,,,,,,
00:02:37.582,,,,,,,,,,,,,,
00:02:37.455,,,,,,,,,,,,,,
00:02:37.329,,,,,,,,,,,,,,
00:02:37.202,,,,,,,,,,,,,,
00:02:37.076,,,,,$^3,,,,,,,,,
00:02:36.960,,,,,,,,,,,,,,
00:02:36.844,,,,,,,,,,,,,,
00:02:36.728,,,,,,,,,,,,,,
00:02:36.612,,x3,,,,,,,,,,,,
00:02:36.488,,,,,,,,,,,,,,
00:02:36.365,,,,,,,,,,,,,,
00:02:36.241,,,,,,,,,,,,,,
00:02:36.117,,,,,,,,,,,e,,,
00:02:35.995,,,,,,,,,,,,,,
00:02:35.874,,,,,@3,,,,,,,,,
00:02:35.752,,,,,,,,,,,,,,
00:02:35.631,,,,,,,,,,,,,,
00:02:35.513,,,,,,,,,,,,,,
00:02:35.395,,,,,$^3,,,,,,,,,
00:02:35.278,,,,,,,,,,,,,,
00:02:35.160,,,,x3,,,,,,,,,,
00:02:35.039,,,,,,,,,,,,,,
00:02:34.917,,,,,,,,,,,,,,
00:02:34.796,,,,,,,,,,,,,,
00:02:34.675,,,x3,,,,,,,,,,,
00:02:34.553,,,,,,,,,,,,,,
00:02:34.432,,,,,,,,,,,,,,
00:02:34.310,,,,,,,,,,,,,,
00:02:34.189,,x3,,,,,,,,,s,,,
00:02:34.068,,,,,,,,,,,,,,
00:02:33.948,,,,,,,,s,,,,,,
00:02:33.828,,,,,,,,,,,,,,
00:02:33.708,,,,,x3,,,,,,,,,
00:02:33.583,,,,,,,,,,,,,,
00:02:33.458,,x3,,,,,,,,,,,,s
00:02:33.334,,,,,,,,,,,,,,
00:02:33.209,,,,,,,,,,,,,,
00:02:33.082,,,,,,,,,,,,,,
00:02:32.955,,,,,,,,,,,,,,e
00:02:32.828,,,,,,,,,,,,,,
00:02:32.702,,,,,,,,,,,,,,
00:02:32.581,,,,,,,,e,,,,,,
00:02:32.460,,,,,,,,,,,,,,
00:02:32.339,,,,,,,,,,,,,,
00:02:32.218,,,,,,,,,,,,,,
00:02:32.093,,,,,,,,,,,,,,
00:02:31.968,,,,,,,,,,,,,,
00:02:31.843,,,,,,,,,,,,,,
00:02:31.718,,,,,r3,,,,,,,,,
00:02:31.602,,,,,,,,,,,,,,
00:02:31.485,,,,,,,,,,,,,,
00:02:31.369,,,@3,,,,,,,,,,,
00:02:31.252,,,,,,,,,,,,,,
00:02:31.124,,,,,,,,,,,,,,
00:02:30.996,,>3,^3,,,,,,,,,,,
00:02:30.868,,,,,,,,,,,,,,
00:02:30.740,,$^3,,,,,,,,,,,,
00:02:30.621,,,,,,,,,,,,,,
00:02:30.501,,,,,,,,,,,,,,
00:02:30.381,,,,,,,,,,,,,,
00:02:30.261,,,l3,,,,,,,,,,,
00:02:30.136,,,,,,,,,,,,,,
00:02:30.012,,,,,,,,,,,,,,
00:02:29.887,,,,,@3,,,,,,,,,
00:02:29.762,,,,,,,,,,,,,,
00:02:29.638,,,,,,,,,,,,,,
00:02:29.514,,,,,,,,s,,,,,,
00:02:29.389,,,,,,,,,,,,,,
00:02:29.265,,,,,,,,,,,,,,
00:02:29.140,,,,,,,,,,,,,,
00:02:29.016,,,@1,,$^3,,,e,,,,,,
00:02:28.891,,,,,,,,,,,,,,
00:02:28.767,,,,,,,,,,,,,,
00:02:28.643,,,,,,,,,,,,,,
00:02:28.520,,,,x3,,,,,,,,,,
00:02:28.396,,,,,,,,,,,,,,
00:02:28.273,,,,,x3,,,,,,,,,
00:02:28.152,,,,,,,,,,,,,,
00:02:28.031,,,,,,,,,,,,,,
00:02:27.911,,,,,,,,,,,e,e,e,
00:02:27.790,,,,,,,,,,,,,,
00:02:27.667,,,,,,,,,,,,,,
00:02:27.545,,,,,,,,s,,,,,,
00:02:27.422,,,,,,,,,,,,,,
00:02:27.300,,,,,l3,,,,,,,,,
00:02:27.179,,,,,,,,,,,,,,
00:02:27.058,,,,,,,,,,,,,,
00:02:26.936,,,,,,,,,,,,,,
00:02:26.815,,,,x3,,,,,,,s,s,s,s
00:02:26.690,,,,,,,,,,,,,,
00:02:26.565,,,,,,,,,,,,,,
00:02:26.440,,,,,,,,,,,,,,
00:02:26.315,,,$^1,,,,,,,,,,,
00:02:26.190,,,,,,,,,,,,,,
00:02:26.065,,,,,,,,,,,,,,
00:02:25.940,,,,,,,,,,,,,,
00:02:25.815,,r1,,,,,,,,,,,,
00:02:25.691,,,,,,,,,,,,,,
00:02:25.649,,,,,,,,,,,,,,
00:02:25.566,,,,,,,,,,,,,,
00:02:25.483,,,,,x1,,,,,,,,,
00:02:25.442,,,,,,,,,,,,,,
00:02:25.317,,,,,,,,,,,,,,
00:02:25.196,,,,,,,,,,,,,,
00:02:25.156,,,,x1,,,,,,,,,,
00:02:25.075,,,,,,,,,,,,,,
00:02:24.994,,,,,,,,,,,,,,
00:02:24.954,,,,,,,,,,,,,,
00:02:24.833,,,x1,,,,,e,,,,,,
00:02:24.709,,,,,,,,,,,,,,
00:02:24.668,,,,,,,,,,,,,,
00:02:24.586,,,,,,,,,,,,,,
00:02:24.462,,x1,,,,,,,,,,,,
00:02:24.339,,,,,,,,,,,,,,
00:02:24.214,,,,,,,,,,,,,,
00:02:24.089,,,,,,,,,,,,,,
00:02:23.964,,,,,,,,,,,,,,
00:02:23.840,,,,,,,,,,,,,,
00:02:23.723,,,,,@1,,,,,,,,,
00:02:23.607,,,,,,,,,,,,,,
00:02:23.490,,,,,,,,,,,,,,
00:02:23.374,,,,>1,^1,,,,,,,,,
00:02:23.289,,,,,,,,,,,,,,
00:02:23.246,,,,,,,,,,,,,,
00:02:23.203,,,,$^1,,,,,,,,,,
00:02:23.117,,,,,,,,,,,,,,
00:02:22.989,,,,,,,,,,,,,,
00:02:22.860,,,,,,,,,,,,,,
00:02:22.738,,,,,,,,,,,,,,
00:02:22.617,,r1,,,,,,,,,,,,
00:02:22.495,,,,,,,,,,,,,,
00:02:22.373,,,,,,,,,,,,,,
00:02:22.248,,,,,@1,,,,,,,,,
00:02:22.124,,,,,,,,,,,,,,
00:02:22.000,,,,,,,,,,,,,,
00:02:21.875,,,,,,,,,,,,,,
00:02:21.755,,,,,,,,,,,,,,
00:02:21.634,,,,,,,,,,,,,,
00:02:21.514,,,,,,,,,,,,,,
00:02:21.393,,,,,,,,,,,,,,
00:02:21.274,,,,,,,,,,,,,,
00:02:21.155,,,,,$^1,,,,,,,,,
00:02:21.035,,,,,,,,,,,,,,
00:02:20.916,,,,,,,,,,,,,,
00:02:20.792,,,,,,,,,,,,,,
00:02:20.668,,,,,,,,,,,,,,e
00:02:20.544,,,,,,,,,,,,,,
00:02:20.420,,,,,,,,,,,,,,
00:02:20.293,,,,,,,,,,,,,,
00:02:20.166,,,,,,,,,,,,,,
00:02:20.039,,,,,,,,,,,,,,
00:02:19.912,*,r3,#,#,l3,*,,s,,,,,,
00:02:19.789,,,,,,,,,,,,,,
00:02:19.667,,,, ,,,,,,,,,,
00:02:19.544,,,,,,,,,,,,,,
00:02:19.421,,,,,,,,,,,,,,
00:02:19.298,,,,,,,,,,,,,,
00:02:19.175,,,,,,,,,,,,,,
00:02:19.052,,,,,,,,,,,,,,
00:02:18.929,,@3,,,@3,,,,,,,,,
00:02:18.805,,,,,,,,,,,,,,
00:02:18.682,,,,,,,,,,,,,,
00:02:18.558,,,,,,,,,,,,,,
00:02:18.435,,,,,,,,,,,,,,
00:02:18.311,,,,,,,,,,,,,,
00:02:18.186,,,,,,,,,,,,,,
00:02:18.062,,,,,,,,,,,,,,
00:02:17.937,,,,,,,,,,,,,,
00:02:17.812,,,,,,,,,,,,,,
00:02:17.687,,,,,,,,,,,,,,
00:02:17.562,,,,,,,,,,,,,,
00:02:17.437,,,,,,,,,,,,,,
00:02:17.312,,,,,,,,,,,,,,
00:02:17.187,,,,,,,,,,,,,,
00:02:17.062,,,,,,,,,,,,,,
00:02:16.937,,,,,,,,,,,,,,
00:02:16.812,,,,,,,,,,,,,,
00:02:16.687,,,,,,,,,,,,,,
00:02:16.562,,,,,,,,,,,,,,
00:02:16.437,,$^3,,,$^3,,,,s,,,,,
00:02:16.312,,,,,,,,,,,,,,
00:02:16.187,,,,,,,,,,,,,,
00:02:16.062,,,,,,,,,,,,,,
00:02:15.937,,,x3,,,,,,,,,,,
00:02:15.812,,,,,,,,,,,,,,
00:02:15.687,,,,,,,,,,,,,,
00:02:15.562,,,,,,,,,,,,,,
00:02:15.437,,,,,x3,,,,,,,,,
00:02:15.312,,,,,,,,,,,,,,
00:02:15.187,,,,x3,,,,,,,,,,
00:02:15.062,,,,,,,,,,,,,,
00:02:14.937,,,,,,,,,,,,,,
00:02:14.808,,x3,,,,,,,,,,,,
00:02:14.678,,,,,,,,,,,,,,
00:02:14.549,,,,,,,,,,,,,,
00:02:14.420,,x3,,,,,,,,,,,,
00:02:14.297,,,,,,,,,,,,,,
00:02:14.175,,,,,,,,,,,,,,
00:02:14.053,,,,@3,,,,,,,,,,
00:02:13.931,,,,,,,,,,,,,,
00:02:13.805,,,,,,,,,,,,,,
00:02:13.679,,,,,,,,,,,,,,
00:02:13.554,,,,,,,,,,,,,,
00:02:13.428,,,,$^3,,,,,,,,,,
00:02:13.303,,,,,,,,,,,,,,
00:02:13.177,,,,,,,,,,,,,,
00:02:13.052,,,,,,,,,,,,,,
00:02:12.926,,,,,,,,,,,,,,
00:02:12.804,,,,,,,,,,,,,,
00:02:12.681,,,,,x3,,,,,,,,,
00:02:12.559,,,,,,,,,,,,,,
00:02:12.437,,,,,,,,,,,,,,
00:02:12.312,,,,,,,,,,,,,,
00:02:12.187,,,,x3,,,,,,,,,e,
00:02:12.061,,,,,,,,,,,,,,
00:02:11.936,,,,,x3,,,,,,,,,
00:02:11.811,,,,,,,,,,,,,,
00:02:11.685,,,,,,,,,,,,,,s
00:02:11.559,,,,,,,,,,,,,,
00:02:11.434,,,,,,,,,,,,,,
00:02:11.305,,x1,,,,,,,,,,,,
00:02:11.176,,,,,,,,,,,,,,
00:02:11.048,,,,,,,,,,,,,,
00:02:10.919,x1,,,,,,,,,,,,,
00:02:10.796,,,,,,,,,,,,,,
00:02:10.672,,,,,,,,,,,,,,
00:02:10.549,,,,,,,,,,,,,,
00:02:10.508,x1,,,,,,,,,,,,,
00:02:10.425,,,,,,,,,,,,,,
00:02:10.341,,,,,,,,,,,,,,
00:02:10.299,,,,,,,,,,,,,,
00:02:10.172,,,,,,,,,,,,,,
00:02:10.046,,,,,,,,,,,,,,
00:02:09.920,,@1,,,,,,,,,,,,
00:02:09.796,,,,,,,,,,,,,,
00:02:09.672,,,,,,,,,,,,,,
00:02:09.548,,,,,,,,,,,,,,
00:02:09.425,,,,,,,,,,,,,,
00:02:09.299,,$^1,,,,,,,,,,,,
00:02:09.173,,,,,,,,,,,,,,
00:02:09.047,,,,,,,,,,,,,,
00:02:08.921,,,x1,,,,,,,,,,,
00:02:08.800,,,,,,,,,,,,,,
00:02:08.680,,,,,,,,,,,,,,e
00:02:08.559,,,,,,,,,,,,,,
00:02:08.519,,,x1,,,,,,,,,,,
00:02:08.439,,,,,,,,,,,,,,
00:02:08.358,,,,,,,,,,,,,,
00:02:08.317,,,,,,,,,,,,,,
00:02:08.196,,,,,,,s,,,,,,s,
00:02:08.074,,,,,,,,,,,,,,
00:02:07.953,,,,,,,,,,,,,,
00:02:07.837,,,,,,,,,,,,,,
00:02:07.720,,@1,,,@3,,,,,,,,,
00:02:07.604,,,,,,,,,,,,,,
00:02:07.488,,,,,,,,,,,,,,
00:02:07.378,,,,,,,,,,,,,,
00:02:07.268,,,,,$^3,,,,,,,,,
00:02:07.157,,,,,,,,,,,,,,
00:02:07.047,,,,,,,,,,,,,,
00:02:06.925,,,,,,,,,,,,,,
00:02:06.803,,,,,,x3,,,,,,,,
00:02:06.681,,,,,,,,,,,,,,
00:02:06.559,,,,,,,,,,,,,,
00:02:06.435,,,,,,,,,,,,,,
00:02:06.311,,,,,,,,,,,,,,
00:02:06.187,,,,,x3,,,,,,,,,
00:02:06.063,,,,,,,,,,,,,,
00:02:05.937,,,,@3,,,,,,,,,,
00:02:05.812,,,,,,,,,,,,,,
00:02:05.686,,,,,,,,,,,,,,
00:02:05.561,,,,,,,,,,,,,,
00:02:05.441,,,,,,,,,,,,,,
00:02:05.322,,,,$^3,,,,,,,,,,
00:02:05.202,,,,,,,,,,,,,,
00:02:05.083,,,,,,,,,,,,,,
00:02:04.966,,,,,,,,,,,,,,
00:02:04.850,,,,,x3,,,,,,,,,
00:02:04.733,,,,,,,,,,,,,,
00:02:04.616,,,,x3,,,,,,,,,,
00:02:04.487,,,,,,,,,,,,,,
00:02:04.357,,,,,,,,,,,,,,
00:02:04.228,,,,,,,,,,,,,,
00:02:04.099,,,,,@3,,,,,,,,,
00:02:03.975,,,,,,,,,,,,,,
00:02:03.851,,,,,,,,,,,,,,
00:02:03.728,,,,,,,,,,,,,,
00:02:03.604,,,,,,,,,,,,,,
00:02:03.486,,,,,,,,,,,,,,
00:02:03.368,,,,,,,,,,,,,,
00:02:03.251,,,,,,,,,,,,,,
00:02:03.212,,,,,,,,,,,,,,
00:02:03.133,,,,,,,,,,,,,,
00:02:03.050,,,,,$^3,,,,,,,,,
00:02:03.009,,,,,,,,,,,,,,
00:02:02.884,,,,,,,,,,,,,,
00:02:02.760,,,,,,x3,,,,,,,,
00:02:02.635,,,,,,,,,,,,,,
00:02:02.508,,,,,,,,,,,,,,
00:02:02.382,,,,,x3,,,,,,,,,
00:02:02.255,,,,,,,,,,,,,,
00:02:02.129,,,,,,,,,,,,,,
00:02:02.005,,,,,,,,,,,,,,
00:02:01.882,,,,,,,,,,,,,,
00:02:01.758,,,,,,,,,,,,,,
00:02:01.635,,,,,x3,,,,,,,,,
00:02:01.517,,,,,,,,,,,,,,
00:02:01.399,,,,,,,,,,,,,,
00:02:01.280,,,,,,,,,,,,,,
00:02:01.162,,,,,,@3,,,,,,,,
00:02:01.036,,,,,,,,,,,,,,
00:02:00.910,,,,,,,,,e,,,,,
00:02:00.783,,,,,,,,,,,,,,
00:02:00.657,,,,,,,,,,,,,,
00:02:00.530,,,,,,,,,,,,,,
00:02:00.403,,,,,,,,,,,,,,
00:02:00.276,,,,,,,,,,,,,,
00:02:00.149,,$^1,,,>3,^3,,,s,,,,,
00:02:00.020,,,,,,,,,,,,,,
00:01:59.891,,,,,,,,,,,,,,
00:01:59.762,,,,,,,,,,,,,,
00:01:59.633,,,,,,,,,,,,,,
00:01:59.510,,,,,,,,,,,,,,
00:01:59.388,,,,,,,,,,,,,,
00:01:59.266,,,,>3,^3,,,,,,,,,
00:01:59.144,,,,,,,,,,,,,,
00:01:59.024,,,,$^3,,,,,,,,,,
00:01:58.903,,,,,,,,,,,,,,
00:01:58.783,,,,,,,,,,,,,,
00:01:58.663,,,,,,,,,,,,,,
00:01:58.538,,,,,@3,,,,,,,,,
00:01:58.413,,,,,,,,,,,,,,
00:01:58.288,,,,,,,,,,,,,,
00:01:58.163,,,,,,,,,,,,,,
00:01:58.031,,,,,,,,,,,,,,
00:01:57.986,,,,,$^3,,,,,,,,,
00:01:57.898,,,,,,,,,,,,,,
00:01:57.766,,,,x3,,,,,,,,,,s
00:01:57.633,,,,,,,,,,,,,,
00:01:57.510,,,,,,,,,,,,,,
00:01:57.388,,,,,,,,,,,,,,e
00:01:57.265,,,,,,,,,,,,,,
00:01:57.142,,,,,,,,,,,,,,
00:01:57.014,,,,,,,,,,,,,,
00:01:56.886,,,@3,,,,,,,,,,,
00:01:56.758,,,,,,,,,,,,,,
00:01:56.630,,,,,,,,,,,,,,
00:01:56.508,,,,,,,,,,,,,,
00:01:56.386,,,$^3,,,,,,,,,,,
00:01:56.265,,,,,,,,,,,,,,
00:01:56.143,,,,,,,,,,,,,,
00:01:56.012,,,,,,,,,,,,,,
00:01:55.882,,x3,,,,,,,,,,,,
00:01:55.751,,,,,,,,,,,,,,
00:01:55.620,,,,,,,,,,,,,,
00:01:55.501,,,,,,,,,,,,,,
00:01:55.383,,,x3,,,,,,,,,,,
00:01:55.264,,,,,,,,,,,,,,
00:01:55.146,,,,,,,,,,,,,,
00:01:55.016,,,,,@3,,,,,,,,,
00:01:54.886,,,,,,,,,,,,,,
00:01:54.756,,,,,,,,,,,,,,
00:01:54.627,,,,,,,,,,,,,,
00:01:54.504,,,,,,,,,,,,,,
00:01:54.381,,,,,,,,,,,,,,
00:01:54.259,,,,,,,,,,,,,,
00:01:54.218,,,,,$^3,,,,,,,,,
00:01:54.136,,,,,,,,,,,,,,
00:01:54.008,,,,,,,,,,,,,,
00:01:53.965,,x3,,,,,,,,,,,,
00:01:53.880,,,,,,,,,,,,,,
00:01:53.752,,,,,,,,,,,,,,
00:01:53.709,,,x3,,,,,,,,,,,
00:01:53.624,,,,,,,,,,,,,,
00:01:53.497,,,,@3,,,,,,,,,,
00:01:53.371,,,,,,,,e,,,,,,
00:01:53.244,,,,,,,,,,,,,,
00:01:53.118,,,,,,,,,e,,,,,
00:01:52.993,,,,,,,,,,,,,,
00:01:52.868,,,,$^3,,,,,,,,,,s
00:01:52.742,,,,,,,e,,,,,,,
00:01:52.617,,r1,,,,,,,,,,,,
00:01:52.496,,,,,,,,,,,,,,
00:01:52.374,,,,,,,,,,,,,,
00:01:52.252,,,,,,,,,,,,,,
00:01:52.131,,,,,,,,,,,,,,
00:01:52.010,,,,,,,,,,,,,,
00:01:51.889,,x2,,,x1,,,,,,,,,
00:01:51.768,,,,,,,,,,,,,,
00:01:51.648,,,,,,,,,,,,,,
00:01:51.522,,,,,,,,,,,,,,
00:01:51.396,,x2,,,x1,,,,,,e,e,e,e
00:01:51.270,,,,,,,,,,,,,,
00:01:51.144,,,,,,,,,,,,,,
00:01:51.019,,,,,,,,,,,,,,
00:01:50.894,,x2,,,x1,,,,,,,,,
00:01:50.769,,,,,,,,,,,,,,
00:01:50.644,,,,,,,,,,,,,,
00:01:50.519,,,,,,,,,,,,,,
00:01:50.394,,,,,l3,,,,,,,,,
00:01:50.269,,,,,,,,,,,,,,
00:01:50.144,,,,x3,,,,,,,s,s,s,s
00:01:50.019,,,,,,,,,,,,,,
00:01:49.893,,,,,,,,,,,e,e,e,e
00:01:49.768,,,,,,,,,,,,,,
00:01:49.642,,,,,,,,,,,,,,
00:01:49.516,,,,,,,,,,,,,,
00:01:49.389,,r3,,,,,,,,,,,,
00:01:49.263,,,,,,,,,,,,,,
00:01:49.136,,,x3,,,,,,,,s,s,s,s
00:01:49.013,,,,,,,,,,,,,,
00:01:48.890,,,,,,,,,,,e,e,e,e
00:01:48.767,,,,,,,,,,,,,,
00:01:48.644,,,,,,,,,,,,,,
00:01:48.521,,,,,,,,,,,,,,
00:01:48.398,,,,,l3,,,,,,,,,
00:01:48.275,,,,,,,,,,,,,,
00:01:48.152,,,,x3,,,,,,,,,,
00:01:48.025,,,,,,,,,,,,,,
00:01:47.898,,,,,,,,,,,,,,
00:01:47.770,,,,,,,,,,,,,,
00:01:47.643,,r3,,,,,,,,,,,,
00:01:47.516,,,,,,,,,,,,,,
00:01:47.389,,,,,,,,,,,,,,
00:01:47.262,,,,,,,,,,,,,,
00:01:47.135,,,l3,,,,,,,,,,,
00:01:47.010,,,,,,,,,,,,,,
00:01:46.886,,,,,,,,,,,,,,
00:01:46.761,,,,,,,,,,,,,,
00:01:46.637,,,,r3,,,,,,,,,,
00:01:46.512,,,,,,,,,,,,,,
00:01:46.387,,,,,,,,,,,,,,
00:01:46.262,,,,,,,,,,,,,,
00:01:46.137,,,,,l3,,,,,,,,,
00:01:46.009,,,,,,,,,,,,,,
00:01:45.880,,,,,,,,,,,,,,
00:01:45.752,,,,,,,,,,,,,,
00:01:45.624,,,,,,l3,,,,,s,s,s,s
00:01:45.496,,,,,,,,,,,,,,
00:01:45.367,,,,,,,,,,,,,,
00:01:45.239,,,,,,,,,,,,,,
00:01:45.111,,,,,,,,,,,,,,
00:01:44.982,,,,,,,,,,,,,,
00:01:44.853,,,,,,,,,,,e,,,e
00:01:44.724,,,,,,,,,,,,,,
00:01:44.595,,,,,,,,,,,,,,
00:01:44.471,,,,,,,,,,,,,,
00:01:44.347,,,,,,x3,,,,,,,,
00:01:44.223,,,,,,,,,,,,,,
00:01:44.099,,,,,x3,,,,,,,,,
00:01:43.975,,,,,,,,,,,,,,
00:01:43.852,,,,x3,,,,,,,,,,
00:01:43.729,,,,,,,,,,,,,,
00:01:43.605,,,,,,,,,,,,,,
00:01:43.477,,,,,,,,,,,,,,
00:01:43.348,,r3,,,,,,,,,,,,
00:01:43.219,,,,,,,,,,,,,,
00:01:43.090,,,,,,,,,,,,,,
00:01:42.965,,,,,,,,,,,,,,
00:01:42.840,,,l3,,,,,,,,,,,
00:01:42.715,,,,,,,,,,,,,,
00:01:42.590,,,,,,,,,,,,,,
00:01:42.465,,,,,,,,,,,,,,
00:01:42.339,x3,,,,,,,,,,,,,
00:01:42.214,,,,,,,,,,,,,,
00:01:42.088,,,,,,,,,,,,,,
00:01:41.962,,,,,,,,,,,,,,
00:01:41.835,,,x3,,,,,,,,,,,
00:01:41.708,,,,,,,,,,,,,,
00:01:41.582,,,,,,,,,,,,,,
00:01:41.455,,,,,,,,,,,,,,
00:01:41.328,,,,,,x3,,,,,,,,
00:01:41.201,,,,,,,,,,,,,,
00:01:41.073,,,,,,,,,,,,,,
00:01:40.946,,,,,,,,,,,,,,
00:01:40.819,,,,x3,,,,,,,,,,
00:01:40.692,,,,,,,,,,,,,,
00:01:40.565,,,,,,,,,,,,,,
00:01:40.438,,,,,,,,,,,,,,
00:01:40.311,x3,,,,,,,,,,,,,
00:01:40.184,,,,,,,,,,,,,,
00:01:40.058,,x3,,,,,,,,,,,,
00:01:39.931,,,,,,,,,,,,,,
00:01:39.805,,,x3,,,,,,,,,,,
00:01:39.679,,,,,,,,,,,,,,
00:01:39.552,,,,,,,,,,,,,,
00:01:39.427,,,,,,,,,,,,,,
00:01:39.301,,,,x3,,,,,,,,,,
00:01:39.175,,,,,,,,,,,,,,
00:01:39.049,,,,,,,,,,,,,,
00:01:38.924,,,,,,,,,,,,,,
00:01:38.799,,,,,r3,,,,,,,,,
00:01:38.673,,,,,,,,,,,,,,
00:01:38.548,,,,,,,,,,,,,,
00:01:38.423,,,,,,,,,,,,,,
00:01:38.298,x3,,,,,,,,,,,,,
00:01:38.173,,,,,,,,,,,,,,
00:01:38.048,,,,,,,,,,,,,,
00:01:37.923,,,,,,,,,,,,,,
00:01:37.798,,,x3,,,,,,,,,,,
00:01:37.673,,,,,,,,,,,,,,
00:01:37.548,,,,,,,,,,,,,,
00:01:37.423,,,,,,,,,,,,,,
00:01:37.298,,,,,,x3,,,,,,,,
00:01:37.173,,,,,,,,,,,,,,
00:01:37.048,,,,,,,,,,,,,,
00:01:36.924,,,,,,,,,,,,,,
00:01:36.799,,,,x3,,,,,,,s,,,s
00:01:36.675,,,,,,,,,,,,,,
00:01:36.550,,,,,,,,,,,,,,
00:01:36.427,,,,,,,,,,,,,,
00:01:36.303,,,,,,,,,,,,,,
00:01:36.180,,,,,,,,,,,e,e,e,e
00:01:36.056,,,,,,,,,,,,,,
00:01:35.934,,,,,,,,,,,,,,
00:01:35.811,,,,,,,,,,,,,,
00:01:35.689,,,,,,,,,,,,,,
00:01:35.567,#,l3,#,#,r3,#,,,,,,,,
00:01:35.440,,,,,,,,,,,,,,
00:01:35.314,,,,,,,,,,,,,,
00:01:35.188,,,,,,,,,,,,,,
00:01:35.062,,l3,,,r3,,,,,,,,,
00:01:34.938,,,,,,,,,,,,,,
00:01:34.813,,,,,,,,,,,,,,
00:01:34.688,,,,,,,,,,,,,,
00:01:34.564,,r1,,,l3,,,,,,,,,
00:01:34.442,,,,,,,,,,,,,,
00:01:34.320,,,,,,,,,,,,,,
00:01:34.198,,,,,,,,,,,,,,
00:01:34.076,,x3,,,x3,,,,,,s,s,s,
00:01:33.951,,,,,,,,,,,,,,
00:01:33.826,,,,x3,,,,,,,,,,
00:01:33.701,,,,,,,,,,,,,,
00:01:33.576,,x3,,,,,,,,,,,,
00:01:33.451,,,,,,,,,,,,,,
00:01:33.326,,,,x3,,,,,,,,,,
00:01:33.201,,,,,,,,,,,,,,
00:01:33.076,,x3,,,,,,,,,,,,s
00:01:32.951,,,,,,,,,,,,,,
00:01:32.826,,,,,,,,,,,,,,
00:01:32.701,,,,,,,,,,,,,,
00:01:32.576,,,,,,,,,,,,,,e
00:01:32.451,,,,,,,,,,,,,,
00:01:32.326,,,,,@3,,,,,,,,,
00:01:32.201,,,,,,,,,,,,,,
00:01:32.076,,,,,,,,,,,,,,
00:01:31.951,,,,,,,,,,,,,,
00:01:31.826,,,,,,,,,,,,,,
00:01:31.701,,,,,,,,,,,,,,
00:01:31.576,,,,,$^3,,,,,,,,,
00:01:31.450,,,,,,,,,,,,,,
00:01:31.324,,,,,,,,,,,,,,
00:01:31.198,,,,,,,,,,,,,,
00:01:31.072,,x3,,,,,,,,,,,,
00:01:30.945,,,,,,,,,,,,,,
00:01:30.819,,,,,,,,,,,,,,s
00:01:30.692,,,,,,,,,,,,,,
00:01:30.566,,,,,,,,,,,,,,
00:01:30.440,,,,,,,,,,,,,,e
00:01:30.315,,,,,,,,,,,,,,
00:01:30.189,,,,,,,,,,,,,,
00:01:30.064,,,,,,,,,,,,,,
00:01:29.940,,,,,,,,,,,,,,
00:01:29.817,,,,,,,,,,,,,,
00:01:29.693,,,,,,,,,,,,,,
00:01:29.570,,x3,,,,,,,,,,,,
00:01:29.447,,,,,,,,,,,,,,
00:01:29.325,,,,,@3,,,,,,,,,
00:01:29.202,,,,,,,,,,,,,,
00:01:29.080,,,,,,,,,,,,,,
00:01:28.961,,,,,,,,,,,,,,
00:01:28.841,,,,,$^3,,,,,,,,,s
00:01:28.722,,,,,,,,,,,,,,
00:01:28.603,,,,,,,,,,,,,,
00:01:28.476,,,,,,,,,,,,,,
00:01:28.349,*,r3,*,,,,,,,,,,,
00:01:28.223,,,,,,,,,,,,,,
00:01:28.096,,,,,,,,,,,,,,e
00:01:27.976,,,,,,,,,,,,,,
00:01:27.855,,,,,,,,s,,,,,,
00:01:27.735,,,,,,,,,,,,,,
00:01:27.614,,,,,,,,,,,,,,
00:01:27.491,,,,,,,,,,,,,,
00:01:27.367,,,@3,,,,,,,,,,,
00:01:27.244,,,,,,,,,,,,,,
00:01:27.120,,>3,^3,,,,,,,,,,,
00:01:26.994,,,,,,,,,,,,,,
00:01:26.869,,,,,,,,,,,,,,
00:01:26.743,,,,,,,,,,,,,,
00:01:26.618,,$^3,,,,,,,,,,,,
00:01:26.491,,,,,,,,,,,,,,
00:01:26.365,,,,,,,,,,,,,,
00:01:26.238,,,,,,,,,,,,,,
00:01:26.111,,,,,x3,,,,,,,,,
00:01:25.984,,,,,,,,,,,,,,
00:01:25.856,,,,,,,,,,,,,,
00:01:25.729,,,,,,,,,,,,,,
00:01:25.601,,,,x3,,,,e,,,,,,
00:01:25.478,,,,,,,,,,,,,,
00:01:25.356,,,,,,,,,,,,,,
00:01:25.233,,,,,,,,,,,,,,
00:01:25.111,,,x3,,,,,,,,,,,
00:01:24.987,,,,,,,,,,,,,,
00:01:24.864,,x3,,,,,,,,,,,,s
00:01:24.740,,,,,,,,,,,,,,
00:01:24.616,,,,,,,,,,,,,,
00:01:24.488,,,,,,,,,,,,,,e
00:01:24.360,,,,,@3,,,,,,,,,
00:01:24.232,,,,,,,,,,,,,,
00:01:24.104,,,,,,,,,,,,,,
00:01:23.980,,,,,,,,,,,,,,
00:01:23.856,,,,,,,,,,,,,,
00:01:23.732,,,,,,,,,,,,,,
00:01:23.608,,,,,$^3,,,,,,,,,
00:01:23.483,,,,,,,,,,,,,,
00:01:23.359,,,,,,,,,,,,,,
00:01:23.234,,,,,,,,,,,,,,
00:01:23.110,,x3,,,,,,,,,,,,
00:01:22.983,,,,,,,,,,,,,,
00:01:22.855,,,,,,,,,,,,,,s
00:01:22.728,,,,,,,,,,,,,,
00:01:22.601,,,,,,,,,,,,,,
00:01:22.474,,,,,,,,,,,,,,e
00:01:22.347,,,,,@3,,,,,,,,,
00:01:22.220,,,,,,,,,,,,,,
00:01:22.093,,,,,,,,,,,,,,
00:01:21.966,,,,,,,,,,,,,,
00:01:21.839,,,,,,,,,,,,,,
00:01:21.713,,,,,,,,,,,,,,
00:01:21.586,,,,,$^3,,,,,,,,,
00:01:21.459,,,,,,,,,,,,,,
00:01:21.333,,,,,,,,,,,,,,
00:01:21.206,,,,,,,,,,,,,,
00:01:21.079,,,,x3,,,,,,,,,,
00:01:20.953,,,,,,,,,,,,,,s
00:01:20.827,,,,,,,,,,,,,,
00:01:20.701,,,,,,,,,,,,,,
00:01:20.575,,r1,,,l1,,,,,,,,,
00:01:20.449,,,,,,,,,,,,,,
00:01:20.324,,,,,,,,,,,,,,
00:01:20.198,,,,,,,,,,,,,,
00:01:20.072,,,,,,,,,,,,,,
00:01:19.947,,,,,,,,,,,,,,
00:01:19.822,,,,,l1,,,,,,,,,
00:01:19.697,,,,,,,,,,,,,,
00:01:19.572,,,,,,,,,,,,,,e
00:01:19.449,,,,,,,,,,,,,,
00:01:19.326,,r1,,,,,,,,,,,,
00:01:19.203,,,,,,,,,,,,,,
00:01:19.080,,,,,,,,,,,,,,
00:01:18.958,,,,,,,,,,,,,,
00:01:18.836,,,,,l1,,,,,,,,,s
00:01:18.714,,,,,,,,,,,,,,
00:01:18.592,,,,,,,,,,,,,,
00:01:18.468,,,,,,,,,,,e,e,e,e
00:01:18.344,,r1,,,,,,,,,,,,
00:01:18.220,,,,,,,,,,,,,,
00:01:18.096,,,,,,,,,,,,,,
00:01:17.971,,,,@3,,,,,,,,,,
00:01:17.845,,,,,,,,,,,,,,
00:01:17.720,,,,,,,,,,,,,,
00:01:17.595,,,,$^3,,,,,,,,,,
00:01:17.469,,,,,,,,,,,,,,
00:01:17.343,,,,,x3,,,,,,,,,
00:01:17.216,,,,,,,,,,,,,,
00:01:17.090,,,x3,,,,,,,,,,,
00:01:16.964,,,,,,,,,,,,,,
00:01:16.837,,x3,,,,,,,,,,,,
00:01:16.710,,,,,,,,,,,,,,
00:01:16.583,x3,,,,,,,,,,,,,
00:01:16.457,,,,,,,,,,,,,,
00:01:16.331,,,,,,,,,,,,,,
00:01:16.205,,,,,,,,,,,,,,
00:01:16.079,,,,,,l3,,,,,,,,
00:01:15.956,,,,,,,,,,,,,,
00:01:15.833,,,,,,,,,,,,,,
00:01:15.711,,,,,,,,,,,,,,
00:01:15.588,,,,,l3,,,,,,,,,
00:01:15.460,,,,,,,,,,,,,,
00:01:15.332,,,,,,,,,,,,,,
00:01:15.204,,,,,,,,,,,,,,
00:01:15.076,,,,r3,,,,,,,,,,
00:01:14.950,,,,,,,,,,,,,,
00:01:14.824,,,,,,,,,,,,,,
00:01:14.698,,,,,,,,,,,,,,
00:01:14.572,,,l3,,,,,,,,,,,
00:01:14.445,,,,,,,,,,,,,,
00:01:14.319,,,,,,,,,,,,,,
00:01:14.192,,,,,,,,,,,,,,
00:01:14.066,,r3,,,,,,,,,,,,
00:01:13.939,,,,,,,,,,,,,,
00:01:13.812,,,,,,,,,,,,,,
00:01:13.685,,,,,,,,,,,,,,
00:01:13.558,r3,,,,,,,,,,,,,
00:01:13.432,,,,,,,,,,,,,,
00:01:13.306,,,,,,,,,,,s,s,s,s
00:01:13.180,,,,,,,,,,,,,,
00:01:13.054,,,,,,,,,,,,,,
00:01:12.925,,,,,,,,,,,,,,
00:01:12.796,,,,,,,,,,,,,,
00:01:12.667,,,,,,,,,,,,,,
00:01:12.539,,,,,,,,,,,e,,,e
00:01:12.415,,,,,,,,,,,,,,
00:01:12.291,,,x3,,,,,,,,,,,
00:01:12.167,,,,,,,,,,,,,,
00:01:12.043,,x3,,,,,,,,,,,,
00:01:11.920,,,,,,,,,,,,,,
00:01:11.798,x3,,,,,,,,,,,,,
00:01:11.675,,,,,,,,,,,,,,
00:01:11.553,,,,,,,,,,,,,,
00:01:11.427,,,,,,,,,,,,,,
00:01:11.302,,,,r3,,,,,,,,,,
00:01:11.176,,,,,,,,,,,,,,
00:01:11.051,,,,,,,,,,,,,,
00:01:10.924,,,,,,,,,,,,,,
00:01:10.797,,x3,,,,,,,,,,,,
00:01:10.670,,,,,,,,,,,,,,
00:01:10.542,,,,,,,,,,,,,,
00:01:10.415,,,,,,,,,,,,,,
00:01:10.288,,,,,x3,,,,,,,,,
00:01:10.161,,,,,,,,,,,,,,
00:01:10.034,,,,,,,,,,,,,,
00:01:09.907,,,,,,,,,,,,,,
00:01:09.780,,x3,,,,,,,,,,,,
00:01:09.653,,,,,,,,,,,,,,
00:01:09.525,,,,,,,,,,,,,,
00:01:09.398,,,,,,,,,,,,,,
00:01:09.271,,,x3,,,,,,,,,,,
00:01:09.144,,,,,,,,,,,,,,
00:01:09.017,,,,,,,,,,,,,,
00:01:08.890,,,,,,,,,,,,,,
00:01:08.763,,,,x3,,,,,,,,,,
00:01:08.636,,,,,,,,,,,,,,
00:01:08.509,,,,,,,,,,,,,,
00:01:08.381,,,,,,,,,,,,,,
00:01:08.254,,,,,,x3,,,,,,,,
00:01:08.127,,,,,,,,,,,,,,
00:01:08.000,,,,,x3,,,,,,,,,
00:01:07.873,,,,,,,,,,,,,,
00:01:07.746,,,,x3,,,,,,,,,,
00:01:07.619,,,,,,,,,,,,,,
00:01:07.492,,,,,,,,,,,,,,
00:01:07.364,,,,,,,,,,,,,,
00:01:07.237,,r3,,,,,,,,,,,,
00:01:07.110,,,,,,,,,,,,,,
00:01:06.983,,,,,,,,,,,,,,
00:01:06.856,,,,,,,,,,,,,,
00:01:06.729,,,,,x3,,,,,,,,,
00:01:06.602,,,,,,,,,,,,,,
00:01:06.475,,,,,,,,,,,,,,
00:01:06.349,,,,,,,,,,,,,,
00:01:06.222,,,x3,,,,,,,,,,,
00:01:06.096,,,,,,,,,,,,,,
00:01:05.970,,,,,,,,,,,,,,
00:01:05.844,,,,,,,,,,,,,,
00:01:05.719,,x3,,,,,,,,,,,,
00:01:05.593,,,,,,,,,,,,,,
00:01:05.467,,,,,,,,,,,,,,
00:01:05.339,,,,,,,,,,,,,,
00:01:05.212,,,,x3,,,,,,,,,,
00:01:05.084,,,,,,,,,,,,,,
00:01:04.956,,,,,,,,,,,,,,
00:01:04.827,,,,,,,,,,,,,,
00:01:04.697,,,,,x3,,,,,,s,,,s
00:01:04.568,,,,,,,,,,,,,,
00:01:04.438,,,,,,,,,,,,,,
00:01:04.314,,,,,,,,,,,,,,e
00:01:04.189,,,,,,,,,,,e,e,e,
00:01:04.064,,,,,,,,,,,,,,
00:01:03.940,,,,,,,,,,,,,,
00:01:03.818,,,,,,,,,,,,,,
00:01:03.697,,,,,,,,,,,,,,
00:01:03.575,,,,,,,,,,,,,,
00:01:03.453,#,l3,#,#,r3,#,,,,,,,,
00:01:03.328,,,,,,,,,,,,,,
00:01:03.202,,,,,,,,,,,,,,
00:01:03.077,,,,,,,,,,,,,,
00:01:02.951,,,x3,x3,,,,,,,s,s,s,
00:01:02.826,,,,,,,,,,,,,,
00:01:02.701,,,,,,,,,,,,,,
00:01:02.576,,,,,,,,,,,,,,
00:01:02.451,,x3,,,x3,,,,,,,,,
00:01:02.326,,,,,,,,,,,,,,
00:01:02.201,,,,,,,,,,,,,,
00:01:02.076,,,,,,,,,,,,,,
00:01:01.951,,,x3,x3,,,,,,,,,,
00:01:01.827,,,,,,,,,,,,,,
00:01:01.703,,@3,,,@3,,,,,,,,,
00:01:01.579,,,,,,,,,,,,,,
00:01:01.455,,,,,,,,,,,,,,
00:01:01.333,,,,,,,,,,,,,,
00:01:01.211,,,,,,,,,,,,,,
00:01:01.089,,,,,,,,,,,,,,
00:01:00.967,,,,,,,,,,,,,,
00:01:00.842,,,,,,,,,,,,,,
00:01:00.716,,$^3,,,$^3,,,,,,,,,s
00:01:00.591,,,,,,,,,,,,,,
00:01:00.465,,,,,,,,,,,,,,
00:01:00.335,,,,,,,,,,,,,,
00:01:00.204,,,,,,,,,,,,,,
00:01:00.074,,,,,,,,,,,,,,e
00:00:59.943,,,,,,,,,,,,,,
00:00:59.822,,,,,,,,,,,,,,
00:00:59.701,,,,,,,,,,,,,,
00:00:59.580,,,,,,,,,,,,,,
00:00:59.459,,,,,x3,,,,,,,,,
00:00:59.331,,,,,,,,,,,,,,
00:00:59.203,,,,,,,,,,,,,,
00:00:59.074,,,,,,,,,,,,,,
00:00:58.946,,,,x3,,,,,,,,,,s
00:00:58.825,,,,,,,,,,,,,,
00:00:58.704,,,,,,,,,,,,,,
00:00:58.583,,,,,,,,,,,,,,
00:00:58.462,,,,,,,,,,,,,,
00:00:58.337,,,,,,,,,,,,,,
00:00:58.211,,,,,,,,,,,,,,e
00:00:58.085,,,,,,,,,,,,,,
00:00:57.959,,@3,,,,,,,,,,,,
00:00:57.835,,,,,,,,,,,,,,
00:00:57.711,,,,,,,,,,,,,,
00:00:57.587,,,,,,,,,,,,,,
00:00:57.463,,$^3,,,,,,,,,,,,
00:00:57.340,,,,,,,,,,,,,,
00:00:57.217,,,,,,,,,,,,,,
00:00:57.095,,,,,,,,,,,,,,
00:00:56.972,,,x3,,,,,,,,,,,s
00:00:56.847,,,,,,,,,,,,,,
00:00:56.723,,,,,,,,,,,,,,
00:00:56.599,,,,,,,,,,,,,,
00:00:56.474,,,,,,,,,,,,,,e
00:00:56.349,,,,,,,,,,,,,,
00:00:56.225,,@1,,,@3,,,,,,,,,
00:00:56.100,,,,,,,,,,,,,,
00:00:55.975,,,,,,,,,,,,,,
00:00:55.853,,,,,,,,,,,,,,
00:00:55.731,,^1,<1,,$^3,,,,,,,,,
00:00:55.609,,,,,,,,,,,,,,
00:00:55.487,,,,x3,,,,,,,,,,
00:00:55.363,,,,,,,,,,,,,,
00:00:55.239,,,$^1,,,,,,,,,,,
00:00:55.115,,,,,,,,,,,,,,
00:00:54.991,,@1,,,x3,,,,,,,,,
00:00:54.865,,,,,,,,,,,,,,
00:00:54.739,,,,,,,,,,,,,,
00:00:54.613,,,,,,,,,,,,,,
00:00:54.487,,$^1,,,x3,,,,,,,,,
00:00:54.368,,,,,,,,,,,,,,
00:00:54.248,,,x1,x3,,,,,,,,,,s
00:00:54.129,,,,,,,,,,,,,,
00:00:54.009,,,,,,,,,,,,,,
00:00:53.878,,,,,,,,,,,,,,
00:00:53.748,,,,,,,,,,,,,,
00:00:53.617,,,,,,,,,,,,,,
00:00:53.486,,,l1,,,,,,,,,,,
00:00:53.367,,,,,,,,,,,,,,
00:00:53.248,,x1,,,,,,,,,,,,
00:00:53.128,,,,,,,,,,,,,,
00:00:53.009,,,,,@1,,,,,,,,,
00:00:52.881,,,,,,,,,,,,,,
00:00:52.752,,,,,,,,,,,,,,
00:00:52.624,,,,,,,,,,,,,,
00:00:52.496,,,,>1,^1,,,,,,,,,e
00:00:52.364,,,,,,,,,,,,,,
00:00:52.232,,,,$^1,,,,,,,,,,
00:00:52.100,,,,,,,,,,,,,,
00:00:51.968,,@3,,,,,,,,,,,,
00:00:51.854,,,,,,,,,,,,,,
00:00:51.740,,,,,,,,,,,,,,
00:00:51.627,,,,,,,,,,,,,,
00:00:51.513,,$^3,,,,,,,,,,,,
00:00:51.390,,,,,,,,,,,,,,
00:00:51.268,,,,,,,,,,,,,,
00:00:51.145,,,,,,,,,,,,,,
00:00:51.023,,,,,x3,,,,,,,,,
00:00:50.895,,,,,,,,,,,,,,s
00:00:50.767,,,,,,,,,,,,,,
00:00:50.639,,,,,,,,,,,,,,
00:00:50.512,,,,,,,,,,,,,,
00:00:50.383,,,,,,,,,,,,,,
00:00:50.255,,,,,,,,,,,,,,e
00:00:50.126,,,,,,,,,,,,,,
00:00:49.998,,,@3,,,,,,,,,,,
00:00:49.877,,,,,,,,,,,,,,
00:00:49.756,,,,,,,,,,,,,,
00:00:49.635,,,,,,,,,,,,,,
00:00:49.515,,,$^3,,,,,,,,,,,
00:00:49.394,,,,,,,,,,,,,,
00:00:49.274,,,,,,,,,,,,,,
00:00:49.154,,,,,,,,,,,,,,
00:00:49.033,,,,x3,,,,,,,,,,
00:00:48.907,,,,,,,,,,,,,,s
00:00:48.780,,,,,,,,,,,,,,
00:00:48.653,,,,,,,,,,,,,,
00:00:48.526,,,,,,,,,,,,,,
00:00:48.398,,,,,,,,,,,,,,
00:00:48.270,,,,,,,,,,,,,,e
00:00:48.141,,,,,,,,,,,,,,
00:00:48.013,,,,,,,,,,,,,,
00:00:47.889,,,,,,,,,,,,,,
00:00:47.765,,,,,,,,,,,,,,
00:00:47.641,,,,,,,,,,,,,,
00:00:47.517,*,l3,#,#,r3,*,,,,,,,,
00:00:47.394,,,,,,,,,,,,,,
00:00:47.272,,,,,,,,,,,,,,
00:00:47.149,,,,,,,,,,,,,,
00:00:47.026,,x3,,,@1,,,,,,,,,s
00:00:46.902,,,,,,,,,,,,,,
00:00:46.778,,,,,,,,,,,,,,
00:00:46.654,,,,,,,,,,,,,,
00:00:46.529,,,,,,,,,,,,,,e
00:00:46.402,,,,,,,,,,,,,,
00:00:46.274,,,,,$^1,,,,,,,,,s
00:00:46.146,,,,,,,,,,,,,,
00:00:46.019,,,,,,,,,,,,,,
00:00:45.894,,,,,,,,,,,,,,
00:00:45.769,,@1,,,,,,,,,,,,
00:00:45.644,,,,,,,,,,,,,,
00:00:45.520,,,,,,,,,,,,,,
00:00:45.400,,,,,,,,,,,,,,
00:00:45.281,,$^1,,,,,,,,,,,,
00:00:45.161,,,,,,,,,,,,,,
00:00:45.042,,,,,,,,,,,,,,
00:00:44.911,,,,,,,,,,,,,,
00:00:44.781,,,,,,,,,,,,,,
00:00:44.650,,,,,,,,,,,,,,
00:00:44.520,,,,,x1,,,,,,,,,
00:00:44.389,,,,,,,,,,,,,,
00:00:44.259,,x1,,,,,,,,,,,,
00:00:44.129,,,,,,,,,,,,,,e
00:00:43.998,,,,,,,,,,,,,,
00:00:43.870,,,,,,,,,,,,,,
00:00:43.741,,,,,x1,,,s,,,,,,
00:00:43.613,,,,,,,,,,,,,,
00:00:43.485,,x3,,,,,,,,,,,,
00:00:43.360,,,,,,,,,,,,,,
00:00:43.235,,,,,,,,,,,,,,
00:00:43.110,,,,,,,,,,,,,,
00:00:42.985,,,,,x3,,,e,,,,,,s
00:00:42.860,,,,,,,,,,,,,,
00:00:42.735,,,,,,,,,,,,,,
00:00:42.610,,,,,,,,,,,,,,
00:00:42.485,,,,,,,,,,,,,,
00:00:42.358,,,,,,,,,,,,,,
00:00:42.232,,,,,,,,,,,,,,e
00:00:42.106,,,,,,,,,,,,,,
00:00:41.980,,@3,,,,,,,,,,,,
00:00:41.853,,,,,,,,,,,,,,
00:00:41.725,,,,,,,,s,,,,,,
00:00:41.597,,,,,,,,,,,,,,
00:00:41.469,,$^3,,,,,,,,,,,,
00:00:41.342,,,,,,,,,,,,,,
00:00:41.215,,,,,@1,,,,,,,,,
00:00:41.089,,,,,,,,,,,,,,
00:00:40.962,,x3,,,,,,e,,,,,,
00:00:40.835,,,,,,,,,,,,,,
00:00:40.708,,,,,,,,,,,,,,
00:00:40.581,,,,,,,,,,,,,,
00:00:40.455,,,,,$^1,,,,,,,,,
00:00:40.329,,,,,,,,,,,,,,
00:00:40.204,,x1,,,,,s,,,,,,,
00:00:40.079,,,,,,,,,,,,,,
00:00:39.953,,,,,,,,,,,,,,s
00:00:39.827,,,,,,,,,,,,,,
00:00:39.701,,r1,,,,,,s,,,,,,
00:00:39.575,,,,,,,,,,,,,,
00:00:39.448,,,,,,,,,,,,,,
00:00:39.323,,,,,,,,,,,,,,
00:00:39.197,,,,,x1,,,,,,,,,
00:00:39.072,,,,,,,,,,,,,,
00:00:38.946,,@1,,,,,,,,,,,,
00:00:38.821,,,,,,,,,,,,,,
00:00:38.695,,,,,,,,,,,,,,
00:00:38.569,,,,,,,,,,,,,,
00:00:38.443,,,,,,,,,,,,,,
00:00:38.323,,,,,,,,,,,,,,
00:00:38.202,,$^1,,,,,,,,,,,,
00:00:38.082,,,,,,,,,,,,,,
00:00:37.962,,,,,,,,,,,,,,
00:00:37.846,,,,,,,,,,,,,,
00:00:37.730,,r1,,,,,,,,,,,,
00:00:37.614,,,,,,,,,,,,,,
00:00:37.498,,,,,,,,,,,,,,
00:00:37.378,,,,,,,,,,,,,,
00:00:37.258,,,,,,,,,,,,,,
00:00:37.138,,,,,,,,,,,,,,
00:00:37.018,,,,,@1,,,,,,,,,
00:00:36.890,,,,,,,,,,,,,,
00:00:36.762,,,,,,,,,,,,,,
00:00:36.635,,,,,,,,e,,,,,,
00:00:36.507,,,,,$^1,,,,,,,,,
00:00:36.382,,,,,,,,,,,,,,
00:00:36.258,,x1,,,,,,,,,,,,
00:00:36.134,,,,,,,,,,,,,,
00:00:36.010,,,,,@1,,,,,,,,,
00:00:35.886,,,,,,,,,,,,,,
00:00:35.762,,,,,$^1,,,s,,,,,,
00:00:35.638,,,,,,,,,,,,,,
00:00:35.514,,,,,,,,,,,,,,
00:00:35.389,,,,,,,,,,,,,,
00:00:35.263,,,,,,,,,,,,,,
00:00:35.138,,,,,,,,,,,,,,
00:00:35.013,,@1,,,,,,,,,,,,
00:00:34.881,,,,,,,,,,,,,,
00:00:34.749,,,,,,,,,,,,,,
00:00:34.618,,,,,,,,,,,,,,
00:00:34.486,,,,,,,,,,,,,,
00:00:34.357,,,,,,,,,,,,,,
00:00:34.228,,$^1,,,,,,,,,,,,
00:00:34.099,,,,,,,,,,,,,,
00:00:33.970,,,,,,,,,,,,,,
00:00:33.845,,,,,,,,,,,,,,
00:00:33.719,,,,,x1,,,,,,,,,
00:00:33.594,,,,,,,,,,,,,,
00:00:33.469,,,,,,,,,,,,,,
00:00:33.342,,,,,,,,,,,,,,
00:00:33.215,,,,,,,,,,,,,,
00:00:33.088,,,,,,,,,,,,,,
00:00:32.961,,,,,,,,,,,,,,
00:00:32.837,,,,,,,,,,,,,,
00:00:32.713,,,,,,,,,,,,,,
00:00:32.590,,,,,,,,,,,,,,
00:00:32.466,*,r3,*,*,l3,*,,,,,,,,
00:00:32.349,,,,,,,,,s,,,,,
00:00:32.232,,,,,,,,,,,,,,
00:00:32.114,,@3,,,@3,,,,,,,,,
00:00:31.997,,,,,,,,,,,,,,
00:00:31.878,,,,,,,,,,,,,,
00:00:31.758,,,,,,,,,,,,,,
00:00:31.639,,,,,,,,,,,,,,
00:00:31.519,,,,,,,,,,,,,,
00:00:31.399,,,,,,,,,,,,,,
00:00:31.280,,,,,,,,,,,,,,
00:00:31.161,,,,,,,,,,,,,,
00:00:31.041,,,,,,,,,,,,,,
00:00:30.921,,,,,,,,,,,,,,
00:00:30.802,,,,,,,,,,,,,,
00:00:30.682,,,,,,,,,,,,,,
00:00:30.562,,,,,,,,,,,,,,
00:00:30.443,,,,,,,,,,,,,,
00:00:30.323,,,,,,,,,,,,,,
00:00:30.204,,,,,,,,,,,,,,
00:00:30.085,,,,,,,,,,,,,,
00:00:29.965,,,,,,,,,,,,,,
00:00:29.845,,,,,,,,,,,,,,
00:00:29.726,,,,,,,,,,,,,,
00:00:29.606,,,,,,,,,,,,,,
00:00:29.486,,,,,,,,,,,,,,
00:00:29.367,,,,,,,,,,,,,,
00:00:29.247,,,,,,,,,,,,,,
00:00:29.128,,,,,,,,,,,,,,
00:00:29.004,,,,,,,,,,,,,,
00:00:28.879,,,,,,,,,,,,,,
00:00:28.755,,,,,,,,,,,,,,
00:00:28.631,,$^3,,,$^3,,,,,,,,,
00:00:28.511,,,,,,,,,,,,,,
00:00:28.392,,,x3,x3,,,,,,,,,,
00:00:28.272,,,,,,,,,,,,,,
00:00:28.153,,,,,,,,,,,,,,
00:00:28.024,,,,,,,,,,,,,,
00:00:27.895,,,,,,x3,,,,,,,,
00:00:27.766,,,,,,,,,,,,,,
00:00:27.638,,,,,,,,,,,,,,
00:00:27.514,,,,,,,,,,,,,,
00:00:27.390,,,,x3,,,,,,,,,,
00:00:27.266,,,,,,,,,,,,,,
00:00:27.142,,,,,,,,,,,,,,
00:00:27.018,,,,,,,,,,,,,,
00:00:26.895,,x3,,,,,,,,,,,,
00:00:26.772,,,,,,,,,,,,,,
00:00:26.648,,,x3,,,,,,,,,,,
00:00:26.525,,,,,,,,,,,,,,
00:00:26.402,,x3,,,,,,,,,,,,
00:00:26.279,,,,,,,,,,,,,,
00:00:26.156,,,,,,,,,,,,,,
00:00:26.029,,,,,,,,,,,,,,
00:00:25.902,,,,x3,,,,,,,,,,
00:00:25.775,,,,,,,,,,,,,,
00:00:25.648,,,,,,,,,,,,,,
00:00:25.522,,,,,,,,,,,,,,
00:00:25.395,,,,,,x3,,,,,,,,e
00:00:25.268,,,,,,,,,,,,,,
00:00:25.141,,,,,,,,,,,,,,
00:00:25.021,,,,,,,,,,,,,,
00:00:24.902,x3,,,,,,,,,,,,,
00:00:24.782,,,,,,,,,,,,,,
00:00:24.662,,x3,,,,,,,,,,,,
00:00:24.536,,,,,,,,,,,,,,
00:00:24.409,x3,,,,,,,,,,,,,
00:00:24.283,,,,,,,,,,,,,,
00:00:24.156,,,,,,,,,,,,,,
00:00:24.030,,,,,,,,,,,,,,
00:00:23.903,,,,x3,,,,,,,,,,
00:00:23.777,,,,,,,,,,,,,,
00:00:23.650,,,,,,,,,,,,,,
00:00:23.524,,,,,,,,,,,,,,
00:00:23.398,,,,,,x3,,,,,,,,
00:00:23.271,,,,,,,,,,,,,,
00:00:23.145,,,,,,,,,,,,,,
00:00:23.019,,,,,,,,,,,,,,s
00:00:22.892,,x3,,,,,,,,,,,,
00:00:22.766,,,,,,,,,,,,,,
00:00:22.640,,,x3,,,,,,,,,,,
00:00:22.514,,,,,,,,,,,,,,
00:00:22.388,,x3,,,,,,,,,,,,
00:00:22.262,,,,,,,,,,,,,,
00:00:22.136,,,,,,,,,,,,,,
00:00:22.010,,,,,,,,,,,,,,
00:00:21.884,,,,,x3,,,,,,,,,
00:00:21.758,,,,,,,,,,,,,,
00:00:21.632,,,,,,,,,,,,,,
00:00:21.506,,,,,,,,,,,,,,
00:00:21.380,,,,x3,,,,,,,,,,
00:00:21.254,,,,,,,,,,,,,,
00:00:21.128,,,,,,,,,,,,,,
00:00:21.002,,,,,,,,,,,,,,
00:00:20.877,x3,,,,,,,,,,,,,
00:00:20.751,,,,,,,,,,,,,,
00:00:20.625,,x3,,,,,,,,,,,,
00:00:20.499,,,,,,,,,,,,,,
00:00:20.374,,,x3,,,,,,,,,,,
00:00:20.248,,,,,,,,,,,,,,
00:00:20.123,,,,,,,,,,,,,,
00:00:19.997,,,,,,,,,,,,,,
00:00:19.871,,x3,,,,,,,,,,,,
00:00:19.746,,,,,,,,,,,,,,
00:00:19.620,,,,,,,,,,,,,,
00:00:19.495,,,,,,,,,,,,,,
00:00:19.370,,,x3,,,,,,,,,,,
00:00:19.244,,,,,,,,,,,,,,
00:00:19.119,,,,,,,,,,,,,,
00:00:18.994,,,,,,,,,,,,,,
00:00:18.868,,,,x3,,,,,,,,,,
00:00:18.743,,,,,,,,,,,,,,
00:00:18.618,,,,,x3,,,,,,,,,
00:00:18.492,,,,,,,,,,,,,,
00:00:18.367,,,,,,x3,,,,,,,,
00:00:18.242,,,,,,,,,,,,,,
00:00:18.117,,,,,,,,,,,,,,
00:00:17.992,,,,,,,,,,,,,,
00:00:17.867,,,x3,,,,,,,,,,,
00:00:17.742,,,,,,,,,,,,,,
00:00:17.617,,,,,,,,,,,,,,
00:00:17.492,,,,,,,,,,,,,,
00:00:17.367,,x3,,,,,,,,,,,,
00:00:17.242,,,,,,,,,,,,,,
00:00:17.117,,,,@3,,,,,,,,,,
00:00:16.992,,,,,,,,,,,,,,
00:00:16.867,,,,^3,<3,,,,,,,,,
00:00:16.742,,,,,,,,,,,,,,
00:00:16.618,,,,,^3,<3,,,,,,,,
00:00:16.493,,,,,,,,,,,,,,
00:00:16.368,,,,,,$^3,,,,,,,,
00:00:16.244,,,,,,,,,,,,,,
00:00:16.119,,,,,,,,,,,,,,
00:00:15.994,,,,,,,,,,,,,,
00:00:15.870,,x3,,,,,,,,,,,,
00:00:15.745,,,,,,,,,,,,,,
00:00:15.620,,,,,,,,,,,,,,
00:00:15.496,,,,,,,,,,,,,,
00:00:15.371,,,x3,,,,,,,,,,,
00:00:15.247,,,,,,,,,,,,,,
00:00:15.123,,,,,,,,,,,,,,
00:00:14.998,,,,,,,,,,,,,,
00:00:14.874,,,,,,x3,,,,,,,,
00:00:14.749,,,,,,,,,,,,,,
00:00:14.625,,,,,x3,,,,,,,,,
00:00:14.501,,,,,,,,,,,,,,
00:00:14.377,,,,x3,,,,,,,,,,
00:00:14.252,,,,,,,,,,,,,,
00:00:14.128,,,,,,,,,,,,,,
00:00:14.004,,,,,,,,,,,,,,
00:00:13.880,,,x3,,,,,,,,,,,
00:00:13.756,,,,,,,,,,,,,,
00:00:13.632,,,,,,,,,,,,,,
00:00:13.508,,,,,,,,,,,,,,
00:00:13.383,,x3,,,,,,,,,,,,
00:00:13.259,,,,,,,,,,,,,,
00:00:13.135,,,,,,,,,,,,,,
00:00:13.012,,,,,,,,,,,,,,
00:00:12.888,,,,x3,,,,,,,,,,
00:00:12.764,,,,,,,,,,,,,,
00:00:12.640,,,,,x3,,,,,,,,,
00:00:12.516,,,,,,,,,,,,,,
00:00:12.392,,,,,,x3,,,,,,,,
00:00:12.268,,,,,,,,,,,,,,
00:00:12.145,,,,,,,,,,,,,,
00:00:12.021,,,,,,,,,,,,,,
00:00:11.897,,,x3,,,,,,,,,,,
00:00:11.774,,,,,,,,,,,,,,
00:00:11.650,,,,,,,,,,,,,,
00:00:11.526,,,,,,,,,,,,,,
00:00:11.403,,x3,,,,,,,,,,,,
00:00:11.279,,,,,,,,,,,,,,
00:00:11.156,,,,,,,,,,,,,,
00:00:11.032,,,,,,,,,,,,,,
00:00:10.909,,,,x3,,,,,,,,,,
00:00:10.785,,,,,,,,,,,,,,
00:00:10.662,,,,,x3,,,,,,,,,
00:00:10.533,,,,,,,,,,,,,,
00:00:10.405,,,,,,x3,,,,,,,,
00:00:10.276,,,,,,,,,,,,,,
00:00:10.148,,,,,,,,,,,,,,
00:00:10.025,,,,,,,,,,,,,,
00:00:09.901,,,x3,,,,,,,,,,,
00:00:09.778,,,,,,,,,,,,,,
00:00:09.655,,,,,,,,,,,,,,
00:00:09.532,,,,,,,,,,,,,,
00:00:09.409,,x3,,,,,,,,,,,,
00:00:09.286,,,,,,,,,,,,,,
00:00:09.162,,,,,,,,,,,,,,
00:00:09.038,,,,,,,,,,,,,,
00:00:08.913,,,,,,,,,,,,,,
00:00:08.788,,,,,,,,,,,,,,
00:00:08.663,,,,,,@3,,,,,,,,
00:00:08.544,,,,,,,,,,,,,,
00:00:08.426,,,,,,,,,,,,,,
00:00:08.307,,,,,>3,^3,,,,,,,,
00:00:08.189,,,,,,,,,,,,,,
00:00:08.065,,,,>3,^3,,,,,,,,,
00:00:07.942,,,,,,,,,,,,,,
00:00:07.818,,,,$^3,,,,,,,,,,
00:00:07.695,,,,,,,,,,,,,,
00:00:07.571,,,,,,,,,,,,,,
00:00:07.448,,,,,,,,,,,,,,
00:00:07.324,,,,,,,,,,,,,,
00:00:07.201,,,,,,,,,,,,,,
00:00:07.077,,,,,,,,,,,,,,
00:00:06.954,,,,,,,,,,,,,,
00:00:06.831,,,,,,,,,,,,,,
00:00:06.707,,,,,,,,,,,,,,
00:00:06.584,,,,,,,,,,,,,,
00:00:06.461,,,,,,,,,,,,,,
00:00:06.338,,,,,,,,,,,,,,
00:00:06.214,,,,,,,,,,,,,,
00:00:06.091,,,,,,,,,,,,,,
00:00:05.968,,,,,,,,,,,,,,
00:00:05.845,,,,,,,,,,,,,,
00:00:05.722,,,,,,,,,,,,,,
00:00:05.597,,,,,,,,,,,,,,
00:00:05.472,,,,,,,,,,,,,,
00:00:05.347,,,,,,,,,,,,,,
00:00:05.222,,,,,,,,,,,,,,
00:00:05.099,,,,,,,,,,,,,,
00:00:04.975,,,,,,,,,,,,,,
00:00:04.851,,,,,,,,,,,,,,
00:00:04.728,,,,,,,,,,,,,,
00:00:04.604,,,,,,,,,,,,,,
00:00:04.481,,,,,,,,,,,,,,
00:00:04.357,,,,,,,,,,,,,,
00:00:04.233,,,,,,,,,,,,,,
00:00:04.110,,,,,,,,,,,,,,
00:00:03.986,,,,,,,,,,,,,,
00:00:03.863,,,,,,,,,,,,,,
00:00:03.740,,,,,,,,,,,,,,
00:00:03.616,,,,,,,,,,,,,,
00:00:03.493,,,,,,,,,,,,,,
00:00:03.370,,,,,,,,,,,,,,
00:00:03.246,,,,,,,,,,,,,,
00:00:03.123,,,,,,,,,,,,,,
00:00:03.000,,,,,,,,,,,,,,
00:00:02.877,,,,,,,,,,,,,,
00:00:02.753,,,,,,,,,,,,,,
00:00:02.630,,,,,,,,,,,,,,
00:00:02.507,,,,,,,,,,,,,,
00:00:02.384,,,,,,,,,,,,,,
00:00:02.261,,,,,,,,,,,,,,
00:00:02.136,,,,,,,,,,,,,,
00:00:02.011,,,,,,,,,,,,,,
00:00:01.886,,,,,,,,,,,,,,
00:00:01.761,,,,,,,,,,,,,,
00:00:01.638,,,,,,,,,,,,,,
00:00:01.515,,,,,,,,,,,,,,
00:00:01.392,,,,,,,,,,,,,,
00:00:01.269,,,,,,,,,,,,,,
00:00:01.144,,,,,,,,,,,,,,
00:00:01.019,,,,,,,,,,,,,,
00:00:00.894,,,,,,,,,,,,,,
00:00:00.769,,,,,,,,,,,,,,
00:00:00.643,,,,,,,,,,,,,,
00:00:00.517,,,,,,,,,,,,,,
00:00:00.392,,,,,,,,,,,,,,
00:00:00.266,,,,,,,,,,,,,,
00:00:00.199,,,,,,,,,,,,,,
00:00:00.133,,,,,,,,,,,,,,
00:00:00.066,,,,,,,,,,,,,,
00:00:00.000,#,,#,#,,#,,,,,,,,