00:04:26.684,,,,,,,w,w,w,w,,,,,
00:04:26.549,,,,,,,,,,,,,,,
00:04:26.414,,,,,,,,,,,,,,,
00:04:26.279,,,,,,,,,,,,,,,
00:04:26.144,,,,,,,,,,,,,,,
00:04:26.009,,,,,,,,,,,,,,,
00:04:25.874,,,,,,,,,,,,,,,
00:04:25.739,,,,,,,,,,,,,,,
00:04:25.603,,,,,,,,,,,,,,,
00:04:25.469,,,,,,,,,,,,,,,
00:04:25.334,,,,,,,e,e,e,,,,,,
00:04:25.200,,,,,,,,,,,,,,,
00:04:25.065,,,,,@1,,,,,,,,,,
00:04:24.931,,,,,,,,,,,,,,,
00:04:24.797,,@4,,,,,,,,,,,,,
00:04:24.662,,,,,,,,,,,,,,,
00:04:24.528,,,,,,,,,,,,,,,
00:04:24.393,,,,,,,,,,,,,,,
00:04:24.259,,,,,,,,,,,,,,,
00:04:24.124,,,,,,,,,,,,,,,
00:04:23.990,,$^4,,,,,,,,,,,,,
00:04:23.856,,,,,,,,,,,,,,,
00:04:23.721,,,,,,,,,,,,,,,
00:04:23.587,,x4,,,,,,,,,,,,,
00:04:23.453,,,,,,,,,,,,,,,
00:04:23.320,,,,,,,,,,,,,,,
00:04:23.188,,x4,,,,,,,,,,,,,
00:04:23.055,,,,,,,,,,,,,,,
00:04:22.923,,,,,$^1,,,,s,,,,,,
00:04:22.790,,,,,,,,,,,,,,,
00:04:22.657,,@1,,,,,,,,,,,,,
00:04:22.523,,,,,,,,,,,,,,,
00:04:22.390,,,,,@4,<4,,,,,,,,,
00:04:22.256,,,,,,,,,,,,,,,
00:04:22.123,,,,,,,,,,,,,,,
00:04:21.989,,,,,,,,,,,,,,,
00:04:21.855,,,,,$>4,^4,,,,,,,,,
00:04:21.721,,,,,,,,,,,,,,,
00:04:21.588,,,,,,,,,,,,,,,
00:04:21.454,,,,,,,,,,,,,,,
00:04:21.320,,,,,,,,,e,,,,,,
00:04:21.186,,,,,,,,,,,,,,,
00:04:21.051,,,,,,,,,,,,,,,
00:04:20.917,,,,,,,,,,,,,,,
00:04:20.783,,$^1,,,,,,,,,,,,,
00:04:20.651,,,,,,,,,,,,,,,
00:04:20.585,,,,,,,,,,,,,,,
00:04:20.519,,,,,@1,,,,,,,,,,
00:04:20.387,,,,,,,,,,,,,,,
00:04:20.255,,,,,,,,,,,,,,,
00:04:20.121,,,,,,,,,,,,,,,
00:04:19.988,,,,,,,,,,,,,,,
00:04:19.854,,,,,,,,,,,,,,,
00:04:19.721,,,,,$^1,,,,s,,,,,,
00:04:19.588,,,,,,,,,,,,,,,
00:04:19.455,,@1,,,@1,,,,,,,,,,
00:04:19.322,,,,,,,,,,,,,,,
00:04:19.189,,,,,,,,,,,,,,,
00:04:19.056,,,,,,,,,,,,,,,
00:04:18.923,,,,,,,,,,,,,,,
00:04:18.790,,,,,,,,,,,,,,,
00:04:18.657,>1,^1,,,^1,<1,,,,,,,,,
00:04:18.523,,,,,,,,,,,,,,,
00:04:18.390,,,,,,,,,,,,,,,
00:04:18.257,,,,,,,,,,,,,,,
00:04:18.123,,,,,,,,,,,,,,,
00:04:17.990,,,,,,,,,,,,,,,
00:04:17.856,,,,,,,,,,,,,,,
00:04:17.722,,,,,,,,,,,,,,,
00:04:17.589,,,,,,,,,,,,,,,
00:04:17.455,,,,,,,,,,,,,,,
00:04:17.322,,,,,,,,,,,,,,,
00:04:17.189,^1,<1,,,>1,^1,,,,,,,,,
00:04:17.055,,,,,,,,,e,,,,,,
00:04:16.921,,,,,,,,,,,,,,,
00:04:16.786,,,,,,,,,,,,,,,
00:04:16.652,,,,,,,,,,,,,,,
00:04:16.518,,$^1,,,$^1,,,,s,,,,,,
00:04:16.385,,,,,,,,,,,,,,,
00:04:16.253,,,,,,,,,,,,,,,
00:04:16.120,,,,,,,,,,,,,,,
00:04:15.988,,@4,,,@1,,,,,,,,,,
00:04:15.855,,,,,,,,,,,,,,,
00:04:15.721,,,,,,,,,,,,,,,
00:04:15.588,,,,,,,,,,,,,,,
00:04:15.454,,$^4,,,,,,,e,,,,,,
00:04:15.321,,,,,,,,,,,,,,,
00:04:15.187,,,,,,,,,,,,,,,
00:04:15.054,,x4,,,,,,,,,,,,,
00:04:14.921,,,,,,,,,,,,,,,
00:04:14.787,,,,,,,,,,,,,,,
00:04:14.653,,x4,,,,,,,,,,,,,
00:04:14.520,,,,,,,,,,,,,,,
00:04:14.386,,,,,$^1,,,,s,,,,,,
00:04:14.253,,,,,,,,,,,,,,,
00:04:14.119,,@1,,,,,,,,,,,,,
00:04:13.985,,,,,,,,,,,,,,,
00:04:13.852,,,,,@4,,,,,,,,,,
00:04:13.719,,,,,,,,,,,,,,,
00:04:13.585,,,,,,,,,,,,,,,
00:04:13.452,,,,,,,,,,,,,,,
00:04:13.319,,,,,$^4,,,,,,,,,,
00:04:13.186,,,,,,,,,,,,,,,
00:04:13.052,,,,,,,,,,,,,,,
00:04:12.919,,,,,,,,,,,,,,,
00:04:12.786,,,,,,,,,e,,,,,,
00:04:12.652,,,,,,,,,,,,,,,
00:04:12.519,,,,,,,,,,,,,,,
00:04:12.386,,,,,,,,,,,,,,,
00:04:12.253,,,,,,,,,,,,,,,
00:04:12.119,,,,,,,,,,,,,,,
00:04:11.985,,,,,,,,,,,,,,,
00:04:11.851,,,,,,,,,,,,,,,
00:04:11.718,,$^1,,,,,,,s,,,,,,
00:04:11.585,,,,,,,,,,,,,,,
00:04:11.452,,,,,@1,,,,,,,,,,
00:04:11.319,,,,,,,,,,,,,,,
00:04:11.186,,,,,,,,,,,,,,,
00:04:11.053,,,,,,,,,,,,,,,
00:04:10.919,,,,,,,,,,,,,,,
00:04:10.785,,,,,,,,,,,,,,,
00:04:10.651,,,,,,,,,,,,,,,
00:04:10.518,,,,,,,,,,,,,,,
00:04:10.385,,,,,,,,,,,,,,,
00:04:10.252,,,,,,,,,,,,,,,
00:04:10.120,,,,,,,,,,,,,,,
00:04:09.986,,,,,,,,,,,,,,,
00:04:09.852,,@4,,,,,,,,,,,,,
00:04:09.718,,,,,,,,,,,,,,,
00:04:09.585,,,,,,,,,,,,,,,
00:04:09.451,,,,,,,,,,,,,,,
00:04:09.318,,,,,,,,,,,,,,,
00:04:09.185,,,,,,,,,,,,,,,
00:04:09.051,,$^4,,,,,,,,,,,,,
00:04:08.918,,,,,,,,,,,,,,,
00:04:08.785,,,,,,,,,,,,,,,
00:04:08.651,,,,,,,,,,,,,,,
00:04:08.518,,,,,,,,,e,,,,,,
00:04:08.385,,,,,,,,,,,,,,,
00:04:08.251,,,,,,,,,,,,,,,
00:04:08.118,,,,,,,,,,,,,,,
00:04:07.985,,,,,,,,,,,,,,,
00:04:07.851,,,,,,,,,,,,,,,
00:04:07.718,,,,,,,,,,,,,,,
00:04:07.584,,,,,,,,,,,,,,,
00:04:07.451,,,,,$^1,,,,s,,,,,,
00:04:07.318,,,,,,,,,,,,,,,
00:04:07.184,,@1,,,,,,,,,,,,,
00:04:07.051,,,,,,,,,,,,,,,
00:04:06.918,,,,,,,,,,,,,,,
00:04:06.785,,,,,,,,,,,,,,,
00:04:06.651,,,,,,,,,,,,,,,
00:04:06.518,,,,,,,,,,,,,,,
00:04:06.384,>1,^1,,,,,,,,,,,,,
00:04:06.250,,,,,,,,,,,,,,,
00:04:06.116,,,,,,,,,,,,,,,
00:04:05.983,,,,,,,,,,,,,,,
00:04:05.849,,,,,,,,,,,,,,,
00:04:05.716,,,,,,,,,,,,,,,
00:04:05.583,,,,,,,,,,,,,,,
00:04:05.450,,,,,,,,,,,,,,,
00:04:05.317,,,,,,,,,,,,,,,
00:04:05.183,,,,,,,,,,,,,,,
00:04:05.050,,,,,,,,,,,,,,,
00:04:04.917,,,,,,,,,,,,,,,
00:04:04.783,,,,,,,,,,,,,,,
00:04:04.650,,,,,,,,,,,,,,,
00:04:04.516,,,,,,,,,,,,,,,
00:04:04.382,,,,,,,,,,,,,,,
00:04:04.249,^1,<1,,,,,,,e,,,,,,
00:04:04.115,,,,,,,,,,,,,,,
00:04:03.982,,,,,,,,,,,,,,,
00:04:03.849,,,,,,,,,,,,,,,
00:04:03.715,,,,,,,,,,,,,,,
00:04:03.582,,,,,,,,,,,,,,,
00:04:03.448,,,,,,,,,,,,,,,
00:04:03.314,,,,,,,,,,,,,,,
00:04:03.181,,$^1,,,,,,,s,,,,,,
00:04:03.048,,,,,,,,,,,,,,,
00:04:02.914,,,,,,@1,,,,,,,,,
00:04:02.781,,,,,,,,,,,,,,,
00:04:02.647,,x4,,,,,,,,,,,,,
00:04:02.515,,,,,,,,,,,,,,,
00:04:02.382,,,,,,,,,,,,,,,
00:04:02.249,,x4,,,,,,,,,,,,,
00:04:02.116,,,,,,,,,,,,,,,
00:04:01.981,,,,,,,,,,,,,,,
00:04:01.847,,x4,,,,,,,,,,,,,
00:04:01.712,,,,,,,,,,,,,,,
00:04:01.578,,x4,,,,,,,,,,,,,
00:04:01.445,,,,,,,,,,,,,,,
00:04:01.313,,,,,,,,,,,,,,,
00:04:01.180,,,,,,,,,,,,,,,
00:04:01.048,,,,,,,,,,,,,,,
00:04:00.914,,,,,,,,,,,,,,,
00:04:00.781,,,,,,,,,,,,,,,
00:04:00.647,,,,,,,,,,,,,,,
00:04:00.514,,x4,,,,,,,,,,,,,
00:04:00.381,,,,,,,,,,,,,,,
00:04:00.247,,,,,,,,,,,,,,,
00:04:00.114,,x4,,,,,,,,,,,,,
00:03:59.981,,,,,,,,,e,,,,,,
00:03:59.847,,,,,,,,,,,,,,,
00:03:59.714,,x4,,,,,,,,,,,,,
00:03:59.580,,,,,,,,,,,,,,,
00:03:59.446,,x4,,,,,,s,,,,,,,
00:03:59.311,,,,,,,,,,,,,,,
00:03:59.176,,,,,,,,,,,,,,,
00:03:59.040,,,,,,,,,,,,,,,
00:03:58.905,,,,,,$^1,,,s,,,,,,
00:03:58.772,,,,,,,,,,,,,,,
00:03:58.639,,,,,,,,,,,,,,,
00:03:58.506,,,,,,,,,,,,,,,
00:03:58.372,x2,,,,,x2,,,,,,,,,
00:03:58.239,,,,,,,,,,,,,,,
00:03:58.106,,,,,,,,,,,,,,,
00:03:57.973,,,,,,,,,,,,,,,
00:03:57.840,,x2,,,x2,,,,,,,,,,
00:03:57.707,,,,,,,,,,,,,,,
00:03:57.574,,,,,,,,,,,,,,,
00:03:57.441,,,,,,,,,,,,,,,
00:03:57.308,,,,,,l2,,,,,,,,,
00:03:57.175,,,,,,,,,,,,,,,
00:03:57.042,,,,,x2,,,,,,,,,,
00:03:56.909,,,,,,,,,,,,,,,
00:03:56.775,,x2,,,,,,e,,,,,,,
00:03:56.642,,,,,,,,,,,,,,,
00:03:56.509,,,,,,,,,,,,,,,
00:03:56.376,,,,,,,,,,,,,,,
00:03:56.243,x2,,,,,,,,,,,,,,
00:03:56.110,,,,,,,,,,,,,,,
00:03:55.977,,,,,,,,,,,,,,,
00:03:55.844,,,,,,,,,,,,,,,
00:03:55.711,,,,,,l2,,,,,,,,,
00:03:55.578,,,,,,,,,,,,,,,
00:03:55.445,,,,,,,,,,,,,,,
00:03:55.312,,,,,,,,,,,,,,,
00:03:55.179,,,,,x2,,,s,,,,,,,
00:03:55.046,,,,,,,,,,,,,,,
00:03:54.913,,,,,,,,,,,,,,,
00:03:54.781,,,,,,,,,,,,,,,
00:03:54.648,,x2,,,,,,,,,,,,,
00:03:54.516,,,,,,,,,,,,,,,
00:03:54.384,,,,,,,,e,,,,,,,
00:03:54.251,,,,,,,,,,,,,,,
00:03:54.119,x2,,,,,,,,,,,,,,
00:03:53.988,,,,,,,,,,,,,,,
00:03:53.856,,,,,,,,,,,,,,,
00:03:53.725,,,,,,,,,,,,,,,
00:03:53.593,,,,,,l2,,,,,,,,,
00:03:53.460,,,,,,,,,,,,,,,
00:03:53.327,,,,,,,,,,,,,,,
00:03:53.193,,,,,,,,,,,,,,,
00:03:53.060,,,,,x2,,,,,,,,,,
00:03:52.924,,,,,,,,,,,,,,,
00:03:52.787,,x2,,,,,,,,,,,,,
00:03:52.650,,,,,,,,,,,,,,,
00:03:52.513,x2,,,,,,,s,,,,,,,
00:03:52.379,,,,,,,,,,,,,,,
00:03:52.244,,,,,,,,,,,,,,,
00:03:52.110,,,,,,,,,,,,,,e,
00:03:51.975,,x3,,,,,,,,,,,,,m
00:03:51.840,,,,,,,,,,,,,,,
00:03:51.705,x3,,,,,,,,,,,,,,m
00:03:51.569,,,,,,,,,,,,,,,
00:03:51.434,,x3,,,,,,,,,,,,,m
00:03:51.302,,,,,,,,,,,,,,,
00:03:51.169,,,,,x3,,,,,,,,,,m
00:03:51.037,,,,,,,,,,,,,,,
00:03:50.905,,,,,,x3,,,,,,,,s,m
00:03:50.774,,,,,,,,,,,,,,,
00:03:50.643,,,,,,,,,,,,,,,
00:03:50.513,,,,,,,,,,,,,,,
00:03:50.382,,x2,,,x2,,,,,,,,,,
00:03:50.247,,,,,,,,,,,,,,,
00:03:50.111,,,,,,,,e,,,,,,,
00:03:49.976,,,,,,,,,,,,,,,
00:03:49.840,x2,,,,,x2,,,,,,,,,
00:03:49.707,,,,,,,,,,,,,,,
00:03:49.573,,,,,,,,,,,,,,,
00:03:49.439,,,,,,,,,,,,,,,
00:03:49.306,,x2,,,x2,,,,,,,,,,
00:03:49.174,,,,,,,,,,,,,,,
00:03:49.042,,,,,,,,,,,,,,,
00:03:48.910,,,,,,,,,,,,,,,
00:03:48.778,,,,,,x2,,s,,,,,,,
00:03:48.645,,,,,,,,,,,,,,,
00:03:48.511,,,,,x2,,,,,,,,,,
00:03:48.377,,,,,,,,,,,,,,,
00:03:48.244,,x2,,,,,,,,,,,,,
00:03:48.109,,,,,,,,,,,,,,,
00:03:47.973,x2,,,,,,,,,,,,,,
00:03:47.838,,,,,,,,,,,,,,e,
00:03:47.703,,,,,x3,,,,,,,,,,m
00:03:47.570,,,,,,,,,,,,,,,
00:03:47.437,,x3,,,,,,,,,,,,,m
00:03:47.304,,,,,,,,,,,,,,,
00:03:47.171,,,,,x3,,,,,,,,,,m
00:03:47.039,,,,,,,,,,,,,,,
00:03:46.907,,x3,,,,,,,,,,,,,m
00:03:46.775,,,,,,,,,,,,,,,
00:03:46.643,,,,,x3,,,,,,,,,s,m
00:03:46.510,,,,,,,,,,,,,,,
00:03:46.378,,r2,,,,,,,,,,,,,
00:03:46.245,,,,,,,,,,,,,,,
00:03:46.112,,,,,l2,,,,,,,,,,
00:03:45.979,,,,,,,,,,,,,,,
00:03:45.846,,,,,,,,e,,,,,,,
00:03:45.713,,,,,,,,,,,,,,,
00:03:45.580,x2,,,,,,,,,,,,,,
00:03:45.447,,,,,,,,,,,,,,,
00:03:45.315,,,,,,,,,,,,,,,
00:03:45.182,,,,,,,,,,,,,,,
00:03:45.049,,,,,,x2,,,,,,,,,
00:03:44.916,,,,,,,,,,,,,,,
00:03:44.783,,,,,,,,,,,,,,,
00:03:44.650,,,,,,,,,,,,,,,
00:03:44.517,,x2,,,,,,s,,,,,,,
00:03:44.385,,,,,,,,,,,,,,,
00:03:44.252,,,,,,,,,,,,,,,
00:03:44.119,,,,,,,,,,,,,,,
00:03:43.987,,,,,,x2,,,,,,,,,
00:03:43.854,,,,,,,,,,,,,,,
00:03:43.721,x2,,,,,,,,,,,,,,
00:03:43.588,,,,,,,,,,,,,,e,
00:03:43.455,,,,,x3,,,,,,,,,,m
00:03:43.322,,,,,,,,,,,,,,,
00:03:43.189,,,,,,x3,,,,,,,,,m
00:03:43.056,,,,,,,,,,,,,,,
00:03:42.922,,,,,x3,,,,,,,,,,m
00:03:42.789,,,,,,,,,,,,,,,
00:03:42.657,,,,,,x3,,,,,,,,,m
00:03:42.524,,,,,,,,,,,,,,,
00:03:42.391,,,,,x3,,,,,,,,,s,m
00:03:42.259,,,,,,,,,,,,,,,
00:03:42.126,,x2,,,,,,,,,,,,,
00:03:41.994,,,,,,,,,,,,,,,
00:03:41.862,,,,,,x2,,,,,,,,,
00:03:41.731,,,,,,,,,,,,,,,
00:03:41.599,,,,,,,,e,,,,,,,
00:03:41.468,,,,,,,,,,,,,,,
00:03:41.336,,,,,x2,,,,,,,,,,
00:03:41.203,,,,,,,,,,,,,,,
00:03:41.069,,,,,,,,,,,,,,,
00:03:40.936,,,,,,,,,,,,,,,
00:03:40.802,,x2,,,,,,,,,,,,,
00:03:40.663,,,,,,,,,,,,,,,
00:03:40.523,,,,,,,,,,,,,,,
00:03:40.384,,,,,,,,,,,,,,,
00:03:40.245,r2,,,,,,,,,,,,,,
00:03:40.111,,,,,,,,,,,,,,,
00:03:39.977,,,,,,l2,,,,,,,,,
00:03:39.843,,,,,,,,,,,,,,,
00:03:39.708,,,,,x2,,,,,,,,,,
00:03:39.580,,,,,,,,,,,,,,,
00:03:39.451,,,,,,,,,,,,,,,
00:03:39.322,,,,,,,,,,,,,,,
00:03:39.193,,x2,,,,,,,,,,,,,
00:03:39.065,,,,,,,,,,,,,,,
00:03:38.936,,x2,,,,,,,,,,,,,
00:03:38.807,,,,,,,,,,,,,,,
00:03:38.678,,,,,,,,,,,,,,,
00:03:38.544,,,,,,,,,,,,,,,
00:03:38.410,,,,,,,,,,,,,,,
00:03:38.275,,,,,,,,,,,,,,,
00:03:38.141,#,r2,*,*,l2,#,,,,,,,,,
00:03:38.001,,,,,,,,,,,,,,,
00:03:37.861,,,,,,,,,,,,,,e,mo
00:03:37.721,,,,,,,,,,,,,,,
00:03:37.581,,,,,,,,,,,,,,,
00:03:37.452,,,,,,,,,,,,,,,
00:03:37.323,,,,,,,,,,,,,,,
00:03:37.195,,,,@3,<3,,,,,,,,,,
00:03:37.066,,,,,,,,,,,,,,,
00:03:36.932,,,,,,,,,,,,,,,
00:03:36.797,,,,,,,,,,,,,,,
00:03:36.663,,,,,,,,,,,,,,,
00:03:36.528,,,,,,,,,e,,,,,,
00:03:36.399,,,,,,,,,,,,,,,
00:03:36.270,,,,,,,,,,,,,,,
00:03:36.142,,,,,,,,,,,,,,,
00:03:36.013,,,,$>3,^3,,,,,,,,,,mi
00:03:35.873,,,,,,,,,,,,,,,
00:03:35.733,,@3,,,,,,,,,,,,,mo
00:03:35.592,,,,,,,,,,,,,,,
00:03:35.452,,,,,,,,,,,,,,,
00:03:35.321,,,,,,,,,,,,,,,
00:03:35.191,,,,,,,,,,,,,,,
00:03:35.060,,,,,,,,,,,,,,,
00:03:34.929,,$^3,,,,,,,,,,,,,mi
00:03:34.800,,,,,,,,,,,,,,,
00:03:34.670,,,,,@3,,,,,,,,,,mo
00:03:34.541,,,,,,,,,,,,,,,
00:03:34.411,,,,,,,,,,,,,,,
00:03:34.270,,,,,,,,,,,,,,,
00:03:34.129,,,,,,,,,,,,,,,
00:03:33.988,,,,,,,,,,,,,,,
00:03:33.847,,,,,$^3,,,,,,,,,s,mi
00:03:33.712,,,,,,,,,,,,,,,
00:03:33.578,,,,,,,,,,,,,,,
00:03:33.443,>3,@3,,,,,,,,,,,,e,mo
00:03:33.309,,,,,,,,,,,,,,,
00:03:33.182,,,,,,,,,,,,,,,
00:03:33.055,,,,,,,,,,,,,,,
00:03:32.928,,,,,,,,,,,,,,,
00:03:32.800,^3,$<3,,,,,,,,,,,,,mi
00:03:32.657,,,,,,,,,,,,,,,
00:03:32.514,,,,@3,,,,,,,,,,,mo
00:03:32.371,,,,,,,,,,,,,,,
00:03:32.228,,,,,,,,,,,,,,,
00:03:32.100,,,,,,,,,,,,,,,
00:03:31.972,,,,,,,,,,,,,,,
00:03:31.844,,,,,,,,,,,,,,,
00:03:31.716,,,,$^3,,,,,s,,,,,s,mi
00:03:31.579,,,,,,,,,,,,,,,
00:03:31.442,,,,,,,,,,,,,,,
00:03:31.305,,,,,,,,,,,,,,,
00:03:31.168,,,,,,,,,,,,,,,
00:03:31.042,,,,,,,,,,,,,,,
00:03:30.916,,,,,,,,,,,,,,,
00:03:30.790,,,,,,,,,,,,,,,
00:03:30.665,,,,,,,,,,,,,,,
00:03:30.529,,,,,,,,,,,,,,,
00:03:30.394,,,,,,,,,,,,,,,
00:03:30.258,,,,,,,,,,,,,,,
00:03:30.122,,,,,,,,,e,,,,,,
00:03:29.986,,@3,,,,,,,,,,,,e,mo
00:03:29.850,,,,,,,,,,,,,,,
00:03:29.714,,,,,,,,,,,,,,,
00:03:29.578,,,,,,,,s,s,,,,,,
00:03:29.443,,,,,,,,,,,,,,,
00:03:29.308,,$^3,,,,,,,,,,,,,mi
00:03:29.174,,,,,,,,,,,,,,,
00:03:29.039,,,,,,@3,,,,,,,,,mo
00:03:28.906,,,,,,,,,,,,,,,
00:03:28.773,,,,,,$^3,,,,,,,,,mi
00:03:28.640,,,,,,,,,,,,,,,
00:03:28.507,,,,,@3,,,,,,,,,,mo
00:03:28.374,,,,,,,,,,,,,,,
00:03:28.241,,,,,$^3,,,,,,,,,,mi
00:03:28.108,,,,,,,,,,,,,,,
00:03:27.975,,,x3,,,,,e,e,,,,,,m
00:03:27.842,,,,,,,,,,,,,,,
00:03:27.709,,,,@3,,,,,,,,,,,mo
00:03:27.576,,,,,,,,,,,,,,,
00:03:27.443,,,,$^3,,,,,,,,,,s,mi
00:03:27.310,,,,,,,,,,,,,,,
00:03:27.176,,,,,,,,,,,,,,,
00:03:27.043,,,,,,,,,,,,,,,
00:03:26.910,,,,,,,,,,,e,e,e,e,
00:03:26.777,,,,,,,,,,,,,,,
00:03:26.644,,,,,,,,,,,,,,,
00:03:26.511,x3,,,x3,,,,,,,,,,,m
00:03:26.378,,,,,,,,,,,,,,,
00:03:26.245,,,,,,,,,,,,,,,
00:03:26.112,,,x3,x3,,,,,,,,,,,m
00:03:25.979,,,,,,,,,,,,,,,
00:03:25.846,x3,,,,,,,,,,,,,,m
00:03:25.713,,,,,,,,,,,,,,,
00:03:25.580,,,,x3,,,,,,,,,,,m
00:03:25.447,,,,,,,,,,,,,,,
00:03:25.314,x3,,,,,,,,,,s,s,s,s,m
00:03:25.181,,,,,,,,,,,,,,,
00:03:25.048,,,,,,,,,,,,,,,
00:03:24.915,,,,,,,,,,,,,,,
00:03:24.782,,,,,,,,,,,,,,,
00:03:24.649,,,,,,,,,,,e,e,e,e,
00:03:24.516,,,,,,,,,,,,,,,
00:03:24.383,,,,,,,,,,,,,,,
00:03:24.250,,x3,,,x3,,,,,,,,,,m
00:03:24.117,,,,,,,,,,,,,,,
00:03:23.984,,,x3,x3,,,,,,,,,,,m
00:03:23.851,,,,,,,,,,,,,,,
00:03:23.718,,x3,,,,,,,,,,,,,m
00:03:23.584,,,,,,,,,,,,,,,
00:03:23.451,,,,,x3,,,,,,,,,,m
00:03:23.318,,,,,,,,,,,,,,,
00:03:23.185,,x3,,,,,,s,,,s,s,s,s,m
00:03:23.052,,,,,,,,,,,,,,,
00:03:22.919,,,,,,,,,,,,,,,
00:03:22.786,,,,,,,,,,,,,,,
00:03:22.653,,,,,,,,,,,e,e,e,e,
00:03:22.520,,,,,,,,,,,,,,,
00:03:22.387,,,,x3,,,,,,,,,,,m
00:03:22.254,,,,,,,,,,,,,,,
00:03:22.121,,@3,,,,,,,,,,,,,mo
00:03:21.988,,,,,,,,,,,,,,,
00:03:21.855,,$^3,,,,,,e,,,,,,,mi
00:03:21.722,,,,,,,,,,,,,,,
00:03:21.589,,,,x3,,,,,,,,,,,m
00:03:21.456,,,,,,,,,,,,,,,
00:03:21.323,,@3,,,,,,,,,,,,,mo
00:03:21.190,,,,,,,,,,,,,,,
00:03:21.057,,$^3,,,,,,s,,,s,s,s,s,mi
00:03:20.924,,,,,,,,,,,,,,,
00:03:20.791,,,,,,,,,,,,,,,
00:03:20.658,,,,,,,,,,,,,,,
00:03:20.525,,,,,,,,,,,,,,,
00:03:20.392,,,,,,,,,,,e,e,e,e,
00:03:20.259,,,,,,,,,,,,,,,
00:03:20.126,,,,,,,,,,,,,,,
00:03:19.992,,x3,,,x3,,,,,,,,,,m
00:03:19.859,,,,,,,,,,,,,,,
00:03:19.726,,,x3,x3,,,,,,,,,,,m
00:03:19.593,,,,,,,,,,,,,,,
00:03:19.460,,,,,x3,,,,,,,,,,m
00:03:19.327,,,,,,,,,,,,,,,
00:03:19.194,,x3,,,,,,,,,,,,,m
00:03:19.061,,,,,,,,,,,,,,,
00:03:18.928,,,,,x3,,,,,,s,s,s,s,m
00:03:18.795,,,,,,,,,,,,,,,
00:03:18.662,,,,,,,,,,,,,,,
00:03:18.529,,,,,,,,,,,,,,,
00:03:18.396,,,,,,,,,,,e,e,e,e,
00:03:18.263,,,,,,,,,,,,,,,
00:03:18.130,,,,,,,,,,,,,,,
00:03:17.997,,,,,,,,,,,,,,,
00:03:17.864,,,x3,x3,,,,,,,,,,,m
00:03:17.731,,,,,,,,,,,,,,,
00:03:17.598,,x3,,,x3,,,,,,,,,,m
00:03:17.465,,,,,,,,,,,,,,,
00:03:17.332,,x3,,,,,,,,,,,,,m
00:03:17.199,,,,,,,,,,,,,,,
00:03:17.066,,,,,x3,,,,,,,,,,m
00:03:16.933,,,,,,,,,,,,,,,
00:03:16.800,#,l3,#,#,r3,#,,,,,s,s,s,s,m
00:03:16.667,,,,,,,,,,,,,,,
00:03:16.533,,,,,,,,,,,,,,,
00:03:16.400,,,,,,,,,,,,,,,
00:03:16.267,,,,,,,,,,,,,,,
00:03:16.134,,,,,,,,,,,e,e,e,e,
00:03:16.001,,,,,,,,,,,,,,,
00:03:15.868,,,,,,,,,,,,,,,
00:03:15.735,,x3,,,x3,,,,,,,,,,m
00:03:15.602,,,,,,,,,,,,,,,
00:03:15.469,,x3,,,x3,,,,,,,,,,m
00:03:15.336,,,,,,,,,,,,,,,
00:03:15.203,,,,,x3,,,,,,,,,,m
00:03:15.070,,,,,,,,,,,,,,,
00:03:14.937,,x3,,,,,,,,,,,,,m
00:03:14.804,,,,,,,,,,,,,,,
00:03:14.671,,,,,x3,,,,,,s,s,s,s,m
00:03:14.538,,,,,,,,,,,,,,,
00:03:14.405,,,,,,,,,,,,,,,
00:03:14.272,,,,,,,,,,,,,,,
00:03:14.139,,,,,,,,,,,e,e,e,e,
00:03:14.006,,,,,,,,,,,,,,,
00:03:13.873,,,,,l3,,,,,,,,,,m
00:03:13.740,,,,,,,,,,,,,,,
00:03:13.607,,@3,,,,,,,,,,,,,mo
00:03:13.474,,,,,,,,,,,,,,,
00:03:13.341,,$^3,,,,,,,,,,,,,mi
00:03:13.208,,,,,,,,,,,,,,,
00:03:13.075,,,,,l3,,,,,,,,,,m
00:03:12.941,,,,,,,,,,,,,,,
00:03:12.808,,@3,,,,,,,,,,,,,mo
00:03:12.675,,,,,,,,,,,,,,,
00:03:12.542,,$^3,,,,,,,s,,s,s,s,s,mi
00:03:12.408,,,,,,,,,,,,,,,
00:03:12.275,,,,,,,,,,,,,,,
00:03:12.141,,,,,,,,,,,,,,,
00:03:12.008,,,,,,,,,,,,,,,
00:03:11.874,,,,,,,,,,,e,e,e,e,
00:03:11.740,,,,,,,,,,,,,,,
00:03:11.607,,,,,,,,,,,,,,,
00:03:11.473,,x3,,,x3,,,,,,,,,,m
00:03:11.339,,,,,,,,,,,,,,,
00:03:11.205,,x3,,,x3,,,,,,,,,,m
00:03:11.070,,,,,,,,,,,,,,,
00:03:10.936,,,,,x3,,,,,,,,,,m
00:03:10.803,,,,,,,,,,,,,,,
00:03:10.669,,x3,,,,,,,,,,,,,m
00:03:10.536,,,,,,,,,,,,,,,
00:03:10.402,,,,,x3,,,,,,s,s,s,s,m
00:03:10.270,,,,,,,,,,,,,,,
00:03:10.138,,,,,,,,,,,,,,,
00:03:10.006,,,,,,,,,,,,,,,
00:03:09.873,,,,,,,,,,,,,,,
00:03:09.742,,,,,,,,,,,e,e,e,e,
00:03:09.611,,,,,,,,,,,,,,,
00:03:09.479,,,,,,,,,,,,,,,
00:03:09.348,,l3,,,r3,,,,,,,,,,m
00:03:09.216,,,,,,,,,,,,,,,
00:03:09.085,,x3,,,x3,,,,,,,,,,m
00:03:08.954,,,,,,,,,,,,,,,
00:03:08.822,,,,,x3,,,,,,,,,,m
00:03:08.691,,,,,,,,,,,,,,,
00:03:08.559,,x3,,,,,,,,,,,,,m
00:03:08.428,,,,,,,,,,,,,,,
00:03:08.296,,,,,x3,,,,,,s,s,s,s,m
00:03:08.164,,,,,,,,,,,,,,,
00:03:08.032,,,,,,,,,,,,,,,
00:03:07.900,,,,,,,,,,,,,,,
00:03:07.769,,,,,,,,,,,,,,,
00:03:07.636,,,,,,,,,,,e,e,e,e,
00:03:07.504,,,,,,,,,,,,,,,
00:03:07.371,,,,,,,,,,,,,,,
00:03:07.239,,l3,,,r3,,,,,,,,,,m
00:03:07.106,,,,,,,,,,,,,,,
00:03:06.973,,x3,,,x3,,,,,,,,,,m
00:03:06.841,,,,,,,,,,,,,,,
00:03:06.708,,,,,x3,,,,,,,,,,m
00:03:06.575,,,,,,,,,,,,,,,
00:03:06.441,,x3,,,,,,,,,,,,,m
00:03:06.308,,,,,,,,,,,,,,,
00:03:06.175,,,,,x3,,,,,,s,s,s,s,m
00:03:06.042,,,,,,,,,,,,,,,
00:03:05.908,,,,,,,,,,,,,,,
00:03:05.775,,,,,,,,,,,,,,,
00:03:05.642,,,,,,,,,,,e,e,e,e,
00:03:05.508,,,,,,,,,,,,,,,
00:03:05.374,,x3,,,,,,,,,,,,,m
00:03:05.241,,,,,,,,,,,,,,,
00:03:05.107,,,,,@3,,,,,,,,,,mo
00:03:04.973,,,,,,,,,,,,,,,
00:03:04.839,,,,,$^3,,,,,,,,,,mi
00:03:04.705,,,,,,,,,,,,,,,
00:03:04.572,,x3,,,,,,,,,,,,,m
00:03:04.437,,,,,,,,,,,,,,,
00:03:04.303,,@3,,,,,,,,,,,,,mo
00:03:04.169,,,,,,,,,,,,,,,
00:03:04.035,,$^3,,,,,,,e,,s,s,s,s,mi
00:03:03.901,,,,,,,,,,,,,,,
00:03:03.767,,,,,x2,,,,,,,,,,
00:03:03.632,,,,,,,,,,,,,,,
00:03:03.498,,x2,,,,,,,,,,,,,
00:03:03.364,,,,,,,,,,,,,,,
00:03:03.230,,,,,,,,,,,,,,,
00:03:03.096,,,,,,,,,,,,,,,
00:03:02.961,,,,,x2,,,,,,,,,,
00:03:02.827,,,,,,,,,,,,,,,
00:03:02.693,,,,,,,,,,,,,,,
00:03:02.559,,,,,,,,,,,,,,,
00:03:02.424,,x2,,,,,,,,,,,,,
00:03:02.290,,,,,,,,,,,,,,,
00:03:02.156,,,,,,,,,,,,,,,
00:03:02.022,,,,,,,,,,,,,,,
00:03:01.887,*,r2,*,*,l2,*,,,,,,,,,
00:03:01.753,,,,,,,,,,,,,,,
00:03:01.619,,,,,,,,,,,,,,,
00:03:01.485,,,,,,,,,,,,,,,
00:03:01.351,,,,,,,,,,,,,,e,
00:03:01.216,,,,,,,,,,,,,,,
00:03:01.082,,,,,,,,e,,,,,,,
00:03:00.948,,,,,,,,,,,,,,,
00:03:00.814,,x3,,,,,,,,,,,,,m
00:03:00.679,,,,,,,,,,,,,,,
00:03:00.545,,,x3,,,,,,,,,,,,m
00:03:00.411,,,,,,,,,,,,,,,
00:03:00.277,,,,,@3,,,,,,,,,,mo
00:03:00.143,,,,,,,,,,,,,,,
00:03:00.009,,,,,,,,,,,,,,,
00:02:59.875,,,,,,,,,,,,,,,
00:02:59.741,,,,,$^3,,,,,,,,,s,mi
00:02:59.608,,,,,,,,,,,,,,,
00:02:59.475,,,,,,,,,,,,,,,
00:02:59.342,,,,,,,,,,,,,,,
00:02:59.208,,,,,,,,,,,,,,,
00:02:59.076,,,,,,,,,,,,,,e,
00:02:58.943,,,,@3,,,,,,,,,,,mo
00:02:58.811,,,,,,,,,,,,,,,
00:02:58.678,,,,,,,,,,,,,,,
00:02:58.546,,,,,,,,,,,,,,,
00:02:58.414,,,,$^3,,,,,,,,,,,mi
00:02:58.281,,,,,,,,,,,,,,,
00:02:58.149,,,x3,,,,,,,,,,,,m
00:02:58.016,,,,,,,,,,,,,,,
00:02:57.884,,,,,@3,,,,,,,,,,mo
00:02:57.751,,,,,,,,,,,,,,,
00:02:57.619,,,,,$^3,,,,,,,,,,mi
00:02:57.486,,,,,,,,,,,,,,,
00:02:57.353,,,,,,,,,,,,,,s,
00:02:57.220,,,,,,,,,,,,,,,
00:02:57.087,,,,,,,,,,,,,,,
00:02:56.954,,,,,,,,,,,,,,,
00:02:56.821,,@3,,,,,,,,,,,,e,mo
00:02:56.688,,,,,,,,,,,,,,,
00:02:56.555,,,,,,,,,,,,,,,
00:02:56.421,,,,,,,,,,,,,,,
00:02:56.288,,$^3,,,,,,,,,,,,,mi
00:02:56.154,,,,,,,,,,,,,,,
00:02:56.021,,,,x3,,,,,,,,,,,m
00:02:55.887,,,,,,,,,,,,,,,
00:02:55.753,,@3,,,,,,,,,,,,,mo
00:02:55.619,,,,,,,,,,,,,,,
00:02:55.486,,$^3,,,,,,,,,,,,,mi
00:02:55.352,,,,,,,,,,,,,,,
00:02:55.218,,,,,,,,,,,,,,s,
00:02:55.084,,,,,,,,,,,,,,,
00:02:54.950,,,,,,,,,,,,,,,
00:02:54.816,,,,,,,,,,,,,,e,
00:02:54.682,,,,@3,,,,,,,,,,,mo
00:02:54.548,,,,,,,,,,,,,,,
00:02:54.414,,,,,,,,,,,,,,,
00:02:54.281,,,,,,,,,,,,,,,
00:02:54.147,,,,$^3,,,,,,,,,,,mi
00:02:54.013,,,,,,,,,,,,,,,
00:02:53.879,,,x3,,,,,,,,,,,,m
00:02:53.746,,,,,,,,,,,,,,,
00:02:53.612,,,,,@3,,,,,,,,,,mo
00:02:53.478,,,,,,,,,,,,,,,
00:02:53.344,,,,,$^3,,,,,,,,,,mi
00:02:53.211,,,,,,,,,,,,,,,
00:02:53.077,,,,,,,,,,,,,,s,
00:02:52.943,,,,,,,,,,,,,,,
00:02:52.810,,,,,,,,,,,,,,,
00:02:52.676,,@3,,,,,,,,,,,,e,mo
00:02:52.542,,,,,,,,,,,,,,,
00:02:52.409,,,,,,,,,,,,,,,
00:02:52.275,,,,,,,,,,,,,,,
00:02:52.141,,,,,,,,,,,,,,,
00:02:52.008,,$^3,,,,,,,,,,,,,mi
00:02:51.874,,,,,,,,,,,,,,,
00:02:51.741,,,,,x3,,,,,,,,,,m
00:02:51.607,,,,,,,,,,,,,,,
00:02:51.474,,@3,,,,,,,,,,,,,mo
00:02:51.340,,,,,,,,,,,,,,,
00:02:51.207,,$^3,,,,,,,,,,,,,mi
00:02:51.073,,,,,,,,,,,,,,,
00:02:50.940,,,,,,,,,,,,,,s,
00:02:50.806,,,,,,,,,,,,,,,
00:02:50.673,,,,,,,,,,,,,,,
00:02:50.539,,,,,,,,,,,,,,e,
00:02:50.406,,,,,@3,,,,,,,,,,mo
00:02:50.272,,,,,,,,,,,,,,,
00:02:50.139,,,,,,,,,,,,,,,
00:02:50.006,,,,,,,,,,,,,,,
00:02:49.872,,,,,$^3,,,s,,,,,,,mi
00:02:49.739,,,,,,,,,,,,,,,
00:02:49.605,,,,,,,,,,,,,,,
00:02:49.472,,,,x3,,,,,,,,,,,m
00:02:49.339,,,,,,,,,,,,,,,
00:02:49.205,,,,,,,,,,,,,,,
00:02:49.072,,,x3,,,,,,,,,,,,m
00:02:48.939,,,,,,,,,,,,,,,
00:02:48.806,,,,x3,,,,,,,,,,s,m
00:02:48.672,,,,,,,,,,,,,,,
00:02:48.539,,,,,,,,,,,,,,,
00:02:48.406,,,,,,,,,,,,,,e,
00:02:48.273,,,,,,,,,,,,,,,
00:02:48.139,,,,,,,,,,,,,,,
00:02:48.006,,,,,,,,,,,,,,,
00:02:47.873,,,,,,,,,,,,,,,
00:02:47.740,,,,x3,,,,,,,,,,,m
00:02:47.607,,,,,,,,,,,,,,,
00:02:47.473,,,,,,,,e,,,,,,,
00:02:47.340,,,x3,,,,,,,,,,,,m
00:02:47.207,,,,,,,,,,,,,,,
00:02:47.074,,,,,,,,,,,,,,,
00:02:46.941,,,,x3,,,,s,,,,,,,m
00:02:46.808,,,,,,,,,,,,,,,
00:02:46.675,,,x3,,,,,,,,,,,s,m
00:02:46.542,,,,,,,,,,,,,,,
00:02:46.409,,,,,,,,,,,,,,,
00:02:46.276,,,,,,,,,,,,,,e,
00:02:46.143,,,,,,,,,,,,,,,
00:02:46.010,,,,,,,,,,,,,,,
00:02:45.877,,,,x3,,,,,,,,,,,m
00:02:45.743,,,,,,,,,,,,,,,
00:02:45.610,,,,,,,,,,,,,,,
00:02:45.477,,,x3,,,,,,,,,,,,m
00:02:45.344,,,,,,,,,,,,,,,
00:02:45.211,,,,,,,,,,,,,,,
00:02:45.145,,,,,,,,,,,,,,,
00:02:45.078,,,,,,,,e,,,,,,,
00:02:44.945,,,,,,,,,,,,,,,
00:02:44.812,,,,x3,,,,,s,,,,,,m
00:02:44.679,,,,,,,,,,,,,,,
00:02:44.546,,,x3,,,,,,,,,,,s,m
00:02:44.413,,,,,,,,,,,,,,,
00:02:44.279,,,,,,,,,,,,,,,
00:02:44.146,,,,,,,,,,,,,,,
00:02:44.013,,,,,,,,,,,,,,e,
00:02:43.880,,,,@3,,,,,,,,,,,mo
00:02:43.747,,,,,,,,,,,,,,,
00:02:43.614,,,,,,,,,,,,,,,
00:02:43.481,,,,,,,,,,,,,,,
00:02:43.347,,,,,,,,,,,,,,,
00:02:43.214,,,,,,,,,,,,,,,
00:02:43.081,,,,$^3,,,,,,,,,,,mi
00:02:42.948,,,,,,,,,,,,,,,
00:02:42.881,,,,,,,,,,,,,,,
00:02:42.815,,,,,,,,,,,,,,,
00:02:42.681,,,x3,,,,,,e,,,,,,m
00:02:42.548,,,,,,,,,,,,,,,
00:02:42.415,,,,x3,,,,s,,,,,,s,m
00:02:42.282,,,,,,,,,,,,,,,
00:02:42.149,,,,,,,,,,,,,,,
00:02:42.015,,,,,,,,,,,,,,e,
00:02:41.882,,,,,,,,,,,,,,,
00:02:41.749,,,,,,,,,,,,,,,
00:02:41.616,,,,,,,,,,,,,,,
00:02:41.482,,,,,,,,,,,,,,,
00:02:41.349,,,,,x3,,,e,,,,,,,m
00:02:41.216,,,,,,,,,,,,,,,
00:02:41.083,,,,x3,,,,,,,,,,,m
00:02:40.949,,,,,,,,,,,,,,,
00:02:40.816,,,x3,,,,,,,,,,,,m
00:02:40.683,,,,,,,,,,,,,,,
00:02:40.550,,,,,x3,,,s,,,,,,,m
00:02:40.416,,,,,,,,,,,,,,,
00:02:40.283,,,,x3,,,,,,,,,,s,m
00:02:40.150,,,,,,,,,,,,,,,
00:02:40.016,,,,,,,,,,,,,,,
00:02:39.883,,,,,,,,,,,,,,e,
00:02:39.750,,,,,,,,,,,,,,,
00:02:39.616,,,,,,,,,,,,,,,
00:02:39.483,,,,,,,,,,,,,,,
00:02:39.350,,,,,,,,,,,,,,,
00:02:39.216,,,x3,x3,,,,,,,,,,,m
00:02:39.083,,,,,,,,,,,,,,,
00:02:38.950,,,,,,,,e,,,,,,,
00:02:38.816,,,,,x3,,,,,,,,,,m
00:02:38.683,,,,,,,,,,,,,,,
00:02:38.549,,,,,,,,,,,,,,,
00:02:38.416,,,x3,,,,,,s,,,,,,m
00:02:38.282,,,,,,,,,,,,,,,
00:02:38.149,,,,x3,,,,,,,,,,s,m
00:02:38.015,,,,,,,,,,,,,,,
00:02:37.881,,,,,,,,,,,,,,,
00:02:37.748,,,,,,,,,,,,,,e,
00:02:37.614,,,,,,,,,,,,,,,
00:02:37.480,,,,,,,,,,,,,,,
00:02:37.347,,,,,,,,,,,,,,,
00:02:37.213,,,,,,,,,,,,,,,
00:02:37.079,,x3,,,,,,,,,,,,,m
00:02:36.945,,,,,,,,,,,,,,,
00:02:36.812,,,,,,,,,,,,,,,
00:02:36.678,,,,,,,,,,,,,,,
00:02:36.544,,,x3,,,,,,,,,,,,m
00:02:36.410,,,,,,,,,,,,,,,
00:02:36.276,,,,x3,,,,,,,,,,s,m
00:02:36.142,,,,,,,,,,,,,,,
00:02:36.008,,,,,,,,,,,,,,,
00:02:35.874,,,,,,,,,,,,,,,
00:02:35.740,,,,,,,,,,,,,,,
00:02:35.606,,,,,,,,,,,,,,e,
00:02:35.472,,,,,,,,,,,,,,,
00:02:35.338,,,,,,,,,,,,,,,
00:02:35.204,,,,,x3,,,,,,,,,,m
00:02:35.070,,,,,,,,,,,,,,,
00:02:34.935,,x3,,,,,,,,,,,,,m
00:02:34.801,,,,,,,,,,,,,,,
00:02:34.667,,,,,,,,,,,,,,,
00:02:34.534,,,x3,,,,,,,,,,,,m
00:02:34.402,,,,,,,,,,,,,,,
00:02:34.269,,,,,,,,,,,,,,,
00:02:34.136,,,,x3,,,,,e,,,,,,m
00:02:34.004,,,,,,,,,,,,,,,
00:02:33.873,,,,,x3,,,,,,,,,s,m
00:02:33.741,,,,,,,,,,,,,,,
00:02:33.609,,,,x2,,,,,,,,,,,
00:02:33.476,,,,,,,,,,,,,,,
00:02:33.344,,,,,,,,,,,,,,,
00:02:33.211,,,,,,,,,,,,,,,
00:02:33.078,,x2,,,,,,,,,,,,,
00:02:32.945,,,,,,,,,,,,,,,
00:02:32.811,,,,,,,,,,,,,,,
00:02:32.677,,,,,,,,,,,,,,,
00:02:32.543,,,,,,,,,,,,,,,
00:02:32.409,,,,,,,,,,,,,,,
00:02:32.274,,,,,,,,,,,,,,,
00:02:32.140,,,,,,,,,,,,,,,
00:02:32.005,,,,,x2,,,,,,,,,,
00:02:31.871,,,,,,,,,,,,,,,
00:02:31.737,,,,,,,,,,,,,,,
00:02:31.603,,,,,,,,,,,,,,,
00:02:31.469,,,x2,,,,,,,,,,,,
00:02:31.336,,,,,,,,,,,,,,,
00:02:31.204,,,,,,,,,,,,,,e,
00:02:31.071,,,,,,,,,,,,,,,
00:02:30.938,,,,x2,,,,,,,,,,,
00:02:30.805,,,,,,,,,,,,,,,
00:02:30.672,,x3,,,,,,,,,,,,,m
00:02:30.540,,,,,,,,,,,,,,,
00:02:30.407,,,,,x3,,,,,,,,,,m
00:02:30.274,,,,,,,,,,,,,,,
00:02:30.141,,,,,,,,,,,,,,,
00:02:30.009,,,,,,,,,,,,,,,
00:02:29.876,,,x3,,,,,,,,,,,,m
00:02:29.743,,,,,,,,,,,,,,,
00:02:29.610,,,,,,,,,,,,,,,
00:02:29.477,,,,,,,,,,,,,,,
00:02:29.345,,,,x3,,,,,,,,,,,m
00:02:29.212,,,,,,,,,,,,,,,
00:02:29.079,,,,,,,,,,,,,,,
00:02:28.946,,,,,,,,,,,,,,,
00:02:28.814,,,,,x3,,,,,,,,,s,m
00:02:28.681,,,,,,,,,,,,,,,
00:02:28.548,,,,,,,,,,,,,,,
00:02:28.415,,,,,,,,,,,,,,,
00:02:28.283,,,,,,,,,,,,,,e,
00:02:28.150,,,,x3,,,,,,,,,,,m
00:02:28.016,,,,,,,,,,,,,,,
00:02:27.883,,,,,,,,,,,,,,,
00:02:27.750,,,x3,,,,,,,,,,,,m
00:02:27.617,,,,,,,,,,,,,,,
00:02:27.484,,x3,,,,,,,,,,,,s,m
00:02:27.350,,,,,,,,,,,,,,,
00:02:27.217,,,,,,,,s,,,,,,,
00:02:27.084,,,,,,,,,,,,,,e,
00:02:26.950,,,,,,,,,,,,,,,
00:02:26.817,,,,,,,,,,,,,,,
00:02:26.684,,,,,,,,,,,,,,,
00:02:26.550,,,,,,,,,,,,,,,
00:02:26.417,,x3,,,x3,,,,,,,,,,m
00:02:26.284,,,,,,,,,,,,,,,
00:02:26.150,,,,,,,,,,,,,,,
00:02:26.017,,,x3,,,,,,,,,,,,m
00:02:25.884,,,,,,,,,,,,,,,
00:02:25.750,,,,,,,,,,,,,,,
00:02:25.617,,,,x3,,,,,,,,,,,m
00:02:25.484,,,,,,,,,,,,,,,
00:02:25.350,,,,,x3,,,,,,,,,s,m
00:02:25.217,,,,,,,,,,,,,,,
00:02:25.084,,,,,,,,e,,,,,,,
00:02:24.950,,,,,,,,,,,,,,,
00:02:24.817,,,,,,,,,,,,,,e,
00:02:24.684,,,,,,,,,,,,,,,
00:02:24.550,,,,,,,,,,,,,,,
00:02:24.417,,,,,,,,,,,,,,,
00:02:24.284,,,x3,x3,,,,,,,,,,,m
00:02:24.150,,,,,,,,,,,,,,,
00:02:24.017,,,,x3,,,,,,,,,,,m
00:02:23.884,,,,,,,,,,,,,,,
00:02:23.750,,,,,,,,,,,,,,,
00:02:23.617,,,,,,,,,,,,,,,
00:02:23.484,,,x3,,,,,,,,,,,,m
00:02:23.350,,,,,,,,,,,,,,,
00:02:23.217,,,,x3,,,,,,,,,,s,m
00:02:23.084,,,,,,,,,,,,,,,
00:02:22.950,,,,,,,,,,,,,,,
00:02:22.817,,,,,,,,,,,,,,e,
00:02:22.684,,,,,,,,,,,,,,,
00:02:22.550,,,,,,,,,,,,,,,
00:02:22.417,,,,,,,,,,,,,,,
00:02:22.284,,,,,,,,,,,,,,,
00:02:22.150,,x3,,,,,,,,,,,,,m
00:02:22.017,,,,,,,,,,,,,,,
00:02:21.884,,,x3,,,,,,,,,,,,m
00:02:21.750,,,,,,,,,,,,,,,
00:02:21.617,,,,,,,,,,,,,,,
00:02:21.484,,,,,,,,,,,,,,,
00:02:21.350,,,,x3,,,,,,,,,,,m
00:02:21.217,,,,,,,,,,,,,,,
00:02:21.084,,,,,x3,,,s,,,,,,s,m
00:02:20.950,,,,,,,,,,,,,,,
00:02:20.817,,,,,,,,,,,,,,,
00:02:20.684,,,,,,,,,,,,,,,
00:02:20.550,,,,,,,,,,,,,,e,
00:02:20.417,,,,,,,,,,,,,,,
00:02:20.284,,,,,,,,,,,,,,,
00:02:20.150,,,,,,,,,,,,,,,
00:02:20.017,,,,,,,,,,,,,,,
00:02:19.884,,,,,,,,,,,,,,,
00:02:19.750,,,,,x3,,,e,,,,,,,m
00:02:19.617,,,,x3,,,,,,,,,,,m
00:02:19.484,,,x3,,,,,,,,,,,,m
00:02:19.350,,,,,,,,,,,,,,,
00:02:19.217,,,,,,,,,,,,,,,
00:02:19.084,,,,,,,,,,,,,,,
00:02:18.950,,x3,,,,,,,,,,,,s,m
00:02:18.817,,,,,,,,,,,,,,,
00:02:18.684,,,,,,,,,,,,,,,
00:02:18.550,,,,,,,,,,,,,,e,
00:02:18.417,,,,,,,,,,,,,,,
00:02:18.284,,,,,,,,,,,,,,,
00:02:18.150,,,,,,,,,,,,,,,
00:02:18.017,,,,,,,,,,,,,,,
00:02:17.884,,x3,,,x3,,,,,,,,,,m
00:02:17.750,,,,,,,,,,,,,,,
00:02:17.617,,,,,,,,,,,,,,,
00:02:17.484,,,,x3,,,,,,,,,,,m
00:02:17.350,,,,,,,,,,,,,,,
00:02:17.217,,,,,,,,,,,,,,,
00:02:17.084,,,x3,,,,,,,,,,,,m
00:02:16.950,,,,,,,,,,,,,,,
00:02:16.817,,,,x3,,,,,,,,,,s,m
00:02:16.684,,,,,,,,,,,,,,,
00:02:16.550,,,,,,,,,,,,,,,
00:02:16.417,,,,,,,,,,,,,,e,
00:02:16.284,,,,,,,,,,,,,,,
00:02:16.150,,,,,,,,,,,,,,,
00:02:16.017,,,,,,,,,,,,,,,
00:02:15.884,,,,,,,,,,,,,,,
00:02:15.750,,,x3,x3,,,,,,,,,,,m
00:02:15.617,,,,,,,,,,,,,,,
00:02:15.484,,,,x3,,,,,,,,,,,m
00:02:15.350,,,,,,,,,,,,,,,
00:02:15.217,,,,,,,,,,,,,,,
00:02:15.084,,,,,,,,,,,,,,,
00:02:14.950,,,x3,,,,,s,,,,,,,m
00:02:14.817,,,,,,,,,,,,,,,
00:02:14.683,,@1,,x3,,,,,,,,,,s,m
00:02:14.550,,,,,,,,,,,,,,,
00:02:14.417,,,,,,,,,,,,,,,
00:02:14.283,,,,,,,,,,,,,,,
00:02:14.150,,,,,,,,,,,,,,,
00:02:14.016,,,,,,,,,,,,,,,
00:02:13.883,,$^1,,,,,,,s,,,,,,
00:02:13.749,,,,,,,,,,,,,,,
00:02:13.615,,,,,,,,,,,,,,,
00:02:13.482,,,,,,,,,,,,,,,
00:02:13.348,,,,,x2,,,,,,,,,,
00:02:13.215,,,,,,,,,,,,,,,
00:02:13.081,,,,,,,,e,,,,,,,
00:02:12.947,,,,,,,,,,,,,,,
00:02:12.813,,x2,,,,,,s,e,,,,,,
00:02:12.680,,,,,,,,,,,,,,,
00:02:12.546,,,,x1,,,,,,,,,,,
00:02:12.412,,,,,,,,,,,,,,,
00:02:12.278,,@1,,,,,,,,,,,,,
00:02:12.144,,,,,,,,,,,,,,,
00:02:12.010,,,,,,,,,,,,,,,
00:02:11.876,,,,,,,,,,,,,,,
00:02:11.742,,$^1,,,,,,,,,,,,,
00:02:11.608,,,,,,,,,,,,,,,
00:02:11.474,,,,,@1,,,,,,,,,,
00:02:11.340,,,,,,,,,,,,,,,
00:02:11.206,,,,,,,,,,,,,,,
00:02:11.072,,,,,,,,,,,,,,,
00:02:10.938,,,,,,,,e,,,,,,,
00:02:10.803,,,,,,,,,,,,,,,
00:02:10.669,,,,,$^1,,,s,s,,,,,,
00:02:10.536,,,,,,,,,,,,,,,
00:02:10.402,,,,,,,,,,,,,,,
00:02:10.268,,,,,,,,,,,,,,,
00:02:10.134,,x2,,,x2,,,,,,,,,,
00:02:10.002,,,,,,,,,,,,,,,
00:02:09.869,,,,,,,,,,,,,,,
00:02:09.736,,,,,,,,,,,,,,,
00:02:09.604,,,x2,x2,,,,,e,,,,,,
00:02:09.471,,,,,,,,,,,,,,,
00:02:09.338,,@1,,,,,,,,,,,,,
00:02:09.205,,,,,,,,,,,,,,,
00:02:09.072,,,,,,,,,,,,,,,
00:02:08.938,,,,,,,,,,,,,,,
00:02:08.803,,,,,,,,,,,,,,,
00:02:08.669,,,,,,,,,,,,,,,
00:02:08.535,,$^1,,,,,,,,,,,,,
00:02:08.400,,,,,,,,,,,,,,,
00:02:08.266,,,,x1,,,,,,,,,,,
00:02:08.131,,,,,,,,,,,,,,,
00:02:07.997,,,,,,,,,,,,,,,
00:02:07.864,,,,,,,,,,,,,,,
00:02:07.731,,,x1,,,,,,,,,,,,
00:02:07.598,,,,,,,,,,,,,,,
00:02:07.464,,,,@1,,,,,,,,,,,
00:02:07.333,,,,,,,,,,,,,,,
00:02:07.201,,,,,,,,,,,,,,,
00:02:07.069,,,,,,,,,,,,,,,
00:02:06.937,,,,,,,,,,,,,,,
00:02:06.807,,,,,,,,,,,,,,,
00:02:06.676,,,,,,,,,,,,,,,
00:02:06.546,,,,,,,,,,,,,,,
00:02:06.415,,,,$^1,,,s,,s,,,,,,
00:02:06.285,,,,,,,,,,,,,,,
00:02:06.154,,,,,,,,,,,,,,,
00:02:06.023,,,,,,,,,,,,,,,
00:02:05.892,,,,,,,,,,,,,,,
00:02:05.759,,,,,,,,,,,,,,,
00:02:05.626,,,,,,,,,,,,,,,
00:02:05.492,,,,,,,,,,,,,,,
00:02:05.359,,x2,,,,,e,,,,,,,,
00:02:05.226,,,,,,,,,,,,,,,
00:02:05.092,,,,,x2,,,,,,,,,,
00:02:04.959,,,,,,,,,,,,,,,
00:02:04.826,,,,,,,,,,,,,,,
00:02:04.694,,,,,,,,,,,,,,,
00:02:04.562,,,,,,,,,,,,,,,
00:02:04.430,,,,,,,,,,,,,,,
00:02:04.298,,x2,,,,,,,,,,,,,
00:02:04.156,,,,,,,,,,,,,,,
00:02:04.013,,,,,x2,,,,,,,,,,
00:02:03.871,,,,,,,,,,,,,,,
00:02:03.729,,x2,,,,,,,,,,,,,
00:02:03.600,,,,,,,,,,,,,,,
00:02:03.472,,,,,,,,,,,,,,,
00:02:03.343,,,,@3,,,,,,,,,,e,mo
00:02:03.215,,,,,,,,,,,,,,,
00:02:03.079,,,,,,,,,,,,,,,
00:02:02.943,,,,,,,,,,,,,,,
00:02:02.808,,,,,,,,,,,,,,,
00:02:02.672,,,,,,,,e,e,,,,,,
00:02:02.537,,,,,,,,,,,,,,,
00:02:02.401,,,,,,,,,,,,,,,
00:02:02.265,,,,,,,,,,,,,,,
00:02:02.130,,,,$^3,,,,,,,,,,,mi
00:02:01.993,,,,,,,,,,,,,,,
00:02:01.856,,,,,@3,,,,,,,,,,mo
00:02:01.719,,,,,,,,,,,,,,,
00:02:01.582,,,,,,,,,,,,,,,
00:02:01.461,,,,,,,,,,,,,,,
00:02:01.339,,,,,,,,,,,,,,,
00:02:01.218,,,,,,,,,,,,,,,
00:02:01.097,,,,,$^3,,,,,,,,,,mi
00:02:00.962,,,,,,,,,,,,,,,
00:02:00.827,,,,@3,,,,,,,,,,,mo
00:02:00.693,,,,,,,,,,,,,,,
00:02:00.558,,,,,,,,,,,,,,,
00:02:00.423,,,,,,,,,,,,,,,
00:02:00.289,,,,,,,,,,,,,,,
00:02:00.154,,,,,,,,,,,,,,,
00:02:00.019,,,,$^3,,,,,,,,,,,mi
00:01:59.880,,,,,,,,,,,,,,,
00:01:59.740,,,@3,,,,,,,,,,,,mo
00:01:59.600,,,,,,,,,,,,,,,
00:01:59.460,,,,,,,,,,,,,,,
00:01:59.333,,,,,,,,,,,,,,,
00:01:59.205,,,,,,,,,,,,,,,
00:01:59.078,,,,,,,,,,,,,,,
00:01:58.950,,,$^3,,,,,,,,,,,,mi
00:01:58.817,,,,,,,,,,,,,,,
00:01:58.684,,@3,,,,,,,,,,,,,mo
00:01:58.551,,,,,,,,,,,,,,,
00:01:58.418,,,,,,,,,,,,,,,
00:01:58.285,,,,,,,,,,,,,,,
00:01:58.152,,,,,,,,,,,,,,,
00:01:58.020,,,,,,,,,,,,,,,
00:01:57.887,,$^3,,,,,,s,s,,,,,s,mi
00:01:57.758,,,,,,,,,,,,,,,
00:01:57.628,,,,,,,,,,,,,,,
00:01:57.499,,,,,,,,,,,,,,,
00:01:57.370,,,,,,,,,,,,,,,
00:01:57.236,,,,,,,,,,,,,,,
00:01:57.102,,,,,,,,,,,,,,,
00:01:56.968,,,,,,,,,,,,,,e,
00:01:56.835,,,,,,,,,,,,,,,
00:01:56.700,,,,,,,,,,,,,,,
00:01:56.565,,,,r3,,,,,,,,,,,m
00:01:56.430,,,,,,,,,,,,,,,
00:01:56.296,,,x3,,,,,e,e,,,,,,m
00:01:56.159,,,,,,,,,,,,,,,
00:01:56.023,,,,,@3,,,,,,,,,,mo
00:01:55.887,,,,,,,,,,,,,,,
00:01:55.751,,,,,$^3,,,,,,,,,s,mi
00:01:55.607,,,,,,,,,,,,,,,
00:01:55.463,,,,,,,,,,,,,,,
00:01:55.319,,,,,,,,,,,,,,,
00:01:55.175,,,,,,,,,,,,,,,
00:01:55.047,,,,,,,,,,,,,,,
00:01:54.919,,,,,,,,,,,,,,,
00:01:54.792,,,,,,,,,,,,,,,
00:01:54.664,,,,,,,,,,,,,,,
00:01:54.535,,,,,,,,,,,,,,,
00:01:54.406,,,,,,,,,,,,,,,
00:01:54.277,,,,,,,,,,,,,,e,
00:01:54.148,,,,@3,,,,,,,,,,,mo
00:01:54.020,,,,,,,,,,,,,,,
00:01:53.891,,,,,,,,,,,,,,,
00:01:53.763,,,,,,,,,,,,,,,
00:01:53.635,,,,,,,,,s,,,,,,
00:01:53.492,,,,,,,,,,,,,,,
00:01:53.348,,,,$^3,,,,s,,,,,,,mi
00:01:53.204,,,,,,,,,,,,,,,
00:01:53.061,,@3,,,,,,,,,,,,,mo
00:01:52.928,,,,,,,,,,,,,,,
00:01:52.795,,$^3,,,,,,,,,,,,,mi
00:01:52.662,,,,,,,,,,,,,,,
00:01:52.529,,,,,@3,,,,,,,,,,mo
00:01:52.398,,,,,,,,,,,,,,,
00:01:52.267,,,,,$^3,,,,,,,,,,mi
00:01:52.136,,,,,,,,,,,,,,,
00:01:52.005,,x3,,,,,,e,e,,,,,,m
00:01:51.875,,,,,,,,,,,,,,,
00:01:51.746,,,,@3,,,,,,,,,,,mo
00:01:51.617,,,,,,,,,,,,,,,
00:01:51.488,,,,$^3,,,,,,,,,,s,mi
00:01:51.348,,,,,,,,,,,,,,,
00:01:51.208,,,,,,,,,,,,,,,
00:01:51.069,,,,,,,,,,,,,,,
00:01:50.929,,,,,,,,,,,e,e,e,e,
00:01:50.801,,,,,,,,,,,,,,,
00:01:50.672,,,,,,,,,,,,,,,
00:01:50.544,,x3,,,,,,,,,,,,,m
00:01:50.416,,,,,,,,,,,,,,,
00:01:50.282,,,,,,,,,,,,,,,
00:01:50.148,,,,x3,,,,,,,,,,,m
00:01:50.015,,,,,,,,,,,,,,,
00:01:49.881,,,x3,,,,,,,,,,,,m
00:01:49.750,,,,,,,,,,,,,,,
00:01:49.620,,,,x3,,,,,,,,,,,m
00:01:49.490,,,,,,,,,,,,,,,
00:01:49.359,,x3,,,,,,,,,s,s,s,s,m
00:01:49.222,,,,,,,,,,,,,,,
00:01:49.086,,,,,,,,,,,,,,,
00:01:48.949,,,,,,,,,,,,,,,
00:01:48.812,,,,,,,,,,,,,,,
00:01:48.682,,,,,,,,,,,e,e,e,e,
00:01:48.552,,,,,,,,,,,,,,,
00:01:48.422,,,,,,,,,,,,,,,
00:01:48.292,,,x3,,,,,,,,,,,,m
00:01:48.159,,,,,,,,,,,,,,,
00:01:48.026,,,,,x3,,,,,,,,,,m
00:01:47.894,,,,,,,,,,,,,,,
00:01:47.761,,x3,,,,,,,,,,,,,m
00:01:47.625,,,,,,,,,,,,,,,
00:01:47.489,,,,x3,,,,,,,,,,,m
00:01:47.353,,,,,,,,,,,,,,,
00:01:47.217,,x3,,,,,,s,,,s,s,s,s,m
00:01:47.081,,,,,,,,,,,,,,,
00:01:46.946,,,,,,,,,,,,,,,
00:01:46.810,,,,,,,,,,,e,e,e,e,
00:01:46.675,,,,,,,,,,,,,,,
00:01:46.541,,,,,,,,,,,,,,,
00:01:46.407,,,,,x3,,,,,,,,,,m
00:01:46.273,,,,,,,,,,,,,,,
00:01:46.140,,@3,,,,,,,,,,,,,mo
00:01:46.005,,,,,,,,,,,,,,,
00:01:45.870,,$^3,,,,,,,,,,,,,mi
00:01:45.735,,,,,,,,,,,,,,,
00:01:45.600,,,,x3,,,,e,,,,,,,m
00:01:45.464,,,,,,,,,,,,,,,
00:01:45.328,,@3,,,,,,,,,,,,,mo
00:01:45.193,,,,,,,,,,,,,,,
00:01:45.057,,$^3,,,,,,,,,s,s,s,s,mi
00:01:44.925,,,,,,,,,,,,,,,
00:01:44.792,,,,,,,,,,,,,,,
00:01:44.660,,,,,,,,,,,,,,,
00:01:44.528,,,,,,,,,,,,,,,
00:01:44.399,,,,,,,,,,,e,e,e,e,
00:01:44.270,,,,,,,,,,,,,,,
00:01:44.141,,,,,,,,,,,,,,,
00:01:44.011,,,x3,,,,,,,,,,,,m
00:01:43.881,,,,,,,,,,,,,,,
00:01:43.750,,x3,,,,,,,,,,,,,m
00:01:43.619,,,,,,,,,,,,,,,
00:01:43.488,,,x3,,,,,,,,,,,,m
00:01:43.355,,,,,,,,,,,,,,,
00:01:43.222,,,,x3,,,,,,,,,,,m
00:01:43.089,,,,,,,,,,,,,,,
00:01:42.956,,,,,x3,,,,,,s,s,s,s,m
00:01:42.822,,,,,,,,,,,,,,,
00:01:42.688,,,,,,,,,,,,,,,
00:01:42.555,,,,,,,,,,,,,,,
00:01:42.421,,,,,,,,,,,,,,,
00:01:42.287,,,,,,,,,,,e,e,e,e,
00:01:42.153,,,,,,,,,,,,,,,
00:01:42.019,,,,,,,,,,,,,,,
00:01:41.885,,,x3,,,,,,,,,,,,m
00:01:41.752,,,,,,,,,,,,,,,
00:01:41.618,,,,x3,,,,,,,,,,,m
00:01:41.484,,,,,,,,,,,,,,,
00:01:41.350,,x3,,,,,,,,,,,,,m
00:01:41.216,,,,,,,,,,,,,,,
00:01:41.082,,,,,x3,,,,,,,,,,m
00:01:40.948,,,,,,,,,,,,,,,
00:01:40.815,,,,x3,,,,,,,s,s,s,s,m
00:01:40.681,,,,,,,,,,,,,,,
00:01:40.547,,,,,,,,,,,,,,,
00:01:40.413,,,,,,,,,,,,,,,
00:01:40.279,,,,,,,,,,,,,,,
00:01:40.145,,,,,,,,,,,e,e,e,e,
00:01:40.011,,,,,,,,,,,,,,,
00:01:39.877,,,,,,,,,,,,,,,
00:01:39.743,,,,x3,,,,,,,,,,,m
00:01:39.609,,,,,,,,,,,,,,,
00:01:39.476,,x3,,,x3,,,,,,,,,,m
00:01:39.342,,,,,,,,,,,,,,,
00:01:39.208,,,,x3,,,,,,,,,,,m
00:01:39.074,,,,,,,,,,,,,,,
00:01:38.940,,x3,,,x3,,,,,,,,,,m
00:01:38.806,,,,,,,,,,,,,,,
00:01:38.672,,,,x3,,,,s,,,s,s,s,s,m
00:01:38.538,,,,,,,,,,,,,,,
00:01:38.404,,,,,,,,,,,,,,,
00:01:38.270,,,,,,,,,,,e,e,e,e,
00:01:38.136,,,,,,,,,,,,,,,
00:01:38.003,,,,,,,,,,,,,,,
00:01:37.869,,,,,x3,,,,,,,,,,m
00:01:37.735,,,,,,,,,,,,,,,
00:01:37.601,,,,,,,,,,,,,,,mo
00:01:37.467,,,,,,,,,,,,,,,
00:01:37.333,,x3,,,,,,,,,,,,,mi
00:01:37.199,,,,,,,,,,,,,,,
00:01:37.066,,,,,,,,e,,,,,,,m
00:01:36.932,,,,,,,,,,,,,,,
00:01:36.798,*,r3,#,#,l3,*,,,,,,,,,mo
00:01:36.664,,,,,,,,,,,,,,,
00:01:36.530,,,,,,,,,s,,s,s,s,s,mi
00:01:36.397,,,,,,,,,,,,,,,
00:01:36.263,,,,,,,,s,,,,,,,
00:01:36.129,,,,,,,,,,,,,,,
00:01:35.995,,@1,,,x2,,,,,,,,,,
00:01:35.861,,,,,,,,,,,,,,,
00:01:35.728,,,,,,,,,,,,,,,
00:01:35.594,,,,,,,,,,,,,,,
00:01:35.460,,,,,x2,,,,,,,,,,
00:01:35.327,,,,,,,,,,,,,,,
00:01:35.193,,,,,,,,,,,,,,,
00:01:35.059,,,,,,,,,,,,,,,
00:01:34.925,,,,,x2,,,e,,,,,,,
00:01:34.792,,,,,,,,,,,,,,,
00:01:34.658,,,,,,,,,,,,,,,
00:01:34.525,,,,,,,,,,,,,,,
00:01:34.391,,,,,x2,,,,,,,,,,
00:01:34.257,,,,,,,,,,,,,,,
00:01:34.124,,,,,,,,,,,,,,,
00:01:33.990,,,,,,,,,,,,,,,
00:01:33.856,,,,,@3,<3,,,e,,,,,e,mo
00:01:33.723,,,,,,,,,,,,,,,
00:01:33.589,,,,,,,,,,,,,,,
00:01:33.456,,,,,,,,,,,,,,,
00:01:33.322,,$^1,,,$>3,^3,,,,,,,,,mi
00:01:33.188,,,,,,,,,,,,,,,
00:01:33.055,,,,,,,,,,,,,,,m
00:01:32.921,,,,,,,,,,,,,,,
00:01:32.788,,,,@3,,,,,,,,,,,mo
00:01:32.654,,,,,,,,,,,,,,,
00:01:32.521,,,,,,,,,,,,,,,
00:01:32.387,,,,,,,,,,,,,,,
00:01:32.254,,,,$^3,,,,,s,,,,,s,mi
00:01:32.120,,,,,,,,,,,,,,,
00:01:31.987,,,,,,,,,,,,,,,
00:01:31.853,,,,,,,,,,,,,,,
00:01:31.720,,,,,,,,,,,,,,,
00:01:31.586,,,@3,,,,,,,,,,,e,mo
00:01:31.453,,,,,,,,,,,,,,,
00:01:31.319,,,,,,,,,,,,,,,
00:01:31.186,,,,,,,,,,,,,,,
00:01:31.052,,,,,,,,,,,,,,,
00:01:30.919,,,$^3,,,,,,,,,,,,mi
00:01:30.786,,,,,,,,,,,,,,,
00:01:30.652,,,,,x3,,,,e,,,,,,m
00:01:30.519,,,,,,,,,,,,,,,
00:01:30.385,,@3,,,,,,,,,,,,,mo
00:01:30.252,,,,,,,,,,,,,,,
00:01:30.119,,$^3,,,,,,,s,,,,,,mi
00:01:29.985,,,,,,,,,,,,,,,
00:01:29.852,,,,,,,,,,,,,,s,
00:01:29.719,,,,,,,,,,,,,,,
00:01:29.585,,,,,,,,,,,,,,,
00:01:29.452,,,,,,@3,,,,,,,,e,mo
00:01:29.319,,,,,,,,,,,,,,,
00:01:29.185,,,,,,,,,,,,,,,
00:01:29.052,,,,,,,,,,,,,,,
00:01:28.919,,,,,,,,,,,,,,,
00:01:28.785,,,,,,$^3,,,,,,,,,mi
00:01:28.652,,,,,,,,,,,,,,,
00:01:28.519,,,x3,,,,,,e,,,,,,m
00:01:28.385,,,,,,,,,,,,,,,
00:01:28.252,,,,@3,,,,,,,,,,,mo
00:01:28.119,,,,,,,,,,,,,,,
00:01:27.985,,,,$^3,,,,,s,,,,,,mi
00:01:27.852,,,,,,,,,,,,,,,
00:01:27.719,,,,,,,,,,,,,,s,
00:01:27.585,,,,,,,,,,,,,,,
00:01:27.452,,,,,,,,,,,,,,e,
00:01:27.319,,,,,,,,,,,,,,,
00:01:27.185,,,@3,,,,,,,,,,,,mo
00:01:27.052,,,,,,,,,,,,,,,
00:01:26.919,,,,,,,,,,,,,,,
00:01:26.785,,,,,,,,,,,,,,,
00:01:26.652,,,$^3,,,,,,,,,,,,mi
00:01:26.519,,,,,,,,,,,,,,,
00:01:26.385,,,,,x3,,,,e,,,,,,m
00:01:26.252,,,,,,,,,,,,,,,
00:01:26.119,,@3,,,,,,,,,,,,,mo
00:01:25.985,,,,,,,,,,,,,,,
00:01:25.852,,$^3,,,,,,,s,,,,,,mi
00:01:25.719,,,,,,,,,,,,,,,
00:01:25.585,,,,,,,,,,,,,,s,
00:01:25.452,,,,,,,,,,,,,,,
00:01:25.319,,,,,,,,,,,,,,,
00:01:25.185,,,,,@3,,,,,,,,,e,mo
00:01:25.052,,,,,,,,,,,,,,,
00:01:24.919,,,,,,,,,,,,,,,
00:01:24.785,,,,,,,,,,,,,,,
00:01:24.652,,,,,,,,,,,,,,,
00:01:24.519,,,,,$^3,,,,,,,,,,mi
00:01:24.385,,,,,,,,,,,,,,,
00:01:24.252,,x3,,,,,,,e,,,,,,m
00:01:24.119,,,,,,,,,,,,,,,
00:01:23.985,,,,,@3,,,,,,,,,,mo
00:01:23.852,,,,,,,,,,,,,,,
00:01:23.719,,,,,$^3,,,,s,,,,,,mi
00:01:23.585,,,,,,,,,,,,,,,
00:01:23.452,,,,,,,,,,,,,,s,
00:01:23.319,,,,,,,,,,,,,,,
00:01:23.185,,@3,,,,,,,,,,,,e,mo
00:01:23.052,,,,,,,,,,,,,,,
00:01:22.919,,,,,,,,,,,,,,,
00:01:22.785,,,,,,,,,,,,,,,
00:01:22.652,,,,,,,,,,,,,,,
00:01:22.519,,,,,,,,,,,,,,,
00:01:22.385,,$^3,,,,,,,,,,,,,mi
00:01:22.252,,,,,,,,,,,,,,,
00:01:22.119,,,,,,,,,,,,,,,
00:01:21.985,,,,x3,,,,,,,,,,,m
00:01:21.852,,,,,,,,,,,,,,,
00:01:21.719,,,,,,,,,,,,,,,
00:01:21.585,,,x3,,,,,,,,,,,,m
00:01:21.452,,,,,,,,,,,,,,,
00:01:21.319,,,,x3,,,,,,,,,,s,m
00:01:21.185,,,,,,,,,,,,,,,
00:01:21.052,,,,,,,,,,,,,,,
00:01:20.919,,,,,,,,,,,,,,e,
00:01:20.785,,,,,,,,,,,,,,,
00:01:20.652,,,,,,,,,,,,,,,
00:01:20.519,,,,,,,,,,,,,,,
00:01:20.385,,,,,,,,,,,,,,,
00:01:20.252,,,x3,,,,,,,,,,,,m
00:01:20.119,,,,,,,,,,,,,,,
00:01:19.985,,,,,,,,,,,,,,,
00:01:19.852,,,,x3,,,,,,,,,,,m
00:01:19.719,,,,,,,,,,,,,,,
00:01:19.585,,,,,,,,,,,,,,,
00:01:19.452,,,,,x3,,,s,,,,,,,m
00:01:19.319,,,,,,,,,,,,,,,
00:01:19.185,,,,,,x3,,,,,,,,s,m
00:01:19.052,,,,,,,,,,,,,,,
00:01:18.919,,,,,,,,,,,,,,,
00:01:18.785,,,,,,,,,,,,,,e,
00:01:18.652,,,,,,,,,,,,,,,
00:01:18.519,,,,,,,,,,,,,,,
00:01:18.385,,,,,,,,,,,,,,,
00:01:18.252,,,,,,,,,,,,,,,
00:01:18.119,,,,,,x3,,,,,,,,,m
00:01:17.985,,,,,,,,,,,,,,,
00:01:17.852,,,,,,,,,,,,,,,
00:01:17.719,,,,,x3,,,,,,,,,,m
00:01:17.585,,,,,,,,,,,,,,,
00:01:17.452,,,,,,,,,,,,,,,
00:01:17.319,,x3,,,,,,,,,,,,,m
00:01:17.185,,,,,,,,,,,,,,,
00:01:17.052,x3,,,,,,,,,,,,,s,m
00:01:16.919,,,,,,,,,,,,,,,
00:01:16.785,,,,,,,,,,,,,,,
00:01:16.652,,,,,,,,,,,,,,e,
00:01:16.519,,,,,,,,,,,,,,,
00:01:16.385,,,,,,,,,,,,,,,
00:01:16.252,,,,,,,,,,,,,,,
00:01:16.119,,,,,,,,,,,,,,,
00:01:15.985,,x3,,,x3,,,,,,,,,,m
00:01:15.852,,,,,,,,,,,,,,,
00:01:15.719,,,,,,,,e,,,,,,,
00:01:15.585,,,,,x3,,,,,,,,,,m
00:01:15.452,,,,,,,,,,,,,,,
00:01:15.319,,,,,,,,,,,,,,,
00:01:15.185,,x3,,,,,,,,,,,,,m
00:01:15.052,,,,,,,,,,,,,,,
00:01:14.919,,,,,x3,,,,,,,,,s,m
00:01:14.785,,,,,,,,,,,,,,,
00:01:14.652,,@3,,,,,,,,,,,,e,mo
00:01:14.519,,,,,,,,,,,,,,,
00:01:14.385,,,,,,,,,,,,,,,
00:01:14.252,,,,,,,,,,,,,,,
00:01:14.119,,,,,,,,,,,,,,,
00:01:13.985,,,,,,,,,,,,,,,
00:01:13.852,,$^3,,,,,,,,,,,,,mi
00:01:13.719,,,,,,,,,,,,,,,
00:01:13.585,,,,,x3,,,,,,,,,,m
00:01:13.452,,,,,,,,,,,,,,,
00:01:13.319,,@3,,,,,,,,,,,,,mo
00:01:13.185,,,,,,,,,,,,,,,
00:01:13.052,,,,,,,,s,,,,,,,
00:01:12.919,,$^3,,,,,,,,,,,,,mi
00:01:12.785,,,,,,,,,,,,,,s,
00:01:12.652,,,,,,,,,,,,,,,
00:01:12.519,,,,,,,,,,,,,,,
00:01:12.385,,,,,,,,,,,,,,e,
00:01:12.252,,,,,,,,,,,,,,,
00:01:12.119,,,,,,,,,,,,,,,
00:01:11.985,,,,,,,,,,,,,,,
00:01:11.852,,,,,,,,,,,,,,,
00:01:11.719,,,,,r3,,,,,,,,,,m
00:01:11.585,,,,,,,,,,,,,,,
00:01:11.452,,,,,,,,e,,,,,,,
00:01:11.319,,,,r3,,,,,,,,,,,m
00:01:11.185,,,,,,,,,,,,,,,
00:01:11.052,,,,,,,,,,,,,,,
00:01:10.919,,,l3,,,,,,,,,,,,m
00:01:10.785,,,,,,,,,,,,,,,
00:01:10.652,,l3,,,,,,,,,,,,s,m
00:01:10.519,,,,,,,,,,,,,,,
00:01:10.385,,,,,,,,,,,,,,e,
00:01:10.252,,,,,,,,,,,,,,,
00:01:10.119,,,,,,,,,,,,,,,
00:01:09.985,,,,,,,,,,,,,,,
00:01:09.852,,,,,,,,,,,,,,,
00:01:09.719,,,,,,,,,,,,,,,
00:01:09.585,,x3,,,x3,,,,,,,,,,m
00:01:09.452,,,,,,,,,,,,,,,
00:01:09.319,,,,,,,,,,,,,,,
00:01:09.185,,,x3,,,,,,,,,,,,m
00:01:09.052,,,,,,,,,,,,,,,
00:01:08.919,,,,,,,,,,,,,,,
00:01:08.785,,,,,x3,,,,,,,,,,m
00:01:08.652,,,,,,,,,,,,,,,
00:01:08.519,,,,,,x3,,,,,,,,s,m
00:01:08.385,,,,,,,,,,,,,,,
00:01:08.252,,,,,,,,,,,,,,,
00:01:08.119,,,,,,,,,,,,,,,
00:01:07.985,,,,,,,,,,,,,,e,
00:01:07.852,,,,,,,,,,,,,,,
00:01:07.719,,,,,,,,,,,,,,,
00:01:07.585,,,,,,,,,,,,,,,
00:01:07.452,,x3,,,,,,,,,,,,,m
00:01:07.319,,,,,,,,,,,,,,,
00:01:07.185,,,,,,,,,,,,,,,
00:01:07.052,x3,,,,,,,,,,,,,,m
00:01:06.919,,,,,,,,,,,,,,,
00:01:06.785,,,,,,,,,,,,,,,
00:01:06.652,,,,,x3,,,,,,,,,,m
00:01:06.519,,,,,,,,,,,,,,,
00:01:06.385,,,,x3,,,,,,,,,,,m
00:01:06.252,,@4,,,,,,,,,,,,s,
00:01:06.119,,,,,,,,,,,,,,,
00:01:05.985,,,,,,,,,,,,,,,
00:01:05.852,,,,,,,,,,,,,,,
00:01:05.719,,,,,,,,,,,,,,,
00:01:05.585,,,,,,,,,,,,,,,
00:01:05.452,,,,,,,,,,,,,,,
00:01:05.319,,,,,,,,,,,,,,,
00:01:05.185,,,,,,,,,,,,,,,
00:01:05.052,,,,,,,,,,,,,,,
00:01:04.919,,,,,,,,,,,,,,,
00:01:04.785,,,,,,,,,,,,,,,
00:01:04.652,,,,,,,,,,,,,,,
00:01:04.519,,$^4,,,,,,,,,,,,,
00:01:04.385,,,,,,,,,,,,,,,
00:01:04.252,,,,@4,,,,,,,,,,,
00:01:04.119,,,,,,,,,,,,,,,
00:01:03.985,,,,,,,,,,,,,,,
00:01:03.852,,,,,,,,,,,,,,e,
00:01:03.719,,,,,,,,,,,,,,,
00:01:03.585,,,,,,,,,,,,,,,
00:01:03.452,,,,$^4,,,,,,,,,,,
00:01:03.319,,,,,,,,,,,,,,,
00:01:03.185,,,,,x3,,,,,,,,,,m
00:01:03.052,,,,,,,,,,,,,,,
00:01:02.919,,,,x3,,,,,,,,,,,m
00:01:02.785,,,,,,,,,,,,,,,
00:01:02.652,,,,,,,,,,,,,,,
00:01:02.519,,,,,,,,,,,,,,,
00:01:02.385,,,x3,,,,,s,,,,,,,m
00:01:02.252,,,,,,,,,,,,,,,
00:01:02.119,,,,x3,,,,,,,,,,s,m
00:01:01.985,,,,,,,,,,,,,,,
00:01:01.852,,@3,,,,,,,,,,,,e,mo
00:01:01.719,,,,,,,,,,,,,,,
00:01:01.585,,,,,,,,,,,,,,,
00:01:01.452,,,,,,,,,,,,,,,
00:01:01.319,,,,,,,,,,,,,,,
00:01:01.185,,,,,,,,,,,,,,,
00:01:01.052,,$^3,,,,,,,,,,,,,mi
00:01:00.919,,,,,,,,,,,,,,,
00:01:00.785,,,,,,,,e,,,,,,,
00:01:00.652,,,,x3,,,,,,,,,,,m
00:01:00.519,,,,,,,,,,,,,,,
00:01:00.385,,,,,,,,,,,,,,,
00:01:00.252,x3,,,,,,,s,,,,,,,m
00:01:00.119,,,,,,,,,,,,,,,
00:00:59.985,,,,,,x3,,,,,,,,s,m
00:00:59.852,,,,,,,,,,,,,,,
00:00:59.719,,,,,,,,,,,,,,,
00:00:59.585,,,,,,,,,,,,,,,
00:00:59.452,,,,,,,,,,,,,,e,
00:00:59.319,,,,,,,,,,,,,,,
00:00:59.185,,,,,,,,,,,,,,,
00:00:59.052,,,,,,,,,,,,,,,
00:00:58.919,,r3,,,l3,,,,,,,,,,m
00:00:58.785,,,,,,,,,,,,,,,
00:00:58.652,,,,x3,,,,e,,,,,,,m
00:00:58.519,,,,,,,,,,,,,,,
00:00:58.385,,,,,,,,,,,,,,,
00:00:58.252,,,,,,,,,,,,,,,
00:00:58.119,,,x3,,,,,,,,,,,,m
00:00:57.985,,,,,,,,,,,,,,,
00:00:57.852,,,,x3,,,,,,,,,,s,m
00:00:57.719,,,,,,,,,,,,,,,
00:00:57.585,,,,,,,,,,,,,,,
00:00:57.452,,,,,,,,,,,,,,,
00:00:57.319,,,,,,,,,,,,,,e,
00:00:57.185,,,,,,,,,,,,,,,
00:00:57.052,,,,,,,,,,,,,,,
00:00:56.919,,,,,,,,,,,,,,,
00:00:56.785,,x3,,,x3,,,,,,,,,,m
00:00:56.652,,,,,,,,,,,,,,,
00:00:56.519,,,x3,,,,,,,,,,,,m
00:00:56.385,,,,,,,,,,,,,,,
00:00:56.252,,,,,,,,,,,,,,,
00:00:56.119,,,,,,,,,,,,,,,
00:00:55.985,,x3,,,,,,,,,,,,,m
00:00:55.852,,,,,,,,,,,,,,,
00:00:55.719,x3,,,,,,,,,,,,,s,m
00:00:55.585,,,,,,,,,,,,,,,
00:00:55.452,,,,,,,,,,,,,,e,
00:00:55.319,,,,,,,,,,,,,,,
00:00:55.185,,,,,,,,,,,,,,,
00:00:55.052,,,,,,,,,,,,,,,
00:00:54.919,,,,,,,,,,,,,,,
00:00:54.785,,,,,x3,,,,,,,,,,m
00:00:54.652,,,,,,,,,,,,,,,
00:00:54.519,,,,,,,,,,,,,,,
00:00:54.385,,x3,,,,,,,,,,,,,m
00:00:54.252,,,,,,,,,,,,,,,
00:00:54.119,,,,,,,,,,,,,,,
00:00:53.985,,,,,,,,,,,,,,,
00:00:53.852,,,,,x3,,,,,,,,,,m
00:00:53.719,,,,,,,,,,,,,,,
00:00:53.585,,x3,,,,,,,,,,,,s,m
00:00:53.452,,,,,,,,,,,,,,,
00:00:53.319,,,,,,,,,,,,,,,
00:00:53.185,,,,,,,,,,,,,,e,
00:00:53.052,,,,,,,,,,,,,,,
00:00:52.919,,,,,,,,,,,,,,,
00:00:52.785,,,,,,,,,,,,,,,
00:00:52.652,,,,,,,,,,,,,,,
00:00:52.519,,,x3,,,,,,,,,,,,m
00:00:52.385,,,,,,,,,,,,,,,
00:00:52.252,,,,x3,,,,,,,,,,,m
00:00:52.119,,,,,,,,,,,,,,,
00:00:51.985,,,,,,,,,,,,,,,
00:00:51.852,,,,,,,,,,,,,,,
00:00:51.719,,x3,,,,,,,,,,,,,m
00:00:51.585,,,,,,,,,,,,,,,
00:00:51.452,,,,,x3,,,,,,,,,s,m
00:00:51.319,,,,,,,,,,,,,,,
00:00:51.185,,,,,,,,,,,,,,,
00:00:51.052,,,,,,,,,,,,,,e,
00:00:50.919,,,,,,,,,,,,,,,
00:00:50.785,,,,,,,,,,,,,,,
00:00:50.652,,,,,,,,,,,,,,,
00:00:50.519,,,,,,,,,,,,,,,
00:00:50.385,,,x3,x3,,,,,,,,,,,m
00:00:50.252,,,,,,,,,,,,,,,
00:00:50.119,,,,,,,,,,,,,,,
00:00:49.985,,,,x3,,,,,,,,,,,m
00:00:49.852,,,,,,,,,,,,,,,
00:00:49.719,,,,,,,,,,,,,,,
00:00:49.585,,,x3,,,,,,,,,,,,m
00:00:49.452,,,,,,,,,,,,,,,
00:00:49.319,,,,x3,,,,,,,,,,s,m
00:00:49.185,,,,,,,,,,,,,,,
00:00:49.052,,,,,,,,,,,,,,,
00:00:48.919,,,,,,,,,,,,,,,
00:00:48.785,,,,,,,,,,,,,,e,
00:00:48.652,,,,,,,,,,,,,,,
00:00:48.519,,,,,,,,,,,,,,,
00:00:48.385,,,,,,,,,,,,,,,
00:00:48.252,,,x3,,,,,,,,,,,,m
00:00:48.119,,,,,,,,,,,,,,,
00:00:47.985,,,,,,,,,,,,,,,
00:00:47.852,,,,,x3,,,,,,,,,,m
00:00:47.719,,,,,,,,,,,,,,,
00:00:47.585,,,,,,,,,,,,,,,
00:00:47.452,x3,,,,,,,s,,,,,,,m
00:00:47.319,,,,,,,,,,,,,,,
00:00:47.185,,x3,,,@4,,,,,,,,,s,m
00:00:47.052,,,,,,,,,,,,,,,
00:00:46.919,x2,,,,,,,,,,,,,,
00:00:46.785,,,,,,,,,,,,,,,
00:00:46.652,,,,,,,,,,,,,,,
00:00:46.519,,,,,,,,,,,,,,,
00:00:46.385,,x2,,,,,,,,,,,,,
00:00:46.252,,,,,,,,,,,,,,,
00:00:46.119,,,,,,,,,,,,,,,
00:00:45.985,,,,,,,,,,,,,,,
00:00:45.852,x2,,,,,,,e,,,,,,,
00:00:45.719,,,,,,,,,,,,,,,
00:00:45.585,,,,,,,,,,,,,,,
00:00:45.452,,,,,,,,,,,,,,,
00:00:45.318,,,,,$^4,,,,,,,,,,
00:00:45.185,,,,,,,,,,,,,,,
00:00:45.052,,,,,,,,,,,,,,,
00:00:44.918,,,,,,,,,,,,,,,
00:00:44.785,,x2,,,,,,,,,,,,,
00:00:44.652,,,,,,,,,,,,,,,
00:00:44.518,,,,,,,,,,,,,,e,
00:00:44.385,,,,,,,,,,,,,,,
00:00:44.251,,x2,,,,,,,,,,,,,
00:00:44.118,,,,,,,,,,,,,,,
00:00:43.985,,,,,x3,,,,,,,,,,m
00:00:43.851,,,,,,,,,,,,,,,
00:00:43.718,,,,x3,,,,,,,,,,,m
00:00:43.584,,,,,,,,,,,,,,,
00:00:43.451,,,,,,,,,,,,,,,
00:00:43.317,,,,,,,,,,,,,,,
00:00:43.184,,,,,x3,,,,,,,,,,m
00:00:43.050,,,,,,,,,,,,,,,
00:00:42.917,,,,,,,,,,,,,,,
00:00:42.783,,,,,,,,,,,,,,,
00:00:42.650,,,,x3,,,,,,,,,,,m
00:00:42.516,,,,,,,,,,,,,,,
00:00:42.383,,@3,,,,,,,,,,,,,mo
00:00:42.249,,,,,,,,,,,,,,,
00:00:42.116,,,,,,,,,,,,,,,
00:00:41.982,,,,,,,,,,,,,,,
00:00:41.849,,$^3,,,,,,,,,,,,,mi
00:00:41.715,,,,,,,,,,,,,,,
00:00:41.582,,,,,x3,,,,,,,,,,m
00:00:41.448,,,,,,,,,,,,,,,
00:00:41.315,,,,,,,,,,,,,,,
00:00:41.181,,,,,,,,,,,,,,,
00:00:41.048,,,,x3,,,,,,,,,,,m
00:00:40.914,,,,,,,,,,,,,,,
00:00:40.780,,,,,x3,,,,,,,,,s,m
00:00:40.647,,,,,,,,,,,,,,,
00:00:40.513,,,,,,,,,,,,,,,
00:00:40.380,,,,,,,,,,,,,,e,
00:00:40.246,,,,,,,,,,,,,,,
00:00:40.112,,,,,,,,,,,,,,,
00:00:39.979,,,,,,,,,,,,,,,
00:00:39.845,,,,,,,,,,,,,,,
00:00:39.712,,,,x3,,,,,,,,,,,m
00:00:39.578,,,,,,,,,,,,,,,
00:00:39.445,,,x3,,,,,,,,,,,,m
00:00:39.312,,,,,,,,,,,,,,,
00:00:39.178,,,,,,,,,,,,,,,
00:00:39.045,,,,,,,,,,,,,,,
00:00:38.912,,x3,,,,,,,,,,,,,m
00:00:38.779,,,,,,,,,,,,,,,
00:00:38.646,x3,,,,,,,s,,,,,,s,m
00:00:38.513,,,,,,,,,,,,,,,
00:00:38.380,,,,,,,,,,,,,,,
00:00:38.248,,,,,,,,,,,,,,e,
00:00:38.115,,,,,,,,,,,,,,,
00:00:37.983,,,,,,,,,,,,,,,
00:00:37.850,,,,,,,,,,,,,,,
00:00:37.718,,,,,,,,,,,,,,,
00:00:37.585,,,x3,,,,,,,,,,,,m
00:00:37.453,,,,,,,,,,,,,,,
00:00:37.321,,,,x3,,,,,,,,,,,m
00:00:37.189,,,,,,,,,,,,,,,
00:00:37.057,,,,,,,,e,,,,,,,
00:00:36.925,,,,,,,,,,,,,,,
00:00:36.793,,,,,x3,,,,,,,,,,m
00:00:36.659,,,,,,,,,,,,,,,
00:00:36.525,,,,,,x3,,,,,,,,s,m
00:00:36.391,,,,,,,,s,,,,,,,
00:00:36.257,,,,,,,,,,,,,,,
00:00:36.124,,,,,,,,,,,,,,,
00:00:35.991,,,,,,,,,,,,,,e,
00:00:35.857,,,,,,,,,,,,,,,
00:00:35.724,,,,,,,,,,,,,,,
00:00:35.592,,,,,,,,,,,,,,,
00:00:35.459,,,,x3,,,,,,,,,,,m
00:00:35.326,,,,,,,,,,,,,,,
00:00:35.194,,,,,,,,,,,,,,,
00:00:35.059,,,,,,,,,,,,,,,
00:00:34.925,,,x3,,,,,,,,,,,,m
00:00:34.790,,,,,,,,,,,,,,,
00:00:34.656,,,,x3,,,,,,,,,,,m
00:00:34.522,,,,,,,,,,,,,,,
00:00:34.388,x3,,,,,,,,,,,,,s,m
00:00:34.254,,,,,,,,,,,,,,,
00:00:34.120,,,,,,,,e,,,,,,,
00:00:33.987,,,,,,,,,,,,,,,
00:00:33.853,,,,,,,,,,,,,,e,
00:00:33.720,,,,,,,,,,,,,,,
00:00:33.587,,,,,,,,,,,,,,,
00:00:33.453,,,,,,,,,,,,,,,
00:00:33.320,,,,,l3,,,,,,,,,,m
00:00:33.186,,,,,,,,,,,,,,,
00:00:33.053,,,,,,,,,,,,,,,
00:00:32.919,,,,x3,,,,,,,,,,,m
00:00:32.784,,,,,,,,,,,,,,,
00:00:32.650,,,,,,,,,,,,,,,
00:00:32.516,,,x3,,,,,,,,,,,,m
00:00:32.381,,,,,,,,,,,,,,,
00:00:32.246,,x3,,,,,,s,,,,,,s,m
00:00:32.111,,,,,,,,,,,,,,,
00:00:31.976,,,,,,,,,,,,,,,
00:00:31.841,,,,,,,,,,,,,,,
00:00:31.707,,,,,,,,,,,,,,e,
00:00:31.573,,,,,,,,,,,,,,,
00:00:31.439,,,,,,,,,,,,,,,
00:00:31.306,,,,,,,,,,,,,,,
00:00:31.173,r3,,,,,,,,,,,,,,m
00:00:31.040,,,,,,,,,,,,,,,
00:00:30.907,,,,,,,,,,,,,,,
00:00:30.774,,x3,,,,,,,,,,,,,m
00:00:30.641,,,,,,,,,,,,,,,
00:00:30.508,,,,,,,,,,,,,,,
00:00:30.375,,,x3,,,,,,,,,,,,m
00:00:30.241,,,,,,,,,,,,,,,
00:00:30.108,,,,x3,,,,,,,,,,s,m
00:00:29.975,,,,,,,,,,,,,,,
00:00:29.842,,,,,,,,,,,,,,,
00:00:29.709,,,,,,,,,,,,,,e,
00:00:29.576,,,,,,,,e,,,,,,,
00:00:29.443,,,,,,,,,,,,,,,
00:00:29.310,,,,,,,,,,,,,,,
00:00:29.177,,,,,,,,,,,,,,,
00:00:29.044,,x3,,,x3,,,,,,,,,,m
00:00:28.911,,,,,,,,,,,,,,,
00:00:28.778,,,,,,,,,,,,,,,
00:00:28.645,,,,,x3,,,,,,,,,,m
00:00:28.512,,,,,,,,,,,,,,,
00:00:28.379,,,,,,,,,,,,,,,
00:00:28.246,,x3,,,,,,s,,,,,,,m
00:00:28.113,,,,,,,,,,,,,,,
00:00:27.980,,,,,,,,,,,,,,s,m
00:00:27.847,,,,,,,,,,,,,,,
00:00:27.714,,,,,,,,,,,,,,,
00:00:27.581,,,,,,,,,,,,,,,
00:00:27.448,#,l2,,,r2,#,,,,,,,,,
00:00:27.315,,,,,,,,,,,,,,,
00:00:27.182,,,,,,,,,,,,,,,
00:00:27.049,,,,,,,,,,,,,,,
00:00:26.916,,,,,,,,,,,,,,,
00:00:26.783,,,,,,,,,,,,,,,
00:00:26.649,,x2,,,,,,,,,,,,,
00:00:26.516,,,,,,,,,,,,,,,
00:00:26.383,,,,,,,,e,,,,,,,
00:00:26.250,,,,,,,,,,,,,,,
00:00:26.117,,,,,l2,,,,,,,,,,
00:00:25.984,,,,,,,,,,,,,,,
00:00:25.851,,,,,,,,,,,,,,,
00:00:25.718,,,,,,,,,,,,,,,
00:00:25.585,,x2,,,,,,,,,,,,,
00:00:25.452,,,,,,,,,,,,,,,
00:00:25.319,,,,,,,,,,,,,,,
00:00:25.186,,,,,,,,,,,,,,,
00:00:25.053,,,,,r2,,,,,,,,,,
00:00:24.920,,,,,,,,,,,,,,,
00:00:24.787,,,,,,,,,,,,,,,
00:00:24.654,,,,,,,,,,,,,,,
00:00:24.521,,x2,,,,,,,,,,,,,
00:00:24.388,,,,,,,,,,,,,,,
00:00:24.254,,,,,,,,,,,,,,,
00:00:24.121,,,,,,,,,,,,,,,
00:00:23.988,,,,,l2,,,s,,,,,,,
00:00:23.854,,,,,,,,,,,,,,,
00:00:23.721,,,,,,,,,,,,,,,
00:00:23.587,,,,,,,,,,,,,,,
00:00:23.454,,x2,,,x2,,,,,,,,,,
00:00:23.320,,,,,,,,,,,,,,,
00:00:23.186,,,,,,,,e,,,,,,,
00:00:23.052,,,,,,,,,,,,,,,
00:00:22.918,,,,,x2,,,,,,,,,,
00:00:22.784,,,,,,,,,,,,,,,
00:00:22.649,,,,,,,,,,,,,,,
00:00:22.515,,,,,,,,,,,,,,,
00:00:22.381,,,,,,x2,,,,,,,,,
00:00:22.246,,,,,,,,,,,,,,,
00:00:22.112,,,,,,,,,,,,,,,
00:00:21.977,,,,,,,,,,,,,,,
00:00:21.842,,,,,x2,,,s,,,,,,,
00:00:21.710,,,,,,,,,,,,,,,
00:00:21.577,,,,,,,,,,,,,,,
00:00:21.445,,,,,,,,,,,,,,,
00:00:21.312,,,,,,x2,,,,,,,,,
00:00:21.181,,,,,,,,,,,,,,,
00:00:21.050,,,,,,,,,,,,,,,
00:00:20.919,,,,,,,,,,,,,,,
00:00:20.788,,,,,x2,,,,,,,,,,
00:00:20.655,,,,,,,,,,,,,,,
00:00:20.521,,,,,,,,,,,,,,,
00:00:20.388,,,,,,,,,,,,,,,
00:00:20.255,,,,,,x2,,,,,,,,,
00:00:20.121,,,,,,,,,,,,,,,
00:00:19.987,,,,,,,,,,,,,,,
00:00:19.853,,,,,,,,,,,,,,,
00:00:19.719,,,,,x2,,,,,,,,,,
00:00:19.585,,,,,,,,,,,,,,,
00:00:19.451,,,,,,,,,,,,,,,
00:00:19.317,,,,,,,,,,,,,,,
00:00:19.183,,,l2,r2,,,,,,,,,,,
00:00:19.050,,,,,,,,,,,,,,,
00:00:18.916,,,,,,,,e,,,,,,,
00:00:18.782,,,,,,,,,,,,,,,
00:00:18.649,,x2,,,,,,,,,,,,,
00:00:18.515,,,,,,,,,,,,,,,
00:00:18.382,,,,,,,,,,,,,,,
00:00:18.249,,,,,,,,,,,,,,,
00:00:18.115,,,x2,,,,,,,,,,,,
00:00:17.982,,,,,,,,,,,,,,,
00:00:17.849,,,,,,,,,,,,,,,
00:00:17.716,,,,,,,,,,,,,,,
00:00:17.583,,x2,,,,,,s,,,,,,,
00:00:17.450,,,,,,,,,,,,,,,
00:00:17.317,,,,,,,,,,,,,,,
00:00:17.184,,,,,,,,,,,,,,,
00:00:17.051,,,x2,,,,,,,,,,,,
00:00:16.919,,,,,,,,,,,,,,,
00:00:16.786,,,,,,,,,,,,,,,
00:00:16.653,,,,,,,,,,,,,,,
00:00:16.521,,x2,,,,,,,,,,,,,
00:00:16.388,,,,,,,,,,,,,,,
00:00:16.256,,,,,,,,,,,,,,,
00:00:16.123,,,,,,,,,,,,,,,
00:00:15.991,,,x2,,,,,,,,,,,,
00:00:15.858,,,,,,,,,,,,,,,
00:00:15.725,,,,,,,,,,,,,,,
00:00:15.592,,,,,,,,,,,,,,,
00:00:15.459,,x2,,,,,,,,,,,,,
00:00:15.325,,,,,,,,,,,,,,,
00:00:15.191,,,,,,,,,,,,,,,
00:00:15.057,,,,,,,,,,,,,,,
00:00:14.923,,,x2,x2,,,,,,,,,,,
00:00:14.790,,,,,,,,,,,,,,,
00:00:14.656,,,,,,,,e,,,,,,,
00:00:14.522,,,,,,,,,,,,,,,
00:00:14.388,,x2,,,x2,,,,,,,,,,
00:00:14.255,,,,,,,,,,,,,,,
00:00:14.121,,,,,,,,,,,,,,,
00:00:13.987,,,,,,,,,,,,,,,
00:00:13.854,,,x2,x2,,,,,e,,,,,,
00:00:13.721,,,,,,,,,,,,,,,
00:00:13.587,,,,,,,,,,,,,,,
00:00:13.454,,,,,,,,,,,,,,,
00:00:13.321,,x2,,,x2,,,s,s,,,,,,
00:00:13.187,,,,,,,,,,,,,,,
00:00:13.054,,,,,,,,,,,,,,,
00:00:12.921,,,,,,,,,,,,,,,
00:00:12.788,,x2,,,,,,,,,,,,,
00:00:12.655,,,,,,,,,,,,,,,
00:00:12.522,,,,,,,,,,,,,,,
00:00:12.390,,,,,,,,,,,,,,,
00:00:12.257,,,,,x2,,,,,,,,,,
00:00:12.123,,,,,,,,,,,,,,,
00:00:11.990,,,,,,,,,,,,,,,
00:00:11.857,,,,,,,,,,,,,,,
00:00:11.723,,x2,,,,,,,,,,,,,
00:00:11.589,,,,,,,,,,,,,,,
00:00:11.454,,,,,,,,,,,,,,,
00:00:11.320,,,,,,,,,,,,,,,
00:00:11.185,,,,,x2,,,,,,,,,,
00:00:11.051,,,,,,,,,,,,,,,
00:00:10.917,,,,,,,,,,,,,,,
00:00:10.784,,,,,,,,,,,,,,,
00:00:10.650,,x2,,,,,,,,,,,,,
00:00:10.517,,,,,,,,,,,,,,,
00:00:10.385,,,,,,,,,,,,,,,
00:00:10.252,,,,,,,,,,,,,,,
00:00:10.120,,,,,x2,,,,,,,,,,
00:00:09.988,,,,,,,,,,,,,,,
00:00:09.857,,,,,,,,,,,,,,,
00:00:09.725,,,,,,,,,,,,,,,
00:00:09.593,,@4,,,@4,,,,,,,,,,
00:00:09.461,,,,,,,,,,,,,,,
00:00:09.328,,,,,,,,e,,,,,,,
00:00:09.195,,,,,,,,,,,,,,,
00:00:09.062,,$^4,,,$^4,,,s,,,,,,,
00:00:08.926,,,,,,,,,,,,,,,
00:00:08.790,,,,,,,,,,,,,,,
00:00:08.654,,,,,,,,,,,,,,,
00:00:08.518,,,,x2,,,,,,,,,,,
00:00:08.383,,,,,,,,,,,,,,,
00:00:08.247,,,,,,,,,,,,,,,
00:00:08.112,,,,,,,,,,,,,,,
00:00:07.976,,,x2,,,,,,,,,,,,
00:00:07.843,,,,,,,,,,,,,,,
00:00:07.709,,,,,,,,,,,,,,,
00:00:07.576,,,,,,,,,,,,,,,
00:00:07.442,,r2,,,,,,,,,,,,,
00:00:07.309,,,,,,,,,,,,,,,
00:00:07.175,,,,,,,,,,,,,,,
00:00:07.041,,,,,,,,,,,,,,,
00:00:06.908,,,x2,,,,,,,,,,,,
00:00:06.775,,,,,,,,,,,,,,,
00:00:06.642,,,,,,,,,,,,,,,
00:00:06.509,,,,,,,,,,,,,,,
00:00:06.376,,,,x2,,,,,,,,,,,
00:00:06.243,,,,,,,,,,,,,,,
00:00:06.110,,,,,,,,,,,,,,,
00:00:05.977,,,,,,,,,,,,,,,
00:00:05.844,,,,,x2,,,,,,,,,,
00:00:05.711,,,,,,,,,,,,,,,
00:00:05.578,,,,,,,,,,,,,,,
00:00:05.444,,,,,,,,,,,,,,,
00:00:05.311,,@4,,,@4,,,,,,,,,,
00:00:05.178,,,,,,,,,,,,,,,
00:00:05.044,,,,,,,,,,,,,,,
00:00:04.911,,,,,,,,,,,,,,,
00:00:04.777,,$^4,,,$^4,,,,,,,,,,
00:00:04.644,,,,,,,,,,,,,,,
00:00:04.510,,,,,,,,,,,,,,,
00:00:04.376,,,,,,,,,,,,,,,
00:00:04.242,,,,,x2,,,,,,,,,,
00:00:04.110,,,,,,,,,,,,,,,
00:00:03.978,,,,,,,,,,,,,,,
00:00:03.846,,,,,,,,,,,,,,,
00:00:03.714,,,,x2,,,,,,,,,,,
00:00:03.581,,,,,,,,,,,,,,,
00:00:03.448,,,,,,,,,,,,,,,
00:00:03.315,,,,,,,,,,,,,,,
00:00:03.183,,,x2,,,,,,,,,,,,
00:00:03.048,,,,,,,,,,,,,,,
00:00:02.914,,,,,,,,,,,,,,,
00:00:02.780,,,,,,,,,,,,,,,
00:00:02.646,,x2,,,,,,,,,,,,,
00:00:02.513,,,,,,,,,,,,,,,
00:00:02.381,,,,,,,,,,,,,,,
00:00:02.248,,,,,,,,,,,,,,,
00:00:02.116,,,,,x2,,,,,,,,,,
00:00:01.984,,,,,,,,,,,,,,,
00:00:01.852,,,,,,,,,,,,,,,
00:00:01.720,,,,,,,,,,,,,,,
00:00:01.588,,,,x2,,,,,,,,,,,
00:00:01.455,,,,,,,,,,,,,,,
00:00:01.322,,,,,,,,,,,,,,,
00:00:01.189,,,,,,,,,,,,,,,
00:00:01.056,,,x2,,,,,,,,,,,,
00:00:00.922,,,,,,,,,,,,,,,
00:00:00.788,,,,,,,,,,,,,,,
00:00:00.653,,,,,,,,,,,,,,,
00:00:00.519,*,x2,,,,*,s,,,,,,,,