00:04:08.366,,,,,,,w,w,w,w,,,,,
00:04:07.937,,,,,,,,,,e,,,,,
00:04:07.486,,,,,,,,,,,,,,,
00:04:07.012,,,,,,,,,,,,,,,
00:04:06.562,,,,,,,,,,,,,,,
00:04:06.157,,,,,,,,,,,,,,,
00:04:05.751,,,,,,,,,,,,,,e,
00:04:05.305,,,,,,,,,,,,,,,
00:04:04.898,,,,,,,,,,,,,,,
00:04:04.648,,,,,,,,,,,,,,,
00:04:04.524,,,,,,,,,,,,,,,
00:04:04.178,,x3,,,,,,,,,,,,,
00:04:03.942,,,,,,,,,,,,,,,
00:04:03.708,,,,,,,,,,,,,,,
00:04:03.591,,,,,,,,,,,,,,,
00:04:03.474,,,,,,,,,,,,,,,
00:04:03.239,,,,,x3,,,,,,e,,e,,
00:04:03.005,,,,,,,e,,,,,,,,
00:04:02.770,,,,,,,,,,,,,,,
00:04:02.692,,,,,,,,,,,,,,,
00:04:02.653,,x3,,,,,,,,,,,,,
00:04:02.614,,,,,,,,,,,,,,,
00:04:02.536,,,,,,,,e,,,,,,,
00:04:02.458,,,,,,,,,,,,,,,
00:04:02.380,,,,,,,,,,,,,,,
00:04:02.302,,,@3,@3,,,,,,,,,,,
00:04:02.224,,,,,,,,,,,,,,,
00:04:02.145,,,,,,,,,,,,,,,
00:04:02.067,,,,,,,,,,,,,,,
00:04:01.989,,,,,,,,,,,,,,,
00:04:01.911,,,,,,,,,,,,,,,
00:04:01.833,,,,,,,,,,,,,,,
00:04:01.755,,,,,,,,,,,,,,,
00:04:01.677,,,,,,,,,,,,,,,
00:04:01.599,,>3,^3,^3,<3,,,,,,,,,,
00:04:01.520,,,,,,,,,,,,,,,
00:04:01.442,,,,,,,,,,,,,,,
00:04:01.364,,,,,,,,,,,,,,,
00:04:01.286,,,,,,,,,,,,,,,
00:04:01.208,,,,,,,,,,,,,,,
00:04:01.130,,,,,,,,,,,,,,,
00:04:00.895,,,,,,,,,,,,,,,
00:04:00.661,,,,,,,,,,,,,,,
00:04:00.427,,$^3,,,$^3,,,,,,,,,,
00:04:00.278,,,,,,,,,,,,,,,
00:04:00.129,,,,,,,,,,,,,,,
00:03:59.980,,,,,@3,,,,,,,,,,
00:03:59.830,,,,,,,,,,,,,,,
00:03:59.680,,,,,,,,,,,,,,,
00:03:59.529,,,,,,,,,,,,,,,
00:03:59.453,,,,,,,,,,,,,,,
00:03:59.378,,,,,,,,,,,,,,,
00:03:59.227,,,,,,,,,,,,,,,
00:03:59.075,,,,,,,,,,,,,,,
00:03:58.923,,,,,,,,,,,,,,,
00:03:58.770,,,,,,,,,,,,,,,
00:03:58.618,,,,,$^3,,,,,,s,,s,,
00:03:58.483,,,,,,,,,,,,,,,
00:03:58.348,,,,,,,,,,,,,,,
00:03:58.213,,,,,,,,,,,e,,e,,
00:03:58.079,,,,x3,,,,,,,,,,,
00:03:57.945,,,,,,,,,,,,,,,
00:03:57.811,,,,,,,,,,,,,,,
00:03:57.677,,,,,,,,,,,,,,,
00:03:57.543,,x3,,,,,,,,,,,,,
00:03:57.410,,,,,,,,,,,,,,,
00:03:57.275,,,,,,,,,,,,,,,
00:03:57.140,,,,,,,,,,,,,,,
00:03:57.005,,,x3,,,,,,,,,,,,
00:03:56.869,,,,,,,,,,,s,,s,,
00:03:56.733,,,,,,,,,,,,,,,
00:03:56.596,,,,,,,,,,,,,,,
00:03:56.458,,,,,,,,,,,,,,,
00:03:56.320,,,,,,,,,,,,,,,
00:03:56.181,,,,,,,,,,,e,,e,,
00:03:56.042,,,,,,,,,,,,,,,
00:03:55.902,,,,,x3,,,,,,,,,,
00:03:55.764,,,,,,,,,,,,,,,
00:03:55.630,,,,,,,,,,,,,,,
00:03:55.500,,,,,,,,,,,,,,,
00:03:55.373,,,,x3,,,,,,,s,,s,,
00:03:55.246,,,,,,,,,,,,,,,
00:03:55.116,,,,,,,,,,,,,,,
00:03:54.983,,,,,,,,,,,,,,,
00:03:54.846,,@3,,,@3,,,,,,,,,,
00:03:54.707,,,,,,,,,,,,,,,
00:03:54.567,,,,,,,,,,,,,,,
00:03:54.428,,,,,,,,,,,e,,e,,
00:03:54.288,,,,,,,,,,,,,,,
00:03:54.149,,,,,,,,,,,,,,,
00:03:54.009,,,,,,,,,,,,,,,
00:03:53.869,,,,,,,,,,,,,,,
00:03:53.729,,^3,<3,>3,^3,,,,,,,,,,
00:03:53.597,,,,,,,,,,,,,,,
00:03:53.466,,,,,,,,,,,,,,,
00:03:53.335,,,,,,,,,,,,,,,
00:03:53.204,,,,,,,,,,,,,,,
00:03:53.073,,,,,,,,,,,,,,,
00:03:52.943,,,,,,,,,,,,,,,
00:03:52.813,,,,,,,,,,,,,,,
00:03:52.682,,>3,^3,^3,<3,,,,,,,,,,
00:03:52.596,,,,,,,,,,,,,,,
00:03:52.552,,,,,,,,,,,,,,,
00:03:52.509,,,,,,,,,,,,,,,
00:03:52.423,,,,,,,,,,,,,,,
00:03:52.293,,,,,,,,,,,,,,,
00:03:52.164,,$^3,,,$^3,,,,,,s,,s,,
00:03:52.023,,,,,,,,,,,,,,,
00:03:51.883,,,,,,,,,,,,,,,
00:03:51.745,,,,,,,,,,,e,,e,,
00:03:51.608,,,,x3,,,,,,,,,,,
00:03:51.472,,,,,,,,,,,,,,,
00:03:51.338,,,,,,,,,,,,,,,
00:03:51.204,,,,,,,,,,,,,,,
00:03:51.069,,,,,x3,,,,,,,,,,
00:03:50.934,,,,,,,,,,,,,,,
00:03:50.799,,,,,,,,,,,,,,,
00:03:50.663,,,,,,,,,,,,,,,
00:03:50.527,,x3,,,,,,,,,s,,s,,
00:03:50.390,,,,,,,,,,,,,,,
00:03:50.252,,,,,,,,,,,,,,,
00:03:50.114,,,,,,,,,,,,,,,
00:03:49.974,,,,,,,,,,,,,,,
00:03:49.833,,,,,,,,,,,,,,,
00:03:49.691,,,,,,,,,,,,,,,
00:03:49.549,,,,,,,,,,,e,,e,,
00:03:49.405,,,x3,,,,,,,,,,,,
00:03:49.262,,,,,,,,,,,,,,,
00:03:49.122,,,,,,,,,,,,,,,
00:03:48.984,,,,,,,,,,,,,,,
00:03:48.849,,,,x3,,,,,,,s,,s,,
00:03:48.715,,,,,,,,,,,,,,,
00:03:48.580,,,,,,,,,,,,,,,
00:03:48.444,,,,,,,,,,,,,,,
00:03:48.308,,,,,,,,,,,,,,,
00:03:48.171,,,,,,,,,,,,,,,
00:03:48.033,,@3,,,@3,,,,,,,,,,
00:03:47.894,,,,,,,,,,,e,,e,,
00:03:47.755,,,,,,,,,,,,,,,
00:03:47.615,,,,,,,,,,,,,,,
00:03:47.474,,,,,,,,,,,,,,,
00:03:47.332,,,,,,,,,,,,,,,
00:03:47.190,,$^3,,,$^3,,,,,,,,,,
00:03:47.056,,,,,,,,,,,,,,,
00:03:46.923,,,,,,,,,,,,,,,
00:03:46.789,,,,@3,,,,,,,,,,,
00:03:46.656,,,,,,,,,,,,,,,
00:03:46.523,,,,,,,,,,,,,,,
00:03:46.389,,,,,,,,,,,,,,,
00:03:46.255,,,,,,,,,,,,,,,
00:03:46.120,,,,^3,<3,,,,,,,,,,
00:03:46.030,,,,,,,,,,,,,,,
00:03:45.985,,,,,,,,,,,,,,,
00:03:45.940,,,,,,,,,,,,,,,
00:03:45.851,,,,,,,,,,,,,,,
00:03:45.715,,,,,,,,,,,,,,,
00:03:45.580,,,,,$^3,,,,,,s,,s,,
00:03:45.444,,,,,,,,,,,,,,,
00:03:45.309,,,,,,,,,,,,,,,
00:03:45.172,,,,,,,,,,,e,,e,,
00:03:45.036,,,x3,,,,,,,,,,,,
00:03:44.899,,,,,,,,,,,,,,,
00:03:44.763,,,,,,,,,,,,,,,
00:03:44.626,,,,,,,,,,,,,,,
00:03:44.489,,x3,,,,,,,,,,,,,
00:03:44.352,,,,,,,,,,,,,,,
00:03:44.215,,,,,,,,,,,,,,,
00:03:44.079,,,,,,,,,,,,,,,
00:03:43.943,,,,,x3,,,,,,,,,,
00:03:43.805,,,,,,,,,,,s,,s,,
00:03:43.664,,,,,,,,,,,,,,,
00:03:43.520,,,,,,,,,,,,,,,
00:03:43.373,,,,,,,,,,,,,,,
00:03:43.231,,,,,,,,,,,,,,,
00:03:43.098,,,,,,,,,,,,,,,
00:03:42.969,,,,,,,,,,,e,,e,,
00:03:42.837,,,x3,x3,,,,,,,,,,,
00:03:42.704,,,,,,,,,,,,,,,
00:03:42.568,,,,,,,,,,,,,,,
00:03:42.430,,,,,,,,,,,,,,,
00:03:42.290,,x3,,,x3,,,,,,s,,s,,
00:03:42.149,,,,,,,,,,,,,,,
00:03:42.011,,,,,,,,,,,,,,,
00:03:41.874,,,,,,,,,,,,,,,
00:03:41.739,,,,,,,,,,,,,,,
00:03:41.606,,,,,,,,,,,,,,,
00:03:41.475,,,,,@3,,,,,,,,,,
00:03:41.338,,,,,,,,,,,e,,e,,
00:03:41.194,,,,,,,,,,,,,,,
00:03:41.050,,,,,,,,,,,,,,,
00:03:40.905,,,,,,,,,,,,,,,
00:03:40.760,,,,,,,,,,,,,,,
00:03:40.615,,,,>3,^3,,,,,,,,,,
00:03:40.481,,,,,,,,,,,,,,,
00:03:40.348,,,,,,,,,,,,,,,
00:03:40.214,,,,,,,,,,,,,,,
00:03:40.082,,,,,,,,,,,,,,,
00:03:39.948,,,,,,,,,,,,,,,
00:03:39.815,,,,,,,,,,,,,,,
00:03:39.681,,,,,,,,,,,,,,,
00:03:39.546,,,,^3,<3,,,,,,,,,,
00:03:39.456,,,,,,,,,,,,,,,
00:03:39.410,,,,,,,,,,,,,,,
00:03:39.365,,,,,,,,,,,,,,,
00:03:39.274,,,,,,,,,,,,,,,
00:03:39.138,,,,,,,,,,,,,,,
00:03:39.000,,,,,$^3,,,,,,,,,,
00:03:38.863,,,,,,,,,,,s,,s,,
00:03:38.725,,,,,,,,,,,,,,,
00:03:38.587,,,,,,,,,,,e,,e,,
00:03:38.449,,,x3,,,,,,,,,,,,
00:03:38.310,,,,,,,,,,,,,,,
00:03:38.172,,,,,,,,,,,,,,,
00:03:38.033,,,,,,,,,,,,,,,
00:03:37.894,,,,x3,,,,,,,,,,,
00:03:37.755,,,,,,,,,,,,,,,
00:03:37.616,,,,,,,,,,,,,,,
00:03:37.476,,,,,,,,,,,,,,,
00:03:37.336,,,,,x3,,,,,,,,,,
00:03:37.197,,,,,,,,,,,s,,s,,
00:03:37.058,,,,,,,,,,,,,,,
00:03:36.920,,,,,,,,,,,,,,,
00:03:36.783,,,,,,,,,,,,,,,
00:03:36.647,,,,,,,,,,,,,,,
00:03:36.512,,,,,,,,,,,,,,,
00:03:36.378,,,,,,,,,,,e,,e,,
00:03:36.245,,,x3,,,,,,,,,,,,
00:03:36.113,,,,,,,,,,,,,,,
00:03:35.981,,,,,,,,,,,,,,,
00:03:35.849,,,,,,,,,,,,,,,
00:03:35.719,,,,x3,,,,,,,s,,s,,
00:03:35.587,,,,,,,,,,,,,,,
00:03:35.453,,,,,,,,,,,,,,,
00:03:35.317,,,,,,,,,,,,,,,
00:03:35.178,,,,,,,,,,,,,,,
00:03:35.039,,,,,,,,,,,,,,,
00:03:34.899,,,,,,,,,,,,,,,
00:03:34.760,,,,@3,,,,,,,e,,e,,
00:03:34.622,,,,,,,,,,,,,,,
00:03:34.485,,,,,,,,,,,,,,,
00:03:34.348,,,,,,,,,,,,,,,
00:03:34.212,,,,,,,,,,,,,,,
00:03:34.077,,,,^3,<3,,,,,,,,,,
00:03:33.942,,,,,,,,,,,,,,,
00:03:33.807,,,,,,,,,,,,,,,
00:03:33.672,,,,,,,,,,,,,,,
00:03:33.536,,,,,,,,,,,,,,,
00:03:33.401,,,,,,,,,,,,,,,
00:03:33.265,,,,,,,,,,,,,,,
00:03:33.128,,,,>3,^3,,,,,,,,,,
00:03:32.991,,,,,,,,,,,,,,,
00:03:32.853,,,,,,,,,,,,,,,
00:03:32.716,,,,,,,,,,,,,,,
00:03:32.578,,,,,,,,,,,,,,,
00:03:32.440,,,,$^3,,,,,,,s,,s,,
00:03:32.303,,,,,,,,,,,,,,,
00:03:32.165,,,,,,,,,,,,,,,
00:03:32.028,,,,,,,,,,,e,,e,,
00:03:31.890,,x3,,,,,,,,,,,,,
00:03:31.752,,,,,,,,,,,,,,,
00:03:31.615,,,,,,,,,,,,,,,
00:03:31.477,,,,,,,,,,,,,,,m
00:03:31.340,,,x3,,,,,,,,,,,,
00:03:31.202,,,,,,,,,,,,,,,m
00:03:31.064,,,,,,,,,,,,,,,
00:03:30.927,,,,,,,,,,,,,,,m
00:03:30.789,,x3,,,,,,,,,s,,s,,
00:03:30.651,,,,,,,,,,,,,,,m
00:03:30.514,,,,,,,,,,,,,,,
00:03:30.376,,,,,,,,,,,,,,,m
00:03:30.239,,,,,,,,,,,,,,,
00:03:30.101,,,,,,,,,,,,,,,
00:03:29.963,,,,,,,,,,,,,,,
00:03:29.826,,,,,,,,,,,e,,e,,
00:03:29.689,,,,,x3,,,,,,,,,,
00:03:29.552,,,,,,,,,,,,,,,
00:03:29.415,,,,,,,,,,,,,,,
00:03:29.278,,,,,,,,,,,,,,,
00:03:29.142,,,,x3,,,,,,,s,,s,,
00:03:29.006,,,,,,,,,,,,,,,
00:03:28.871,,,,,,,,,,,,,,,
00:03:28.735,,,,,,,,,,,,,,,
00:03:28.600,,,@3,,,,,,,,,,,,
00:03:28.465,,,,,,,,,,,,,,,
00:03:28.329,,,,,,,,,,,,,,,
00:03:28.194,,,,,,,,,,,e,,e,,
00:03:28.058,,,,,,,,,,,,,,,
00:03:27.922,,,,,,,,,,,,,,,
00:03:27.786,,,,,,,,,,,,,,s,
00:03:27.650,,,,,,,,,,,,,,,
00:03:27.514,,>3,^3,,,,,,,,,,,,
00:03:27.378,,,,,,,,,,,,,,,
00:03:27.241,,,,,,,,,,,,,,,
00:03:27.104,,,,,,,,,,,,,,,m
00:03:26.968,,,,,,,,,,,,,,,
00:03:26.831,,,,,,,,,,,,,,,m
00:03:26.694,,,,,,,,,,,,,,,
00:03:26.557,,^3,<3,,,,,,,,,,,,m
00:03:26.420,,,,,,,,,,,,,,,
00:03:26.284,,,,,,,,,,,,,,,m
00:03:26.147,,,,,,,,,,,,,,,
00:03:26.010,,,,,,,,,,,,,,,m
00:03:25.873,,,$^3,,,,,,,,,,,,
00:03:25.737,,,,,,,,,,,s,,s,,
00:03:25.600,,,,,,,,,,,,,,,
00:03:25.464,,,,,,,,,,,e,,e,,
00:03:25.327,,,,x3,,,,,,,,,,,
00:03:25.191,,,,,,,,,,,,,,,
00:03:25.054,,,,,,,,,,,,,,,
00:03:24.918,,,,,,,,,,,,,,,
00:03:24.781,,,,,x3,,,,,,,,,,
00:03:24.645,,,,,,,,,,,,,,,
00:03:24.508,,,,,,,,,,,,,,,
00:03:24.371,,,,,,,,,,,,,,,
00:03:24.235,,,,x3,,,,,,,s,,s,,
00:03:24.098,,,,,,,,,,,,,,,
00:03:23.960,,,,,,,,,,,,,,,
00:03:23.823,,,,,,,,,,,,,,,
00:03:23.686,,,,,,,,,,,,,,,
00:03:23.548,,,,,,,,,,,,,,,
00:03:23.410,,,,,,,,,,,,,,,
00:03:23.272,,,,,,,,,,,e,,e,,
00:03:23.134,,x3,,,,,,,,,,,,,
00:03:22.995,,,,,,,,,,,,,,,
00:03:22.857,,,,,,,,,,,,,,,
00:03:22.718,,,,,,,,,,,,,,,m
00:03:22.580,,,x3,,,,,,,,s,,s,,
00:03:22.440,,,,,,,,,,,,,,,m
00:03:22.301,,,,,,,,,,,,,,,
00:03:22.162,,,,,,,,,,,,,,,m
00:03:22.022,,,,,,,,,,,,,,,
00:03:21.882,,,,,,,,,,,,,,,m
00:03:21.742,,,,,,,,,,,,,,,
00:03:21.602,,,,,,,,,,,,,,,m
00:03:21.462,,,,,,,,,,,,,,,
00:03:21.321,,,,,,,,,,,,,,,
00:03:21.180,,,,,,,,,,,,,,,
00:03:21.039,,,,,,,,,,,,,,,
00:03:20.897,,x2,,,x2,,s,s,,s,,,,,
00:03:20.311,,,,,,,,,,,,,,e,
00:03:19.826,,,,,,,,,,,,,,,
00:03:19.412,,,,,@3,,,,,,,,,,
00:03:19.052,,,,,,,,,,,,,,,
00:03:18.714,,,,,,,,,,,,,,,
00:03:18.377,,,,,,,,,,,,,,,
00:03:18.040,,,,>3,^3,,,,,,,,,,
00:03:17.703,,,,,,,,,,,,,,,
00:03:17.368,,,,,,,,,,,,,,,
00:03:17.034,,,,,,,,,,,,,,,
00:03:16.699,,,,,,,,,,,,,,,
00:03:16.365,,,,$^3,,,,,,,,,,,
00:03:16.033,,,,,,,,,,,,,,,
00:03:15.700,,,,,,,,,,,,,,,
00:03:15.368,,@3,,,,,,,,,,,,,
00:03:15.036,,,,,,,,,,,,,,,
00:03:14.706,,,,,,,,,,,,,,,
00:03:14.377,,,,,,,,,,,,,,,
00:03:14.047,,,,,,,,,,,,,,,
00:03:13.717,,,,,,,,,,,,,,,
00:03:13.390,,,,,,,,,,,,,,,
00:03:13.063,,,,,,,,,,,,,,,
00:03:12.736,,,,,,,,,,,,,,,
00:03:12.408,,,,,,,,,,,,,,,
00:03:12.192,,$^3,,,,,,,,,,,,,
00:03:12.083,,,,,,,,,,,,,,,
00:03:11.921,,,,,,,,,,,,,,,
00:03:11.758,,,,,,,,,,,,,,,
00:03:11.542,,,,,,,,,,,,,,,mo
00:03:11.433,,,,,,,,,,,,,,,
00:03:11.109,,,,,x3,,,,,,,,,,
00:03:10.786,,,,,,,,,,,,,,s,
00:03:10.463,,,,,,,,,,,e,e,e,e,
00:03:10.141,,,,,,,,,,,,,,,
00:03:09.818,,,@3,@3,,,,,,,,,,,
00:03:09.498,,,,,,,,,,,,,,,
00:03:09.178,,,,,,,,,,,,,,,
00:03:08.857,,,,,,,,,,,,,,,
00:03:08.537,,,,,,,e,e,,,,,,,
00:03:08.361,,,,,,,,,,e,,,,,
00:03:08.184,,,,,,,,,,,,,,,
00:03:08.023,,,,,,,,,,,,,,,
00:03:07.886,,>3,^3,^3,<3,,,,,,,,,,mi
00:03:07.801,,,,,,,,,,,,,,,
00:03:07.759,,,,,,,,,,,,,,,mo
00:03:07.716,,,,,,,,,,,,,,,
00:03:07.631,,,,,,,,,,,,,,,
00:03:07.504,,,,,,,,,,,,,,,
00:03:07.376,,,,,,,,,,,,,,,
00:03:07.248,,,,,,,,,,,,,,,
00:03:07.120,,$^3,,,$^3,,,,,,,,,,mi
00:03:06.990,,,,,,,,,,,,,,,
00:03:06.861,,,,,,,,,,,,,,,mo
00:03:06.729,,,,,,,,,,,,,,,
00:03:06.597,,,,,,,,,,,,,,,
00:03:06.462,,,,,,,,,,,,,,,
00:03:06.327,,,,r3,,,,,,,,,,,
00:03:06.190,,,,,,,,,,,,,,,
00:03:06.054,,,,,,,,,,,,,,,mi
00:03:05.918,,,,,,,,,,,,,,,
00:03:05.781,,,,,,,,,,,,,,,
00:03:05.645,,,,,,,,,,,,,,,mo
00:03:05.508,,,l3,,,,,,,,,,,,
00:03:05.372,,,,,,,,,,,,,,,
00:03:05.236,,,,,,,,,,,,,,,
00:03:05.099,,,,,,,,,,,,,,,
00:03:04.963,,,,,,,,,,,,,,,mi
00:03:04.827,,,,,,,,,,,,,,,
00:03:04.690,,x3,,,x3,,,,,,s,s,s,,mo
00:03:04.551,,,,,,,,,,,,,,,
00:03:04.412,,,,,,,,,,,e,e,e,,
00:03:04.275,,,,,,,,,,,,,,,
00:03:04.139,,,,,,,,,,,,,,,
00:03:04.004,,,,,,,,,,,,,,,
00:03:03.870,,l3,,,r3,,,,,,,,,,mi
00:03:03.736,,,,,,,,,,,,,,,
00:03:03.602,,,,,,,,,,,,,,,
00:03:03.469,,,,,,,,,,,,,,,
00:03:03.335,,,,,,,,,,,,,,,
00:03:03.201,,,,,,,,,,,,,,,
00:03:03.067,,,,,,,,,,,,,,,
00:03:02.933,,,,,,,,,,,,,,,
00:03:02.799,,x3,,,x3,,,,,,,,,,
00:03:02.666,,,,,,,,,,,,,,,
00:03:02.534,,,,,,,,,,,,,,,
00:03:02.402,,,,,,,,,,,,,,,
00:03:02.270,,,l3,r3,,,,,,,,,,,
00:03:02.139,,,,,,,,,,,,,,,mo
00:03:02.008,,,,,,,,,,,,,,,
00:03:01.878,,,,,,,,,,,,,,,
00:03:01.747,,,,,,,,,,,,,,,
00:03:01.616,,,,,,,,,,,,,,,
00:03:01.485,,r3,,,l3,,,,,,,s,,,mi
00:03:01.354,,,,,,,,,,,,,,,
00:03:01.224,,,,,,,,,,,,,,,mo
00:03:01.093,,,,,,,,,,,,,,,
00:03:00.963,,,,,,,,,,,,,,,mi
00:03:00.833,,,,,,,,,,,,,,,
00:03:00.704,,x3,,,x3,,,,,,s,e,s,,mo
00:03:00.575,,,,,,,,,,,,,,,
00:03:00.446,,,,,,,,,,,,,,,mi
00:03:00.316,,,,,,,,,,,,,,,
00:03:00.187,,,,,,,,,,,,,,,m
00:03:00.058,,,,,,,,,,,,,,,
00:02:59.930,,x3,,,x3,,,,,,e,s,e,,mo
00:02:59.801,,,,,,,,,,,,,,,
00:02:59.672,,,,,,,,,,,,,,,mi
00:02:59.543,,,,,,,,,,,,,,,
00:02:59.415,,,,,,,,,,,,,,,
00:02:59.286,,,,,,,,,,,,,,,
00:02:59.157,,l3,,,,,,,,,s,e,s,,
00:02:59.029,,,,,,,,,,,,,,,
00:02:58.900,,,,,,,,,,,,,,,
00:02:58.772,,,,,,,,,,,,,,,m
00:02:58.643,,,,,,,,,,,,,,,
00:02:58.514,,,,,,,,,,,,,,,
00:02:58.385,,,,,r3,,,,,,e,s,e,,m
00:02:58.257,,,,,,,,,,,,,,,
00:02:58.128,,,,,,,,,,,,,,,m
00:02:57.999,,,,,,,,,,,,,,,
00:02:57.870,,,,,,,,,,,,,,,m
00:02:57.742,,,,,,,,,,,,,,,
00:02:57.613,,l3,,,,,,,,,s,e,s,,m
00:02:57.484,,,,,,,,,,,,,,,
00:02:57.355,,,,,,,,,,,,,,,
00:02:57.226,,,,,,,,,,,,,,,
00:02:57.097,,,,,,,,,,,,,,,
00:02:56.967,,,,,,,,,,,,,,,
00:02:56.838,,,,,r3,,,,,,e,,e,,
00:02:56.709,,,,,,,,,,,,,,,
00:02:56.580,,,,,,,,,,,,,,,m
00:02:56.450,,,,,,,,,,,,,,,
00:02:56.321,,,,,,,,,,,,,,,m
00:02:56.192,,,,,,,,,,,,,,,
00:02:56.063,,l3,,,r3,,,,,,,,,,m
00:02:55.935,,,,,,,,,,,,,,,
00:02:55.806,,,,,,,,,,,,,,,m
00:02:55.678,,,,,,,,,,,,,,,
00:02:55.549,,,,,,,,,,,,,,,m
00:02:55.422,,,,,,,,,,,,,,,
00:02:55.296,,,x3,x3,,,,,,,,,,,
00:02:55.170,,,,,,,,,,,,,,,
00:02:55.044,,,,,,,,,,,,,,,
00:02:54.919,,,,,,,,,,,,,,,
00:02:54.795,,,,,,,,,,,,,,,m
00:02:54.671,,,,,,,,,,,,,,,
00:02:54.546,,,,,x3,,,,,,,,,,mo
00:02:54.420,,,,,,,,,,,,,,,
00:02:54.293,,,,,,,,,,,,,,,mi
00:02:54.165,,,,,,,,,,,,,,,
00:02:54.037,,,,,,,,,,,,,,,m
00:02:53.908,,,,,,,,,,,,,,,
00:02:53.778,,x3,,,,,,,,,,,,,mo
00:02:53.648,,,,,,,,,,,,,,,
00:02:53.518,,,,,,,,,,,,,,,mi
00:02:53.388,,,@3,@3,,,,,,,,,,,
00:02:53.258,,,,,,,,,,,,,,,
00:02:53.128,,,,,,,,,,,,,,,
00:02:52.998,,,$^3,$^3,,,,,,,,,,,
00:02:52.868,,,,,,,,,,,,,,,
00:02:52.739,,,,,,,,,,,,,,,
00:02:52.609,,,,,,,,,,,,,,,
00:02:52.480,,,,,,,,,,,,,,,m
00:02:52.351,,,,,,,,,,,,,,,
00:02:52.222,,,,x3,,,,,,,,,,,m
00:02:52.093,,,,,,,,,,,,,,,
00:02:51.964,,,,,,,,,,,,,,,m
00:02:51.836,,,,,,,,,,,,,,,
00:02:51.707,,,,,,,,,,,,,,,m
00:02:51.579,,,,,,,,,,,,,,,
00:02:51.450,,,x3,,,,,,,,,,,,m
00:02:51.322,,,,,,,,,,,,,,,
00:02:51.193,,,,,,,,,,,,,,,
00:02:51.063,,,,,,,,,,,,,,,
00:02:50.933,,,,,,,,,,,,,,,
00:02:50.802,,,,,,,,,,,,,,,
00:02:50.671,,,,x3,,,,,,,,,,,
00:02:50.540,,,,,,,,,,,,,,,
00:02:50.409,,,,,,,,,,,,,,,m
00:02:50.279,,,,,,,,,,,,,,,
00:02:50.149,,@3,,,@3,,,,,,,,,,m
00:02:50.020,,,,,,,,,,,,,,,
00:02:49.892,,,,,,,,,,,,,,,m
00:02:49.764,,,,,,,,,,,,,,,
00:02:49.636,,,,,,,,,,,,,,,m
00:02:49.509,,,,,,,,,,,,,,,
00:02:49.381,,,,,,,,,,,,,,,m
00:02:49.252,,^3,<3,>3,^3,,,,,,,,,,
00:02:49.123,,,,,,,,,,,,,,,
00:02:48.992,,,,,,,,,,,,,,,
00:02:48.861,,,,,,,,,,,,,,,
00:02:48.730,,,,,,,,,,,,,,,
00:02:48.597,,,,,,,,,,,,,,,
00:02:48.465,,,,,,,,,,,,,,,
00:02:48.334,,,$^3,$^3,,,,,,,,,,,m
00:02:48.204,,,,,,,,,,,,,,,
00:02:48.074,,,,,,,,,,,,,,,m
00:02:47.946,,,,,,,,,,,,,,,
00:02:47.819,,,,,,,,,,,,,,,m
00:02:47.692,,,,,,,,,,,,,,,
00:02:47.567,,,,,r3,,,,,,,,,,m
00:02:47.441,,,,,,,,,,,,,,,
00:02:47.315,,,,,,,,,,,,,,,m
00:02:47.187,,,,,,,,,,,,,,,
00:02:47.057,,,,,,,,,,,,,,,
00:02:46.927,,,,,,,,,,,,,,,
00:02:46.795,,x3,,,,,,,,,,,,,
00:02:46.662,,,,,,,,,,,,,,,
00:02:46.527,,,,,,,,,,,,,,,m
00:02:46.394,,,,,,,,,,,,,,,
00:02:46.263,,,,,,,,,,,,,,,mo
00:02:46.134,,,,,,,,,,,,,,,
00:02:46.008,,x3,,,,,,,,,,,,,mi
00:02:45.881,,,,,,,,,,,,,,,
00:02:45.754,,,,,,,,,,,,,,,m
00:02:45.624,,,,,@3,,,,,,,,,,
00:02:45.493,,,,,,,,,,,,,,,mo
00:02:45.360,,,,,,,,,,,,,,,
00:02:45.230,,,,,$^3,,,,,,,,,,mi
00:02:45.101,,,,,,,,,,,,,,,
00:02:44.973,,,,,,,,,,,,,,,
00:02:44.846,,,,,,,,,,,,,,,
00:02:44.720,,,,,,,,,,,,,,,
00:02:44.594,,,,,,,,,,,,,,,
00:02:44.469,,,,,x3,,,,,,,,,,
00:02:44.343,,,,,,,,,,,,,,,
00:02:44.217,,,,,,,,,,,,,,,m
00:02:44.090,,,,,,,,,,,,,,,
00:02:43.962,,,,,,,,,,,,,,,m
00:02:43.833,,,,,,,,,,,,,,,
00:02:43.703,,x3,,,,,,,,,,,,,m
00:02:43.570,,,,,,,,,,,,,,,
00:02:43.431,,,,,,,,,,,,,,,m
00:02:43.295,,,,,,,,,,,,,,,
00:02:43.160,,,,,,,,,,,,,,,m
00:02:43.033,,,,,,,,,,,,,,,
00:02:42.910,,,,,x3,,,,,,,,,,
00:02:42.789,,,,,,,,,,,,,,,
00:02:42.666,,,,,,,,,,,,,,,
00:02:42.541,,@3,,,,,,,,,,,,,
00:02:42.413,,,,,,,,,,,,,,,
00:02:42.283,,,,,,,,,,,,,,,
00:02:42.150,,$^3,,,,,,,,,,,,,m
00:02:42.017,,,,,,,,,,,,,,,
00:02:41.883,,,,,,,,,,,,,,,m
00:02:41.750,,,,,,,,,,,,,,,
00:02:41.618,,,,,,,,,,,,,,,m
00:02:41.485,,,,,,,,,,,,,,,
00:02:41.354,,x3,,,,,,,,,,,,,m
00:02:41.223,,,,,,,,,,,,,,,
00:02:41.092,,,,,,,,,,,,,,,m
00:02:40.962,,,,,,,,,,,,,,,
00:02:40.834,,,,,,,,,,,,,,,
00:02:40.705,,,,,,,,,,,,,,,
00:02:40.578,,,,,x3,,,,,,,,,,
00:02:40.450,,,,,,,,,,,,,,,
00:02:40.320,,,,,,,,,,,,,,,
00:02:40.188,,,,,,,,,,,,,,,
00:02:40.054,,,,,,,,,,,,,,,m
00:02:39.919,,,,,,,,,,,,,,,
00:02:39.781,,x3,,,,,,,,,,,,,m
00:02:39.644,,,,,,,,,,,,,,,
00:02:39.511,,,,,,,,,,,,,,,m
00:02:39.382,,,,,,,,,,,,,,,
00:02:39.256,,,,,,,,,,,,,,,m
00:02:39.123,,,,,,,,,,,,,,,
00:02:38.990,,r3,,,,,,,,,,,,,m
00:02:38.855,,,,,,,,,,,,,,,
00:02:38.722,,,,,,,,,,,,,,,
00:02:38.591,,,,,,,,,,,,,,,
00:02:38.459,,,,,,,,,,,,,,,
00:02:38.326,,,,,,,,,,,,,,,
00:02:38.194,,,x3,,,,,,,,,,,,m
00:02:38.061,,,,,,,,,,,,,,,
00:02:37.929,,,,,,,,,,,,,,,mo
00:02:37.797,,,,,,,,,,,,,,,
00:02:37.666,,,,,,,,,,,,,,,mi
00:02:37.535,,,,,,,,,,,,,,,
00:02:37.404,,,x3,,,,,,,,,,,,m
00:02:37.274,,,,,,,,,,,,,,,
00:02:37.144,,,,,,,,,,,,,,,mo
00:02:37.015,,,,,,,,,,,,,,,
00:02:36.886,,,,,,,,,,,,,,,mi
00:02:36.757,,,,,,,,,,,,,,,
00:02:36.628,,,x3,,,,,,,,,,,,
00:02:36.500,,,,,,,,,,,,,,,
00:02:36.372,,,,,,,,,,,,,,,
00:02:36.243,,,,,,,,,,,,,,,
00:02:36.114,,,,,,,,,,,,,,,
00:02:35.985,,,,,,,,,,,,,,,
00:02:35.856,,,,,l3,,,,,s,,,,,
00:02:35.726,,,,,,,,,,,,,,,
00:02:35.597,,,,,,,,,,,,,,,
00:02:35.467,,,,,,,,,,,,,,,
00:02:35.337,,,,,,,,,,,,,,,
00:02:35.207,,,,,,,,,,,,,,,
00:02:35.077,,,,x3,,,,,,,,,,,
00:02:34.946,,,,,,,,,,,,,,,
00:02:34.816,,,,,,,,,,,,,,,
00:02:34.685,,,,,,,,,,,,,,,
00:02:34.555,,,,,,,,,,,,,,,
00:02:34.424,,,,,,,,,,,,,,,
00:02:34.294,,,,x3,,,,,,,,,,,
00:02:34.164,,,,,,,,,,,,,,,
00:02:34.033,,,,,,,,,,,,,,,
00:02:33.903,,,,,,,,,,,,,,,
00:02:33.772,,,,,,,,,,,,,,,m
00:02:33.642,,,,,,,,,,,,,,,
00:02:33.511,,,,x3,,,,,,,,,,,m
00:02:33.381,,,,,,,,,,,,,,,
00:02:33.252,,,,,,,,,,,,,,,mo
00:02:33.123,,,,,,,,,,,,,,,
00:02:32.994,,,,,,,,,,,,,,,
00:02:32.866,,,,,,,,,,,,,,,
00:02:32.739,,,l3,,,,,,,,,,,,mi
00:02:32.611,,,,,,,,,,,,,,,
00:02:32.482,,,,,,,,,,,,,,,
00:02:32.353,,,,,,,,,,,,,,,
00:02:32.222,,,,,,,,,,,,,,,
00:02:32.089,,,,,,,,,,,,,,,
00:02:31.956,,x3,,,,,,,,,,,,,mo
00:02:31.823,,,,,,,,,,,,,,,
00:02:31.690,,,,,,,,,,,,,,,
00:02:31.558,,,,,,,,,,,,,,,
00:02:31.428,,,,,,,,,,,,,,,mi
00:02:31.297,,,,,,,,,,,,,,,
00:02:31.167,,x3,,,,,,,,,,,,,m
00:02:31.036,,,,,,,,,,,,,,,
00:02:30.906,,,,,,,,,,,,,,,mo
00:02:30.775,,,,,,,,,,,,,,,
00:02:30.645,,,,,,,,,,,,,,,mi
00:02:30.514,,,,,,,,,,,,,,,
00:02:30.384,,x3,,,,,s,s,,,,,,,
00:02:30.253,,,,,,,,,,,,,,,
00:02:30.120,,,,,,,,,,,,,,,
00:02:29.987,,,,,,,,,,,,,,,
00:02:29.851,,,,,,,,,,,,,,,mo
00:02:29.716,,,,,,,,,,,,,,,
00:02:29.580,,,,r3,,,,,,,,,,,
00:02:29.445,,,,,,,,,,,,,,,
00:02:29.311,,,,,,,,,,,,,,,mi
00:02:29.177,,,,,,,,,,,,,,,
00:02:29.043,,,,,,,,,,,,,,,m
00:02:28.910,,,,,,,,,,,,,,,
00:02:28.777,,,,,x3,,,,,,,,,,mo
00:02:28.645,,,,,,,,,,,,,,,
00:02:28.513,,,,,,,,,,,,,,,mi
00:02:28.383,,,,,,,,,,,,,,,
00:02:28.254,,,,,,,,,,,,,,,
00:02:28.126,,,,,,,,,,,,,,,
00:02:27.999,,,,,x3,,,,,,,,,,
00:02:27.873,,,,,,,,,,,,,,,
00:02:27.748,,,,,,,,,,,,,,,mo
00:02:27.624,,,,,,,,,,,,,,,
00:02:27.500,,,,,,,,,,,,,,,
00:02:27.378,,,,,,,,,,,,,,,
00:02:27.257,,,,,x3,,,,,,,,,,mi
00:02:27.120,,,,,,,,,,,,,,,
00:02:26.984,,,,,,,,,,,,,,,m
00:02:26.848,,,,,,,,,,,,,,,
00:02:26.711,,,,,,,,,,,,,,,mo
00:02:26.575,,,,,,,,,,,,,,,
00:02:26.439,*,l3,#,#,r3,*,,,,,,,,,mi
00:02:26.302,,,,,,,,,,,,,,,
00:02:26.166,,,,,,,,,,,,,,,
00:02:26.029,,,,,,,,,,,,,,,
00:02:25.893,,,,,,,,,,,,,,,
00:02:25.757,,,,,,,,,,,,,,,mo
00:02:25.620,,,,,,,,,,,,,,,
00:02:25.488,,,,,,,,,,,,,,,
00:02:25.358,,,,,,,,,,,,,,,
00:02:25.229,,,,,,,,,,,,,,,
00:02:25.101,,,,,,,,,,,,,,,mi
00:02:24.974,,,,,,,,,,,,,,,
00:02:24.849,,,,,,,,,,,,,,,m
00:02:24.725,,,,,,,,,,,,,,,
00:02:24.603,,,,,,,,,,,,,,,mo
00:02:24.481,,,,,,,,,,,,,,,
00:02:24.361,,,,,,,,,,,,,,,mi
00:02:24.242,,,,,,,,,,,,,,,
00:02:24.125,,,,,,,,,,,s,s,s,,
00:02:24.014,,,,,,,,,,,,,,,
00:02:23.903,,@3,,,@3,,,,,,,,,,
00:02:23.792,,,,,,,,,,,,,,,
00:02:23.681,,,,,,,,,,,,,,,mo
00:02:23.570,,,,,,,,,,,,,,,
00:02:23.459,,,,,,,,,,,,,,,
00:02:23.349,,,,,,,,,,,,,,,
00:02:23.238,,,,,,,,,,,,,,,mi
00:02:23.127,,,,,,,,,,,,,,,
00:02:23.017,,,,,,,,,,,,,,,
00:02:22.907,,,,,,,,,,,,,,,m
00:02:22.796,,,,,,,,,,,,,,,
00:02:22.661,,,,,,,,,,,e,,e,,
00:02:22.526,,,,,,,,,,,,,,,m
00:02:22.391,,,,,,,,,,,,,,,
00:02:22.255,,,,,,,,,,,,,,,m
00:02:22.120,,,,,,,,,,,,,,,
00:02:21.985,,,,,,,,,,,,,,,
00:02:21.850,,,,,,,,,,,,,,,
00:02:21.715,,,,,,,,,,,,,,,
00:02:21.580,,,,,,,,,,,,,,,
00:02:21.445,,,,,,,,,,,,,,,
00:02:21.310,,,,,,,,,,,,,,,
00:02:21.174,,,,,,,,,,,,,,,m
00:02:21.039,,,,,,,,,,,,,,,
00:02:20.904,,,,,,,,,,,,,,,
00:02:20.769,,,,,,,,,,,,,,,m
00:02:20.634,,,,,,,,,,,,,,,
00:02:20.499,,,,,,,,,,e,,,,,
00:02:20.364,,$^3,,,$^3,,,e,,,,,,,m
00:02:20.228,,,,,,,,,,,,,,,
00:02:20.093,,,,,,,,,,,,,,,m
00:02:19.958,,,,,,,,,,,,,,,
00:02:19.823,,,,,,,e,,,,,,,,
00:02:19.688,,,,,,,,,,,,,,,
00:02:19.553,,l3,,,r3,,,,,,,,,,
00:02:19.418,,,,,,,,,,,,,,,
00:02:19.283,,,,,,,,,,,,,,,m
00:02:19.148,,,,,,,,,,,,,,,
00:02:19.014,,,,,,,,,,,,,,,
00:02:18.880,,,,,,,,,,,,,,,m
00:02:18.746,,,,,,,,,,,,,,,
00:02:18.612,,,,,,,,,,,,,,,
00:02:18.478,,x3,,,x3,,,,,,,,,,
00:02:18.344,,,,,,,,,,,,,,,
00:02:18.210,,,,,,,,,,,,,,,
00:02:18.076,,,,,,,,,,,,,,,m
00:02:17.942,,,,,,,,,,,,,,,
00:02:17.808,,,,,,,,,,,,,,,m
00:02:17.674,,x3,,,x3,,,,,,,,,,
00:02:17.540,,,,,,,,,,,s,,s,,
00:02:17.406,,,,,,,,,,,,,,,
00:02:17.274,,,,,,,,,,,,,,,
00:02:17.144,,,,,,,,,,,e,,e,,mo
00:02:17.015,,,,,,,,,,,,,,,
00:02:16.885,,,,,x3,,,,,,,,,,
00:02:16.754,,,,,,,,,,,,,,,
00:02:16.621,,,,,,,,,,,,,,,
00:02:16.487,,,,,,,,,,,,,,,
00:02:16.351,,x3,,,,,,,,,,,,,mi
00:02:16.215,,,,,,,,,,,,,,,
00:02:16.081,,,,,,,,,,,,,,,
00:02:15.949,,,,,,,,,,,,,,,
00:02:15.818,,x3,,,,,,,,,,,,,m
00:02:15.684,,,,,,,,,,,,,,,
00:02:15.542,,,,,,,,,,,,,,,m
00:02:15.398,,,,,,,,,,,,,,,
00:02:15.255,,,,,,,,,,,,,,,
00:02:15.115,,,,,x3,,,,,,,,,,
00:02:14.976,,,,,,,,,,,,,,,
00:02:14.839,,,,,,,,,,,,,,,
00:02:14.704,,r3,,,,,,,,,s,,s,,
00:02:14.571,,,,,,,,,,,e,,e,,
00:02:14.437,,,,,,,,,,,,,,,m
00:02:14.303,,,,,,,,,,,,,,,
00:02:14.169,,,,,l3,,,,,,,,,,m
00:02:14.035,,,,,,,,,,,,,,,
00:02:13.901,,,,,,,,,,,,,,,m
00:02:13.767,,,,,,,,,,,,,,,
00:02:13.634,,,,,,,,,,,,,,,m
00:02:13.501,,,,,,,,,,,,,,,
00:02:13.368,,,,,,,,,,,,,,,m
00:02:13.236,,,,,,,,,,,,,,,
00:02:13.104,,,,,x3,,,,,,,,,,
00:02:12.973,,,,,,,,,,,,,,,
00:02:12.840,,,,,,,,,,,,,,,
00:02:12.707,,,,,,,,,,,,,,,
00:02:12.573,,x3,,,,,,,,,s,,s,,
00:02:12.439,,,,,,,,,,,,,,,
00:02:12.304,,,,,,,,,,,e,,e,,m
00:02:12.169,,@3,,,@3,,,,,,,,,,
00:02:12.034,,,,,,,,,,,,,,,
00:02:11.898,,,,,,,,,,,,,,,m
00:02:11.762,,,,,,,,,,,,,,,
00:02:11.626,,,,,,,,,,,,,,,
00:02:11.489,,$^3,,,$^3,,,,,,,,,,m
00:02:11.353,,,,,,,,,,,,,,,
00:02:11.216,,,,,,,,,,,,,,,m
00:02:11.078,,,,,,,,,,,,,,,
00:02:10.941,,x3,,,x3,,,,,,,,,s,
00:02:10.805,,,,,,,,,,,,,,,
00:02:10.671,,,,,,,,,,,,,,,
00:02:10.538,,,,,,,,,,,,,,,
00:02:10.405,,,,,,,,,,,,,,,
00:02:10.271,,,,,,,,,,,,,,,
00:02:10.137,,x3,,,x3,,,,,,s,,s,,m
00:02:10.003,,,,,,,,,,,,,,e,
00:02:09.869,,,,,,,,,,,,,,,
00:02:09.734,,,,,,,,,,,,,,,
00:02:09.599,,,,,,,,,,,,,,,m
00:02:09.464,,,,,,,,,,,,,,,
00:02:09.328,,,,,,,,,,,,,,,m
00:02:09.192,,,,,,,,,,,,,,,
00:02:09.056,,,,,,,,,,,e,,e,,
00:02:08.920,,,,,,,,,,,,,,,
00:02:08.785,,l3,,,,,,,,,,,,,
00:02:08.650,,,,,,,,,,,,,,,
00:02:08.516,,,,,,,,,,,,,,,
00:02:08.382,,,,,,,,,,,,,,,
00:02:08.249,,,,,,,,,,,,,,,m
00:02:08.116,,,,,,,,,,,,,,,
00:02:07.983,,,,,r3,,,,,,,,,,m
00:02:07.851,,,,,,,,,,,,,,,
00:02:07.718,,,,,,,,,,,,,,,
00:02:07.585,,,,,,,,,,,,,,,m
00:02:07.452,,,,,,,,,,,,,,,
00:02:07.320,,,,,,,,,,,,,,,
00:02:07.187,,,,,,,,,,,,,,,m
00:02:07.054,,,,,,,,,,,,,,,
00:02:06.921,,,,,,,,,,,,,,,m
00:02:06.789,,,,,,,,,,,,,,,
00:02:06.656,,,,,,,,,,,s,,s,,
00:02:06.523,,,,,l3,,,,,,,,,,
00:02:06.390,,,,,,,,,,,,,,,
00:02:06.256,,,,,,,,,,,,,,,
00:02:06.122,,x3,,,,,,,,,,,,,
00:02:05.987,,,,,,,,,,,,,,,
00:02:05.852,,,,,,,,,,,,,,,
00:02:05.717,,,,,,,,,,,,,,,
00:02:05.582,,,,,,,,,,,,,,,
00:02:05.447,,,,,,,,,,,,,,,
00:02:05.312,,x3,,,,,,,,,,,,,
00:02:05.177,,,,,,,,,,,,,,,
00:02:05.042,,,,,@3,,,,,,,,,,
00:02:04.906,,,,,,,,,,,,,,,
00:02:04.771,,,,,,,,,,,,,,,
00:02:04.636,,,,,,,,,,,,,,,
00:02:04.501,,,,,,,,,,,,,,,
00:02:04.366,,,,,$^3,,,,,,,,,,
00:02:04.230,,,,,,,,,,,,,,,
00:02:04.094,,,,,,,,,,,,,,,
00:02:03.958,,,,,,,,,,,,,,,
00:02:03.821,,,,,,,,,,,,,,,
00:02:03.685,,,,,,,,,,,,,,,m
00:02:03.547,,,,,,,,,,,,,,,
00:02:03.410,,r3,,,,,,,,,,,,,m
00:02:03.272,,,,,,,,,,,,,,,
00:02:03.135,,,,,,,,,,,,,,,
00:02:02.997,,,,,,,,,,,,,,,
00:02:02.859,,,,,,,,,,,e,,e,,m
00:02:02.721,,,,,x3,,,,,,,,,,
00:02:02.582,,,,,,,,,,,,,,,
00:02:02.444,,,,,,,,,,,,,,,
00:02:02.306,,,,,,,,,,,,,,,m
00:02:02.167,,,,,,,,,,,,,,,
00:02:02.029,,,,,,,,,,,,,,,
00:02:01.890,,,,,,,,,,,,,,,
00:02:01.751,*,r3,*,*,l3,*,,,,,,,,,m
00:02:01.625,,,,,,,,,,,,,,,
00:02:01.497,,,,,,,,,,,,,,,
00:02:01.369,,,,,,,,,,,,,,,
00:02:01.241,,,,,,,,,,,,,,s,
00:02:01.111,,,,,,,,,,,,,,,m
00:02:00.981,,,,,,,,,,,,,,,
00:02:00.850,,,,,,,,,,,,,,,
00:02:00.718,,x3,,,,,,,,,,,,,m
00:02:00.585,,,,,,,,,,,,,,,
00:02:00.452,,,,,,,,,,,,,,,m
00:02:00.318,,,,,,,,,,,,,,,
00:02:00.184,,x3,,,,,,,,,,,,e,
00:02:00.050,,,,,,,,,,,s,,s,,
00:01:59.916,,,,,,,,,,,e,,e,,
00:01:59.782,,,,,,,,,,,,,,,
00:01:59.648,,,,,x3,,,,,,,,,,
00:01:59.514,,,,,,,,,,,,,,,
00:01:59.380,,,,,,,,,,,,,,,m
00:01:59.247,,,,,,,,,,,,,,,
00:01:59.113,,,,x3,,,,,,,,,,,
00:01:58.979,,,,,,,,,,,,,,,m
00:01:58.845,,,,,,,,,,,,,,,
00:01:58.711,,,,,,,,,,,,,,,
00:01:58.577,,,x3,,,,,,,,s,,s,,m
00:01:58.443,,,,,,,,,,,,,,,
00:01:58.309,,,,,,,,,,,,,,,m
00:01:58.175,,,,,,,,,,,e,,e,,
00:01:58.041,,,,,,,,,,,,,,,
00:01:57.907,,,,,,,,,,,,,,,
00:01:57.772,,,,,,,,,,,,,,,
00:01:57.636,,,,,,,,,,,,,,,
00:01:57.499,,x3,,,,,,,,,,,,,
00:01:57.362,,,,,,,,,,,,,,,
00:01:57.224,,,,,,,,,,,,,,,m
00:01:57.085,,,,,,,,,,,,,,,
00:01:56.945,,,,,x3,,,,,,,,,,m
00:01:56.805,,,,,,,,,,,,,,,
00:01:56.665,,,,,,,,,,,,,,,
00:01:56.525,,,,,,,,,,,,,,,
00:01:56.384,,x3,,,,,,,,,s,,s,,m
00:01:56.244,,,,,,,,,,,,,,,
00:01:56.104,,,,,,,,,,,,,,,m
00:01:55.968,,,,,,,,,,,,,,,
00:01:55.831,,@3,,,@3,,,,,,,,,,
00:01:55.695,,,,,,,,,,,,,,,
00:01:55.560,,,,,,,,,,,,,,,
00:01:55.424,,,,,,,,,,,,,,,
00:01:55.288,,,,,,,,,,,,,,,
00:01:55.152,,,,,,,,,,,,,,,
00:01:55.017,,,,,,,,,,,,,,,m
00:01:54.881,,,,,,,,,,,e,,e,,
00:01:54.745,,,,,,,,,,,,,,,m
00:01:54.609,,,,,,,,,,,,,,,
00:01:54.472,,,,,,,,,,,s,,s,,
00:01:54.335,,,,,,,,,,,,,,,
00:01:54.198,,^3,<3,>3,^3,,,,,,,,,,m
00:01:54.061,,,,,,,,,,,,,,,
00:01:53.924,,,,,,,,,,,,,,,m
00:01:53.787,,,,,,,,,,,,,,,
00:01:53.649,,,,,,,s,,,,,,,,
00:01:53.515,,,,,,,,,,,,,,,
00:01:53.381,,,,,,,,,,,,,,,
00:01:53.248,,,,,,,,,,,,,,,
00:01:53.114,,,,,,,,,,,,,,,
00:01:52.980,,,,,,,,,,,,,,,
00:01:52.846,,,,,,,,,,,e,,e,,
00:01:52.712,,,$^3,$^3,,,,,,,,,,,
00:01:52.578,,,,,,,e,,,,,,,,m
00:01:52.444,,,,,,,,,,,,,,,m
00:01:52.310,,,,,,,,,,,,,,,m
00:01:52.175,,,,,,,,,,,,,,,
00:01:52.037,,,,,,,,,,,,,,,
00:01:51.968,,,,,,,,,,,,,,,
00:01:51.898,,,,,,,,,,,,,,,m
00:01:51.758,,,,,,,,,,,,,,,
00:01:51.618,,,,,,,,,,,,,,,
00:01:51.477,,,,,,,,,,,,,,,
00:01:51.335,,,,,,,,,,,,,,,
00:01:51.193,,l3,,,,,,,,,,,,,
00:01:51.052,,,,,,,,,,,,,,,
00:01:50.915,,,,,,,,,,,,,,,
00:01:50.779,,,,,,,,,,,,,,,m
00:01:50.644,,,,,,,,,,,,,,,
00:01:50.508,,,,,,,,,,,,,,,
00:01:50.372,,,,,r3,,,,,,,,,,m
00:01:50.236,,,,,,,,,,,,,,,
00:01:50.099,,,,,,,,,,,,,,,
00:01:49.963,,,,,,,,,,,,,,,m
00:01:49.826,,,,,,,,,,,,,,,
00:01:49.688,,,,,,,,,,,,,,,m
00:01:49.551,,,l3,,,,,,,,,,,,
00:01:49.414,,,,,,,,,,,,,,,
00:01:49.276,,,,,,,,,,,,,,,
00:01:49.139,,,,,,,,,,,,,,,
00:01:49.001,,,,,,,,,,,,,,,
00:01:48.864,,,,,,,,,,,,,,s,
00:01:48.726,,,,r3,,,,,e,,,,,,
00:01:48.589,,,,,,,,,,,,,,,m
00:01:48.452,,,,,,,,,,,,,,,
00:01:48.315,,,,,,,,,,,,,,,m
00:01:48.178,,,,,,,,,,,,,,e,
00:01:48.041,,,,,,,,,,,,,,,
00:01:47.905,,r3,,,,,,,,,,,,,
00:01:47.768,,,,,,,,,,,s,,s,,m
00:01:47.631,,,,,,,,,,,,,,,
00:01:47.495,,,,,,,,,,,,,,,m
00:01:47.358,,,,,,,,,,,,,,,
00:01:47.222,,,,,,,,,,,,,,,
00:01:47.085,,,,,,,,,,,,,,,
00:01:46.949,,,,,,,,,,,e,,e,,
00:01:46.812,,,,,,,,,,,,,,,
00:01:46.674,,,,,,,,,,,,,,,
00:01:46.536,,,,,,,,,,,,,,,
00:01:46.398,,,,,,,,,,,,,,,
00:01:46.259,,,,,l3,,,,,,,,,,
00:01:46.120,,,,,,,,,,,s,,s,,
00:01:45.981,,,,,,,,,,,,,,,
00:01:45.841,,,,,,,,,,,,,,,
00:01:45.700,,,,,,,,,,,,,,,
00:01:45.560,,,,,,,,,,,,,,,
00:01:45.418,,,,,,,,,,,e,,e,,
00:01:45.279,,,,,,,,,,,,,,s,
00:01:45.142,,,,,,,,,,,,,,,
00:01:45.009,,,,,,,,,,,,,,,
00:01:44.880,,,,,,,,,,,,,,,
00:01:44.750,,,,,,,,,,,,,,,
00:01:44.618,,x3,,,x3,,,,,,,,,,
00:01:44.483,,,,,,,,,,,,,,,
00:01:44.348,,,,,,,,,,,,,,,
00:01:44.212,,,,,,,,,,,,,,,
00:01:44.076,,,,,,,,,,,,,,,
00:01:43.938,,,,,,,,,,,,,,,
00:01:43.799,,@1,,,@3,,,,,,,,,,
00:01:43.661,,,,,,,,,,,,,,,
00:01:43.522,,,,,,,,,,,,,,,
00:01:43.383,,,,,,,,,,,,,,,
00:01:43.244,,,,,,,,,,,,,,,
00:01:43.105,,,,,,,,,,,,,,,
00:01:42.966,,,,,,,,,,,,,,,
00:01:42.828,,,,,,,,,,,,,,,
00:01:42.692,,,,,,,,,,,,,,,
00:01:42.557,,,,,,,,,,,,,,,
00:01:42.424,,,,,,,,,,,,,,,
00:01:42.292,,,,,,,,,,,,,,,
00:01:42.162,,$^1,,,$^3,,,,,,s,,s,,
00:01:42.032,,,,,,,,,,,,,,,
00:01:41.900,,,,,,,,,,,,,,,
00:01:41.765,,,,,,,,,,,,,,,
00:01:41.629,,,,,,,,,,,,,,,
00:01:41.491,,@1,,,,,,,,,,,,,
00:01:41.353,,,,,,,,,,,,,,,
00:01:41.216,,,,,,,,,,,,,,,
00:01:41.078,,,,,,,,,,,,,,,
00:01:40.941,,^1,<1,,,,,,,,,,,,
00:01:40.803,,,,,,,,,,,,,,,
00:01:40.665,,,,,,,,,,,,,,,
00:01:40.528,,,,,,,,,,,,,,,
00:01:40.390,,,$^1,,,,,,,,,,,,
00:01:40.253,,,,,,,,,,,,,,,
00:01:40.115,,,,@1,,,,,,,,,,,
00:01:39.977,,,,,,,,,,,,,,,
00:01:39.840,,,,,,,,,,,,,,,
00:01:39.702,,,,,,,,,,,,,,,
00:01:39.564,,,,$^1,,,,,,,,,,,
00:01:39.427,,,,,,,,,,,,,,,
00:01:39.289,,,,,,,,,,,,,,,
00:01:39.152,,,,,@1,,,,,,,,,,
00:01:39.014,,,,,,,,,,,,,,,
00:01:38.876,,,,,,,,,,,,,,,
00:01:38.739,,,,,,,,,,,,,,,
00:01:38.601,,,,,,,,,,,,,,,
00:01:38.464,,,,,,,,,,,,,,,
00:01:38.326,,,,,$^1,,,,,,,,,,
00:01:38.188,,,,,,,,,,,,,,,
00:01:38.051,,,,,,,,,,,,,,,
00:01:37.913,,,,,,,,,,,,,,,
00:01:37.775,,r1,,,,,,,,,,,,,
00:01:37.638,,,,,,,,,,,,,,,
00:01:37.500,,,,,,,,,,,,,,,
00:01:37.363,,,,,,,,,,,,,,,
00:01:37.225,,,,l1,,,,,,,,,,,
00:01:37.135,,,,,,,,,,,,,,,
00:01:37.090,,,,,,,,,,,,,,,
00:01:36.958,,,,,,,,,,,,,,,
00:01:36.827,,,,,,,,,,,,,,,
00:01:36.690,,,,x1,,,,,,,,,,,
00:01:36.552,,,,,,,,,,,,,,,
00:01:36.414,,,,,x1,,,,,,,,,,
00:01:36.276,,,,,,,,,,,,,,,
00:01:36.138,,@1,,,,,,,,,,,,,
00:01:36.001,,,,,,,,,,,,,,,mo
00:01:35.865,,,,,,,,,,,,,,,
00:01:35.726,,,,,,,,,,,,,,,
00:01:35.584,,$^1,,,,,,,,,,,,,
00:01:35.489,,,,,,,,,,,,,,,
00:01:35.441,,,,,,,,,,,,,,,
00:01:35.393,,,,,,,,,,,,,,,
00:01:35.299,,,,,,,,,,,,,,,
00:01:35.158,,,,,,,,,,,,,,,
00:01:35.019,,,x1,,,,,,,,,,,,mi
00:01:34.882,,,,,,,,,,,,,,,
00:01:34.746,,,,@1,,,,,,,,,,,mo
00:01:34.611,,,,,,,,,,,,,,,
00:01:34.478,,,,,,,,,,,,,,,
00:01:34.345,,,,,,,,,,,,,,,
00:01:34.212,,,,$^1,,,,,,,,,,,
00:01:34.124,,,,,,,,,,,,,,,
00:01:34.079,,,,,,,,,,,,,,,mi
00:01:34.035,,,,,,,,,,,,,,,
00:01:33.947,,,,,@1,,,,,,,,,,mo
00:01:33.813,,,,,,,,,,,,,,,
00:01:33.678,,,,,,,,,,,,,,,
00:01:33.542,,,,,,,,,,,,,,,
00:01:33.404,,,,,$^1,,,,,,,,,,
00:01:33.265,,,,,,,,,,,,,,,
00:01:33.124,,,,,,,,,,,,,,,mi
00:01:32.983,,,,,,,,,,,,,,,
00:01:32.841,,r1,,,,,,,,,,,,,mo
00:01:32.700,,,,,,,,,,,,,,,
00:01:32.558,,,,,,,,,,,,,,,
00:01:32.417,,,,,,,,,,,,,,,
00:01:32.275,,,,,l1,,,,,,,,,,
00:01:32.147,,,,,,,,,,,,,,,
00:01:32.018,,,,,,,,,,,,,,,mi
00:01:31.890,,,,,,,,,,,,,,,
00:01:31.760,,,,,,,,,,,,,,,mo
00:01:31.631,,,,,,,,,,,,,,,
00:01:31.501,,,,,,,,,,,,,,,
00:01:31.371,,,,,,,,,,,,,,,
00:01:31.241,,,,,,,,,,,,,,,
00:01:31.147,,,,,,,,,,,,,,,
00:01:31.099,,,,,,,,,,,,,,,mi
00:01:31.052,,,,,,,,,,,,,,,
00:01:30.958,,,,x1,,,,,,,,,,,
00:01:30.812,,,,,,,,,,,,,,,
00:01:30.739,,,,,x1,,,,,,,,,,
00:01:30.667,,,,,,,,,,,,,,,
00:01:30.522,,,,,,,,,,,,,,,
00:01:30.378,,,,,,,,,,,,,,,
00:01:30.236,,@1,,,,,,,,,,,,,
00:01:30.095,,,,,,,,,,,,,,,
00:01:29.955,,,,,,,,,,,,,,,m
00:01:29.817,,$^1,,,,,,,,,,,,,
00:01:29.680,,,,,,,,,,,,,,,m
00:01:29.542,,,,,,,,,,,,,,,
00:01:29.404,,,,,,,,,,,,,,,mo
00:01:29.267,,,,,,,,,,,,,,,
00:01:29.129,,,,,,,,,,,,,,,mi
00:01:28.991,,,,,x1,,,,,,,,,,
00:01:28.854,,,,,,,,,,,,,,,
00:01:28.716,,,,x1,,,,,,,,,,,
00:01:28.579,,,,,,,,,,,,,,,
00:01:28.441,,,,,x1,,,,,,,,,,
00:01:28.303,,,,,,,,,,,,,,,
00:01:28.166,,,,,,,,,,,,,,,
00:01:28.028,,@1,,,,,,,,,,,,,
00:01:27.891,,,,,,,,,,,,,,,
00:01:27.753,,,,,,,,,,,,,,,
00:01:27.615,,,,,,,,,,,,,,,
00:01:27.478,,,,,,,,,,,,,,,mo
00:01:27.340,,$^1,,,,,,,,,e,,e,,
00:01:27.203,,,,,,,,,,,,,,,
00:01:27.065,,,,,,,,,,,,,,,
00:01:26.927,,,,,,,,,,,,,,,
00:01:26.790,,,,,,,,,,,,,,,
00:01:26.652,,,,,,,,,,,,,,,mi
00:01:26.514,,,l1,,,,,,,,,,,,
00:01:26.377,,,,,,,,,,,,,,,mo
00:01:26.239,,,,,,,,,,,,,,,
00:01:26.102,,,,,,,,,,,,,,,mi
00:01:25.964,,,,,,,,,,,,,,,
00:01:25.826,,,,,,,,,,,,,,,mo
00:01:25.689,,,,,,,,,,,,,,,
00:01:25.551,,,,,,,,,,,,,,,mi
00:01:25.414,,,,,,,,,,,,,,,
00:01:25.276,,,,,,,,,,,,,,,m
00:01:25.138,,,,,,,,,,,,,,,
00:01:25.001,,,,,,,,,,,,,,,mo
00:01:24.863,,r3,,,l3,,,,,,,,,,
00:01:24.725,,,,,,,,,,,,,,,mi
00:01:24.588,,,,,,,,,,,,,,,
00:01:24.450,,,,,,,,,,,,,,,
00:01:24.313,,,,,,,,,,,,,,e,
00:01:24.175,,,,,,,,,,,,,,,
00:01:24.037,,x3,,,x3,,,,,,,,,,
00:01:23.900,,,,,,,,,,,,,,,
00:01:23.763,,,,,,,,,,,,,,,m
00:01:23.626,,,,,,,,,,,,,,,
00:01:23.489,,,,,,,,,,,,,,,
00:01:23.353,,,,,,,,,,,,,,,m
00:01:23.217,,x3,,,x3,,,,,,,,,,
00:01:23.080,,,,,,,,,,,,,,,m
00:01:22.944,,,,,,,,,,,,,,,
00:01:22.808,,,,,,,,,,,,,,,m
00:01:22.671,,,,,,,,,,,,,,,
00:01:22.535,,,,,,,,,,,,,,,m
00:01:22.399,,x3,,,x3,,,,,,s,,s,,
00:01:22.262,,,,,,,,,,,,,,,
00:01:22.126,,,,,,,,,,,,,,,
00:01:21.989,,,,,,,,,,,e,,e,,
00:01:21.853,,@3,,,,,,,,,,,,,
00:01:21.717,,,,,,,,,,,,,,,
00:01:21.580,,,,,,,,,,,,,,,
00:01:21.444,,,,,,,,,,,,,,,m
00:01:21.308,,,,,,,,,,,,,,,
00:01:21.171,,,,,,,,,,,,,,,m
00:01:21.035,,,,,,,,,,,,,,,
00:01:20.899,,,,,,,,,,,,,,,m
00:01:20.762,,,,,,,,,,,,,,,
00:01:20.626,,,,,,,,,,,,,,,m
00:01:20.489,,$^3,,,,,,,,,,,,,
00:01:20.353,,,,,,,,,,,,,,,m
00:01:20.217,,,,,,,,,,,,,,,
00:01:20.080,,,,,,,,,,,,,,,
00:01:19.944,,,x3,,,,,,,,,,,,
00:01:19.808,,,,,,,,,,,,,,,
00:01:19.671,,,,x3,,,,,,,,,,,
00:01:19.535,,,,,,,,,,,,,,,m
00:01:19.399,,,,,,,,,,,,,,,
00:01:19.262,,,,,,,,,,,,,,,mo
00:01:19.126,,,,x3,,,,,,,,,,,
00:01:18.989,,,,,,,,,,,,,,,mi
00:01:18.853,,,,,,,,,,,,,,,
00:01:18.785,,,,,x3,,,,,,,,,,m
00:01:18.717,,,,,,,,,,,,,,,
00:01:18.580,,,,,,,,,,,s,,s,,mo
00:01:18.444,,,,,,,,,,,,,,,
00:01:18.309,,x3,,,,,,,,,e,,e,,mi
00:01:18.173,,,,,,,,,,,,,,,
00:01:18.105,,,,,,,,,,,,,,,
00:01:18.037,,,,,,,,,,,,,,,
00:01:17.901,,,,x3,,,,,,,,,,,
00:01:17.763,,,,,,,,,,,,,,,
00:01:17.625,,,,,x3,,,,,,,,,,
00:01:17.487,,,,,,,,,,,,,,,
00:01:17.348,,,,,,,,,,,,,,,m
00:01:17.211,,,,,,,,,,,,,,,
00:01:17.074,,x3,,,,,,,,,,,,,m
00:01:16.938,,,,,,,,,,,,,,,
00:01:16.803,,,,,,,,,,,,,,,m
00:01:16.669,,,,,,,,,,,,,,,
00:01:16.534,,,,,@3,,,,,,,,,,m
00:01:16.398,,,,,,,,,,,,,,,
00:01:16.260,,,,,,,,,,,,,,,m
00:01:16.121,,,,,,,,,,,,,,,
00:01:15.981,,,,,,,,,,,,,,,
00:01:15.839,,,,,$^3,,,,,,,,,,
00:01:15.696,,,,,,,,,,,,,,,
00:01:15.555,,,,,,,,,,,,,,,
00:01:15.414,,@3,,,,,,,,,,,,,
00:01:15.275,,,,,,,,,,,,,,,
00:01:15.136,,,,,,,,,,,,,,,m
00:01:14.998,,,,,,,,,,,,,,,
00:01:14.860,,^3,<3,,,,,,,,,,,,m
00:01:14.723,,,,,,,,,,,,,,,
00:01:14.586,,,,,,,,,,,,,,,m
00:01:14.449,,,,,,,,,,,,,,,
00:01:14.312,,,,,,,,,,,,,,,m
00:01:14.176,,,$^3,,,,,,,,s,,s,,
00:01:14.039,,,,,,,,,,,,,,,m
00:01:13.903,,,,,,,,,,,,,,,
00:01:13.768,,,,,,,,,,,,,,,
00:01:13.632,,,,,,,,,,,e,,e,,
00:01:13.496,,,,,,,,,,,,,,,
00:01:13.361,,,,@3,,,,,,,,,,,
00:01:13.226,,,,,,,,,,,,,,,
00:01:13.090,,,,,,,,,,,,,,,
00:01:12.953,,,,,,,,,,,,,,,m
00:01:12.816,,,,^3,<3,,,,,,,,,,
00:01:12.678,,,,,,,,,,,,,,,m
00:01:12.539,,,,,,,s,,,,,,,,
00:01:12.400,,,,,,,,,,,,,,,m
00:01:12.262,,,,,,,,,,,,,,,
00:01:12.124,,,,,,,,,,,,,,,m
00:01:11.985,,,,,$^3,,e,,,,,,,,
00:01:11.847,,,,,,,,,,,,,,,m
00:01:11.710,,,,,,,,,,,,,,,
00:01:11.572,,,,,,,,,,,,,,,
00:01:11.435,,,,,,,,,,,,,,,
00:01:11.366,,,,,,,,,,,,,,,
00:01:11.298,,,,,,,,,,,,,,,
00:01:11.161,,x3,,,x3,,,,,,,,,,m
00:01:11.024,,,,,,,,,,,,,,,
00:01:10.888,,,,,,,s,,,,s,,s,,mo
00:01:10.752,,,,,,,,,,,,,,,
00:01:10.616,,,,,,,,,,,,,,,mi
00:01:10.480,,,,,,,,,,,,,,,
00:01:10.345,,,,,,,e,,,,e,,e,,m
00:01:10.210,,,,,,,,,,,,,,,
00:01:10.075,,@3,,,,,,,,,,,,,mo
00:01:09.941,,,,,,,,,,,,,,,
00:01:09.807,,,,,,,,,,,,,,,mi
00:01:09.671,,,,,,,,,,,,,,,
00:01:09.533,,,,,,,,,,,,,,,
00:01:09.392,,,,,,,,,,,,,,,
00:01:09.248,,,,,,,s,,,,,,,,
00:01:09.105,,,,,,,,,,,,,,,
00:01:08.961,,,,,,,,,,,,,,,
00:01:08.821,,$^3,,,,,,,,,,,,,
00:01:08.682,,,,,,,e,,,,,,,,
00:01:08.545,,,,,,,,,,,,,,,
00:01:08.411,,,,,@3,,,,,,,,,,
00:01:08.276,,,,,,,,,,,,,,,
00:01:08.142,,,,,,,,,,,,,,,
00:01:08.007,,,,,,,,,,,,,,,
00:01:07.872,,,,,,,,,,,,,,,
00:01:07.736,,,,,,,,,,,,,,,
00:01:07.600,,,,,,,,,,,s,,s,,
00:01:07.464,,,,,,,,,,,,,,,
00:01:07.396,,,,,$^3,,,,,,,,,,
00:01:07.327,,,,,,,,,,,e,,e,,
00:01:07.190,,,,,,,,,,,,,,,mo
00:01:07.053,,,,,,,,,,,,,,,
00:01:06.916,,@3,,,,,,,,,,,,,
00:01:06.780,,,,,,,,,,,,,,,
00:01:06.645,,,,,,,,,,,,,,,mi
00:01:06.511,,,,,,,,,,,,,,,
00:01:06.378,,,,,,,,,,,,,,,m
00:01:06.247,,,,,,,,,,,,,,,
00:01:06.116,,,,,,,,,,,,,,,mo
00:01:05.986,,$^3,,,,,s,,,,,,,,
00:01:05.850,,,,,,,,,,,,,,,
00:01:05.714,,,,,,,,,,,,,,,
00:01:05.576,,,,,,,,,,,,,,,mi
00:01:05.438,,,,,,,e,,,,,,,,
00:01:05.306,,,,,,,,,,,,,,,
00:01:05.175,,,,,l3,,,,,,,,,,
00:01:05.044,,,,,,,,,,,,,,,
00:01:04.911,,,,,,,,,,,,,,,mo
00:01:04.775,,,,,,,,,,,,,,,
00:01:04.637,,,,,,,,,,,,,,,
00:01:04.496,,,,,,,,,,,,,,,
00:01:04.351,,x3,,,,,s,,,,s,,s,,
00:01:04.215,,,,,,,,,,,,,,,mi
00:01:04.079,,,,,,,,,,,,,,,
00:01:03.942,,,,,,,,,,,e,,e,,m
00:01:03.806,,,,,x3,,e,,,,,,,,
00:01:03.670,,,,,,,,,,,,,,,mo
00:01:03.533,,,,,,,,,,,,,,,
00:01:03.397,,,,,,,,,,,,,,,mi
00:01:03.260,,,,,,,,,,,,,,,
00:01:03.124,,,,,,,,,,,,,,,
00:01:02.988,,l3,,,r3,,,,,,s,,s,,
00:01:02.851,,,,,,,,,,,,,,,
00:01:02.715,,,,,,,s,,,,,,,,mo
00:01:02.553,,,,,,,,,,,,,,,
00:01:02.401,,,,,,,,,,,,,,,
00:01:02.256,,,,,,,,,,,e,,e,,
00:01:02.119,,,,,,,e,,,,,,,,
00:01:01.985,,,,,,,,,,,,,,,mi
00:01:01.851,,x3,,,,,,,,,,,,s,
00:01:01.717,,,,,,,,,,,,,,,m
00:01:01.583,,,,,x3,,,,,,,,,,
00:01:01.449,,,,,,,,,,,,,,,mo
00:01:01.315,,x3,,,,,,,,,s,,s,,
00:01:01.181,,,,,,,,,,,,,,,mi
00:01:01.047,,,,,,,,,s,,,,,,
00:01:00.906,,,,,,,,,,,,,,,
00:01:00.766,,,,,,,,,,,,,,e,
00:01:00.627,,,,,,,,,,,,,,,
00:01:00.489,,,,@3,,,,,,,,,,,
00:01:00.352,,,,,,,,,,,,,,,mo
00:01:00.215,,,,,,,,,,,,,,,
00:01:00.079,,,,,,,,,,,,,,,
00:00:59.944,,,,,,,,,,,,,,,
00:00:59.810,,,,,,,,,,,,,,,mi
00:00:59.676,,,,,,,,,,,,,,,
00:00:59.543,,,,,,,,,,,,,,,m
00:00:59.411,,,,,,,,,,,,,,,
00:00:59.279,,,,,,,,,,,,,,,mo
00:00:59.148,,,,,,,,,,,,,,,
00:00:59.018,,,,,,,,,,,,,,,mi
00:00:58.888,,,,,,,,,,,,,,,
00:00:58.751,,,,,,,,,,,,,,,
00:00:58.613,,,,,,,,,,,,,,,
00:00:58.476,,,,,,,,,,,,,,,
00:00:58.338,,,,,,,,,,,,,,,mo
00:00:58.200,,,,,,,,,,,,,,,
00:00:58.063,,,,,,,,,,,,,,,
00:00:57.925,,,,,,,,,,,,,,,
00:00:57.788,,,,^3,<3,,,,,,,,,,
00:00:57.659,,,,,,,,,,,,,,,mi
00:00:57.531,,,,,,,,,,,,,,,
00:00:57.403,,,,,,,,,,,,,,,m
00:00:57.275,,,,,,,,,,,,,,,
00:00:57.122,,,,,,,,,,,,,,,mo
00:00:56.977,,,,,,,,,,,,,,,
00:00:56.839,,,,,,,,,,,,,,,mi
00:00:56.707,,,,,,,,,,,,,,,
00:00:56.576,,,,,,,,,,,,,,,
00:00:56.441,,,,,,,,,,,,,,,
00:00:56.302,,,,>3,^3,,,,,,,,,,mo
00:00:56.158,,,,,,,,,,,,,,,
00:00:56.018,,,,,,,,,,,,,,,
00:00:55.878,,,,,,,,,,,,,,,
00:00:55.738,,,,,,,,,,,,,,,
00:00:55.598,,,,,,,,,,,,,,,
00:00:55.458,,,,,,,,,,,,,,,mi
00:00:55.318,,,,,,,,,,,,,,,
00:00:55.178,,,,,,,,,,,,,,,
00:00:55.039,,,,,,,,,,,,,,,m
00:00:54.900,,,,,,,,,,,,,,,
00:00:54.760,,,,,,,,,,,,,,,
00:00:54.621,,,,,,,,,,,,,,,m
00:00:54.482,,,,,,,s,,,,,,,,
00:00:54.352,,,,$^3,,,,,,,,,,,m
00:00:54.221,,,,,,,,,,,,,,,
00:00:54.089,,,,,,,,,,,,,,,
00:00:53.958,,,,,,,,,,,,,,,
00:00:53.825,,,,,,,,,,,,,,,
00:00:53.693,,,,,,,,,,,e,,e,,
00:00:53.560,,,,,,,,,,,,,,,
00:00:53.427,,r3,,,,,,,,,,,,,
00:00:53.293,,,,,,,e,,,,,,,,m
00:00:53.159,,,,,,,,,,,,,,,
00:00:53.024,,,,,@3,,,,,,,,,,
00:00:52.889,,,,,,,,,,,,,,,m
00:00:52.822,,,,,,,,,,,,,,,
00:00:52.754,,,,,,,,,,,,,,,
00:00:52.618,,,,,,,,,,,,,,,m
00:00:52.482,,,,,,,,,,,,,,,
00:00:52.345,,,,,,,,,,,,,,,m
00:00:52.209,,,,,,,,,,,,,,,
00:00:52.071,,,,,$^3,,,,,,,,,,
00:00:51.934,,,,,,,,,,,,,,,
00:00:51.796,,,,,,,,,,,,,,,
00:00:51.659,,,,,,,,,,,,,,,
00:00:51.522,,,,,,,,,,,,,,,
00:00:51.386,,,,,,,,,,,,,,,
00:00:51.249,,,,,l3,,,,,,,,,,m
00:00:51.113,,,,,,,,,,,,,,,
00:00:50.977,,,,,,,,,,,,,,,
00:00:50.841,,,,,,,,,,,,,,,m
00:00:50.704,,,,,,,,,,,,,,,
00:00:50.568,,,,,,,,,,,,,,,
00:00:50.433,,,,,r3,,,,,,,,,,m
00:00:50.297,,,,,,,,,,,,,,,
00:00:50.161,,,,,,,,,,,,,,,m
00:00:50.025,,,,,,,,,,,,,,,
00:00:49.890,,,,,,,,,,,,,,,
00:00:49.754,,,,,,,,,,,,,,,
00:00:49.618,,,,,l3,,,,,,,,,,
00:00:49.483,,,,,,,,,,,,,,,
00:00:49.348,,,,,,,,,,,,,,,
00:00:49.213,,,,,,,,,,,,,,,
00:00:49.077,,,,,,,,,,,s,,s,,m
00:00:48.942,,,,,,,,,,,,,,,
00:00:48.897,,,,,,,,,,,,,,,
00:00:48.806,,,,,,,,,,,,,,,m
00:00:48.671,,,,,,,,,,,,,,,
00:00:48.536,,,,,,,,,,,,,,,
00:00:48.400,,,,,,,,,,,,,,,m
00:00:48.264,,r3,,,,,,,,,,,,,
00:00:48.128,,,,,,,,,,,,,,,m
00:00:47.992,,,,,,,,,,,,,,,
00:00:47.856,,,,,,,,,,,e,,e,,mo
00:00:47.720,,,,,,,,,,,,,,,
00:00:47.583,,,,,,,,,,,,,,,
00:00:47.447,,,,,,,,,,,,,,,
00:00:47.310,,,,,,,,,,,,,,,
00:00:47.173,,,,,,,,,,,,,,,
00:00:47.036,,,,,,,,,,,s,,s,,mi
00:00:46.899,,,,,,,,,,,,,,,
00:00:46.762,,,,,,,,,,,,,,,m
00:00:46.625,,,,,,,,,,,,,,,
00:00:46.487,,,,,,,,,,,,,,,mo
00:00:46.350,,,,,l3,,,,,,e,,e,,
00:00:46.219,,,,,,,,,,,,,,,
00:00:46.089,,,,,,,,,,,,,,,mi
00:00:45.958,,,,,,,,,,,,,,,
00:00:45.820,,,,,,,,,,,,,,,
00:00:45.682,,,,,,,,,,,,,,,
00:00:45.544,,,x3,x3,,,,,,,,,,,
00:00:45.408,,,,,,,,,,,,,,,
00:00:45.271,,,,,,,,,,,,,,,
00:00:45.133,,,,,@3,,,,,,,,,,
00:00:44.993,,,,,,,,,,,,,,,
00:00:44.852,,,,,,,,,,,,,,,m
00:00:44.710,,,,,,,,,,,,,,,
00:00:44.571,,,,,,,,,,,,,,,
00:00:44.432,,,,,$^3,,,,,,,,,,m
00:00:44.294,,,,,,,,,,,,,,,
00:00:44.156,,,,,,,,,,,,,,,
00:00:44.019,,,,r3,,,,,,,,,,,m
00:00:43.882,,,,,,,,,,,,,,,
00:00:43.745,,,,,,,,,,,,,,,m
00:00:43.609,,,x3,,,,,,,,,,,,
00:00:43.474,,,,,,,,,,,,,,,
00:00:43.339,,,,,,,,,,,,,,,
00:00:43.204,,,,,,,,,,,,,,,
00:00:43.070,,x3,,,,,,,,,,,,,
00:00:42.936,,,,,,,,,,,,,,,
00:00:42.801,,,,,,,,,,,,,,,
00:00:42.672,,,,,,,,,,,s,,s,,m
00:00:42.540,,,,,r3,,,,,,,,,,
00:00:42.407,,,,,,,,,,,,,,,
00:00:42.273,,,,,,,,,,,e,,e,,m
00:00:42.136,,,,,,,,,,,,,,,
00:00:42.003,,,@3,,,,,,,,,,,,
00:00:41.864,,,,,,,,,,,,,,,m
00:00:41.729,,,,,,,,,,,,,,,
00:00:41.591,,,,,,,,,,,,,,,m
00:00:41.452,,,,,,,,,,,,,,,
00:00:41.301,,,,,,,,,,,,,,,
00:00:41.154,,,$^3,,,,,,,,,,,,
00:00:41.012,,,,,,,,,,,,,,,
00:00:40.874,,,,,,,,,,,,,,,
00:00:40.739,,,,,,,,,,,,,,,
00:00:40.608,,x3,,,,,,,,,,,,,
00:00:40.477,,,,,,,,,,,,,,,m
00:00:40.346,,,,,,,,,,,,,,,
00:00:40.212,,,,,x3,,,,,,,,,,
00:00:40.077,,,,,,,,,,,,,,,m
00:00:39.939,,,,,,,,,,,,,,,
00:00:39.799,,,,,,,,,,,s,,s,,
00:00:39.659,,,,,,,,,,,,,,,m
00:00:39.519,,,,,,,,,,,,,,,
00:00:39.379,,,,,,,,,,,,,,,m
00:00:39.240,,,,,x3,,,,,,,,,,
00:00:39.101,,,,,,,,,,,,,,,
00:00:38.962,,,,,,,,,,,e,,e,,
00:00:38.824,,,,,,,,,,,,,,,
00:00:38.686,,,@3,,,,,,,,,,,,
00:00:38.548,,,,,,,,,,,,,,,
00:00:38.411,,,,,,,,,,,,,,,
00:00:38.274,,,,,,,,,,,,,,,
00:00:38.138,,,,,,,,,,,,,,,
00:00:38.002,,,$^3,,,,,,,,,,,,
00:00:37.867,,,,,,,,,,,,,,,
00:00:37.731,,,,,,,,,,,,,,,
00:00:37.596,,,,,,,,,,,s,,s,,
00:00:37.459,,x3,,,,,,,,,,,,,
00:00:37.323,,,,,,,,,,,,,,,
00:00:37.187,,,,,,,,,,,e,,e,,
00:00:37.050,,,,,,,,,,,,,,,
00:00:36.913,,x3,,,,,,,,,,,,,
00:00:36.776,,,,,,,,,,,,,,,
00:00:36.639,,,,,,,,,,,,,,,
00:00:36.501,,,,,,,,,,,,,,,
00:00:36.364,,,,,,,,,,,,,,,
00:00:36.226,,,,,,,,,,,,,,,
00:00:36.089,,,,,,,,,,,,,,,m
00:00:35.952,,,,,,,,,,,s,,s,,
00:00:35.815,,,,,,,,,,,,,,,m
00:00:35.678,,,,,r3,,,,,,e,,e,,
00:00:35.541,,,,,,,,,,,,,,,
00:00:35.404,,,,,,,,,,,,,,,
00:00:35.267,,,,,,,,,,,,,,,m
00:00:35.130,,,@3,,,,,,,,,,,,
00:00:34.994,,,,,,,,,,,,,,,m
00:00:34.857,,,,,,,,,,,,,,,
00:00:34.731,,>3,^3,,,,,,,,,,,,mo
00:00:34.601,,,,,,,,,,,,,,,
00:00:34.469,,,,,,,,,,,,,,,
00:00:34.332,,$^3,,,,,,,,,,,,,
00:00:34.192,,,,,,,,,,,,,,,
00:00:34.049,,,,,,,,,,,s,,s,,
00:00:33.904,,,,@3,,,,,,,,,,,mi
00:00:33.762,,,,,,,,,,,,,,,
00:00:33.621,,,,,,,,,,,e,,e,,
00:00:33.483,,,,,,,,,,,,,,,m
00:00:33.346,,,,,,,,,,,,,,,
00:00:33.211,,,,^3,<3,,,,,,,,,,
00:00:33.077,,,,,,,,,,,,,,,m
00:00:32.943,,,,,,,,,,,,,,,
00:00:32.808,,,,,,,,,,,,,,,m
00:00:32.674,,,,,$^3,,,,,,,,,,
00:00:32.539,,,,,,,,,,,,,,,
00:00:32.404,,,,,,,,,,,,,,,
00:00:32.270,,,,,,,,,,,,,,,
00:00:32.135,,@3,,,,,,,,,,,,,
00:00:31.999,,,,,,,,,,,,,,,
00:00:31.864,,,,,,,,,,,s,,s,,
00:00:31.728,,,,,,,,,,,,,,,m
00:00:31.593,,,,,,,,,,,,,,,
00:00:31.457,,$^3,,,,,,,,,,,,,m
00:00:31.321,,,,,,,,,,,,,,,
00:00:31.185,,,,,,,,,,,,,,,
00:00:31.049,,,,,x3,,,,,,,,,,
00:00:30.912,,,,,,,,,,,,,,,m
00:00:30.775,,,,,,,,,,,,,,,
00:00:30.639,,,,,,,,,,,,,,,m
00:00:30.502,,x3,,,,,,,,,,,,,
00:00:30.365,,,,,,,,,,,,,,,
00:00:30.228,,,,,,,,,,,,,,,
00:00:30.090,,,,,,,,,,,,,,,
00:00:29.953,,,,x3,,,,,,,,,,,
00:00:29.815,,,,,,,,,,,,,,,
00:00:29.678,,,,,x3,,,,,,,,,,
00:00:29.541,,,,,,,,,,,,,,s,m
00:00:29.403,,,,,,,,,,,,,,,
00:00:29.266,,,,,,,,,,,,,,,m
00:00:29.129,,@3,,,,,,,,,,,,,
00:00:28.992,,,,,,,,,,,,,,e,
00:00:28.855,,,,,,,,,,,,,,,
00:00:28.719,,,,,,,,,,,,,,,m
00:00:28.582,,,,,,,,,,,,,,,
00:00:28.445,,,,,,,,,,,,,,,m
00:00:28.309,,,,,,,,,,,,,,,
00:00:28.171,,,,,,,,,,,,,,,
00:00:28.033,,$^3,,,,,,,,,,,,,
00:00:27.895,,,,,,,,,,,,,,,
00:00:27.757,,,,,,,,,,,,,,,
00:00:27.618,,,,,,,,,,,,,,,
00:00:27.480,,,,,l3,,,,,,,,,,m
00:00:27.341,,,,,,,,,,,,,,,
00:00:27.201,,,,,,,,,,,,,,,
00:00:27.062,,,,,,,,,,,,,,,m
00:00:26.922,,,,,,,,,,,,,,,
00:00:26.782,,,,,,,,,,,,,,,
00:00:26.642,,r3,,,,,,,,,,,,,
00:00:26.505,,,,,,,,,,,,,,,m
00:00:26.367,,,,,,,,,,,,,,,
00:00:26.229,,,,,,,,,,,,,,,m
00:00:26.091,,,,,x2,,,,,,,,,,
00:00:25.953,,,,,,,,,,,,,,,
00:00:25.815,,,,x2,,,,,,,,,,,
00:00:25.677,,,,,,,,,,,,,,,
00:00:25.538,,,x2,,,,,,,,,,,,
00:00:25.400,,,,,,,,,,,,,,,
00:00:25.261,,,,x2,,,,,,,,,,,
00:00:25.123,,,,,,,,,,,,,,,m
00:00:24.984,,,,,,,,,,,,,,,
00:00:24.914,,x2,,,x2,,,,,,,,,,m
00:00:24.845,,,,,,,s,,,,,,,,
00:00:24.706,,,,,,,,s,,,,,,,
00:00:24.568,,,,,,,,,,,,,,,
00:00:24.429,,,x3,,,,,,,,,,,,m
00:00:24.290,,,,,,,,,,,,,,,
00:00:24.151,,,,,,,,,,,,,,,m
00:00:24.012,,,,,,,,,,,,,,,
00:00:23.874,,x3,,,,,,,,,,,,,
00:00:23.735,,,,,,,,,,,,,,,
00:00:23.597,,,,,,,,,,,,,,,
00:00:23.458,,,,,,,,,,,,,,,
00:00:23.320,,,,,x3,,,,,,,,,,
00:00:23.181,,,,,,,,,,,,,,,
00:00:23.043,,,,,,,,,,,,,,,m
00:00:22.904,,,,,,,,,,,,,,,
00:00:22.766,,x3,,,,,,,,,,,,,
00:00:22.628,,,,,,,,,,,,,,,m
00:00:22.489,,,,,,,,,,,,,,,
00:00:22.351,,,,,,,e,,,,,,,,
00:00:22.213,,,x3,,,,s,,,,,,,,m
00:00:22.075,,,,,,,,,,,,,,s,
00:00:21.937,,,,,,,,,,,,,,,m
00:00:21.798,,,,,,,,,,,,,,,
00:00:21.660,,x3,,,,,,,,,,,,,
00:00:21.522,,,,,,,,,,,,,,,
00:00:21.384,,,,,,,,,,,,,,,
00:00:21.246,,,,,,,,,,,,,,,
00:00:21.108,,,,x3,,,,,,,,,,,
00:00:20.971,,,,,,,,,,,,,,,
00:00:20.833,,,,,x3,,,,,,,,,,m
00:00:20.695,,,,,,,,,,,,,,,
00:00:20.557,,,,,,,,,,,,,,,
00:00:20.419,,,,,,,,,,,,,,,m
00:00:20.282,,x3,,,,,,,,,,,,,
00:00:20.144,,,,,,,,,,,,,,,
00:00:20.006,,,,,x3,,,,,,,,,,m
00:00:19.853,,,,,,,,,,,,,,,
00:00:19.700,,,,x3,,,,,,,,,,,m
00:00:19.547,,,,,,,,,,,,,,,
00:00:19.393,,,x3,,,,,,,,,,,,
00:00:19.251,,,,,,,,,,,,,,,
00:00:19.108,,x3,,,,,,,,s,,,,,
00:00:18.965,,,,,,,,,,,,,,,
00:00:18.822,,,,,,,,,,,,,,,
00:00:18.679,,,,,,,,,,,,,,,
00:00:18.536,,,,,,,,,,,,,,,
00:00:18.393,*,l3,#,#,r3,*,,,,,,,,,
00:00:18.251,,,,,,,,,,,,,,,
00:00:18.108,,,,,,,,,,,,,,,
00:00:17.965,,,,,,,,,,,e,,e,,
00:00:17.822,,,,,,,,,,,,,,,
00:00:17.679,,@3,,,,,,,,,,,,,
00:00:17.536,,,,,,,,,,,,,,,
00:00:17.393,,,,,,,,,,,,,,,
00:00:17.251,,,,,,,,,,,,,,,
00:00:17.108,,,,,,,,,,,,,,,
00:00:16.965,,,,,,,,,,,,,,,
00:00:16.822,,,,,,,,,,,,,,,
00:00:16.679,,,,,,,,,,,,,,,
00:00:16.536,,,,,,,,,,,,,,,
00:00:16.393,,,,,,,,,,,,,,,
00:00:16.251,,,,,,,,,,,,,,,m
00:00:16.108,,,,,,,,,,,,,,,
00:00:15.965,,,,,,,,,,,,,,,m
00:00:15.822,,,,,,,,,,,,,,,
00:00:15.679,,,,,,,,,,,,,,,
00:00:15.536,,,,,,,,,,,,,,,
00:00:15.393,,$^3,,,,,,,,,,,,,m
00:00:15.081,,,,,,,,,,,,,,,
00:00:14.768,,,,,,,,,,,,,,,
00:00:14.456,,,,,,,,,,,,,,,
00:00:14.143,,,,,,,,,,e,,,,,m
00:00:13.915,,,,,,,,,,,,,,,
00:00:13.700,,x3,,,,,,,,,,,,,mo
00:00:13.500,,,,,,,,,,,,,,,
00:00:13.300,,,,,x3,,,,,,,,,,
00:00:13.100,,,,,,,,,,,,,,,
00:00:12.900,,x3,,,,,,,,,,,,,mi
00:00:12.700,,,,,,,,,,,,,,,
00:00:12.500,,,,,x3,,,,,s,s,,s,,m
00:00:12.072,,,,,,,,,,,,,,,
00:00:11.645,,,,,,,,,,,,,,,
00:00:11.338,,,,,,,,,,,,,,,
00:00:11.077,,,,,,,,,,,,,,,m
00:00:10.836,,@3,,,,,,,,,e,,e,,
00:00:10.594,,,,,,,,,,,,,,,m
00:00:10.352,,,,,,,,,,,,,,,
00:00:10.110,,,,,,,,,,,,,,,
00:00:09.868,,,,,,,,,,,,,,,
00:00:09.626,,,,,,,,,,,,,,,
00:00:09.384,,,,,,,,,,,,,,,
00:00:09.142,,,,,,,,,,e,,,,,
00:00:08.900,,$^3,,,,,,,,,,,,,
00:00:08.658,,,,,,,,,,,,,,,m
00:00:08.416,,,,,,,,,,,,,,,
00:00:08.174,,,,,x3,,,,,s,s,,s,,m
00:00:07.659,,,,,,,,,,,,,,,
00:00:07.143,,,,,,,,,,,e,,e,,
00:00:06.885,,,,,@3,,,,,,,,,,
00:00:06.627,,,,,,,,,,,,,,,m
00:00:06.112,,,,,,,,,,,,,,,
00:00:05.877,,,,,,,,,,,,,,,m
00:00:05.643,,,,,,,,,,,,,,,
00:00:05.409,,,,,,,,,,,,,,,
00:00:05.174,,,,,,,,,,,,,,,
00:00:04.940,,,,,,,,,,e,,,,,
00:00:04.705,,,,,$^3,,,,,,,,,,
00:00:04.471,,,,,,,,,,,,,,,
00:00:04.237,,x3,,,,,,,,,,,,,
00:00:04.002,,,,,,,,,,,,,,,m
00:00:03.768,,,,,x3,,,,,,,,,,
00:00:03.534,,,,,,,,,,,,,,,m
00:00:03.299,,x3,,,,,,,,s,s,,s,,
00:00:02.809,,,,,,,,,,,,,,,
00:00:02.433,,,,,,,,,,,,,,e,
00:00:02.130,,,,,@3,,,,,,,,,,m
00:00:01.875,,,,,,,,,,,,,,,
00:00:01.640,,,,,,,,,,,,,,,m
00:00:01.406,,,,,,,,,,,,,,,
00:00:01.171,,,,,,,,,,,,,,,
00:00:00.937,,,,,$^3,,,,,,,,,s,
00:00:00.703,,,,,,,,,,,,,,,
00:00:00.468,,,,,,,,,,,,,,,
00:00:00.234,,,,,,,,,,e,,,,,
00:00:00.000,*,,*,*,,*,,,,s,,,,,