00:02:29.869,,@1,,,@1,,w,w,w,w,,,,,
00:02:29.780,,,,,,,,,,,,,,,
00:02:29.690,,,,,,,e,,,,,,,,
00:02:29.601,,,,,,,,,,,,,,,
00:02:29.511,,,,,,,,,,,,,,,
00:02:29.388,,,,,,,,,,,,,,,
00:02:29.265,,,,,,,,,,,,,,,
00:02:29.142,,,,,,,,,,,,,,,
00:02:29.019,,,,,,,,,,,,,,,
00:02:28.910,,,,,,,,,,,,,,,
00:02:28.800,,^1,<1,>1,^1,,,,,,,,,,
00:02:28.691,,,,,,,,,,,,,,,
00:02:28.582,,,,,,,,,,,,,,,
00:02:28.467,,,,,,,,,,,,,,,
00:02:28.352,,,,,,,,,,,,,,,
00:02:28.237,,,,,,,,,,,,,,,
00:02:28.123,,,,,,,,,,,,,,,
00:02:28.002,,,,,,,,,,,,,,,
00:02:27.882,,,,,,,,,,,,,,,
00:02:27.762,,,,,,,,e,,,,,,,
00:02:27.641,,,,,,,,,,,,,,,
00:02:27.522,,,,,,,,,,,,,,,
00:02:27.402,,,,,,,,,,,,,,,
00:02:27.283,,,,,,,,,,,,,,,
00:02:27.163,,>1,^1,^1,<1,,,,,,,,,,
00:02:27.045,,,,,,,,,,,,,,,
00:02:26.926,,,,,,,,,,,,,,,
00:02:26.807,,,,,,,,,,,,,,,
00:02:26.689,,,,,,,,,,,,,,,
00:02:26.571,,,,,,,,,,,,,,,
00:02:26.453,,,,,,,,,,,,,,,
00:02:26.336,,,,,,,,,,,,,,,
00:02:26.218,,,,,,,,,,,,,,,
00:02:26.101,,,,,,,,,,,,,,,
00:02:25.985,,,,,,,,,,,,,,,
00:02:25.868,,,,,,,,,e,e,,,,,
00:02:25.751,,$^1,,,$^1,,,,,,,,,,
00:02:25.632,,,,,,,,,,,,,,,
00:02:25.512,,,,,,,,,,,,,,,
00:02:25.432,,x1,,,x1,,,,,,,,,,
00:02:25.393,,,,,,,,,,,,,,,
00:02:25.273,,,,,,,,,,,,,,,
00:02:25.154,,,,,,,,,,,,,,,
00:02:25.114,,,x1,x1,,,,,,,,,,,
00:02:25.034,,,,,,,,,,,,,,,
00:02:24.915,,,,,,,,,,,,,,,
00:02:24.796,,x1,,,x1,,,,,,,,,,
00:02:24.683,,,,,,,,,,,,,,,
00:02:24.571,,,,,,,,,,,,,,,
00:02:24.458,,@1,,,,,,,,,,,,,
00:02:24.345,,,,,,,,,,,,,,,
00:02:24.233,,,,,,,,,,,,,,,
00:02:24.120,,,,,,,,,,,,,,,
00:02:24.008,,,,,,,,,,,,,,,
00:02:23.895,,$^1,,,,,,,,,,,,,
00:02:23.777,,,,,,,,,,,,,,,
00:02:23.659,,,,,l1,,,,,,,,,,
00:02:23.541,,,,,,,,,,,,,,,
00:02:23.423,,@1,,,,,,,,,,,,,
00:02:23.313,,,,,,,,,,,,,,,
00:02:23.203,,$^1,,,,,,,,,,,,,
00:02:23.093,,,,,,,,,,,,,,,
00:02:22.983,,,,,@1,,,,,,,,,,
00:02:22.861,,,,,,,,,,,,,,,
00:02:22.740,,,,,,,,,,,,,,,
00:02:22.618,,,,,,,,,,,,,,,
00:02:22.497,,,,,,,,,,,,,,,
00:02:22.381,,,,>1,^1,,,,,,,,,,
00:02:22.264,,,,,,,,,,,,,,,
00:02:22.148,,,,,,,,,,,,,,,
00:02:22.032,,,,,,,,,,,,,,,
00:02:21.914,,,,$^1,,,,,,,,,,,
00:02:21.796,,,,,,,,,,,,,,,
00:02:21.678,,,x1,,,,,,,,,,,,
00:02:21.559,,,,,,,,,,,,,,,
00:02:21.444,,,x1,,,,,,,,,,,,
00:02:21.328,,,,,,,,,,,,,,,
00:02:21.212,,,x1,,,,,,,,,,,,
00:02:21.097,,,,,,,,,,,,,,,
00:02:20.979,,,,,,,,,,,,,,,
00:02:20.862,,,,,x1,,,,,,,,,,
00:02:20.745,,,,,,,,,,,,,,,
00:02:20.627,,,,,,,,,,,,,,,
00:02:20.508,,,x1,,,,,,,,,,,,
00:02:20.388,,,,,,,,,,,,,,,
00:02:20.268,,,,,,,,,,,,,,,
00:02:20.149,,,x1,,,,,,,,,,,,
00:02:20.031,,,,,,,,,,,,,,,
00:02:19.914,,x1,,,,,,,,,,,,,
00:02:19.797,,,,,,,,,,,,,,,
00:02:19.680,,,,,,,,,,,,,,,
00:02:19.564,,,,,,,,,,,,,,,
00:02:19.506,,,,x1,,,,,,,,,,,
00:02:19.449,,,,,,,,,,,,,,,
00:02:19.391,,,,,x1,,,,,,,,,,
00:02:19.333,,,,,,,,,,,,,,,
00:02:19.218,,,,,,,,,,,,,,,
00:02:19.160,,,l1,,,,,,,,,,,,
00:02:19.101,,,,,,,,,,,,,,,
00:02:19.043,,,,x1,,,,,,,,,,,
00:02:18.985,,,,,,,,,,,,,,,
00:02:18.868,,,,,,,,,,,,,,,
00:02:18.752,,l1,,,,,,,,,,,,,
00:02:18.639,,,,,,,,,,,,,,,
00:02:18.526,,,,,,,,,,,,,,,
00:02:18.412,,,,,r1,,,,,,,,,,
00:02:18.299,,,,,,,,,,,,,,,
00:02:18.184,,,,,,,,,,,,,,,
00:02:18.068,,,,,,,,,,,,,,,
00:02:17.953,,,,,,,,,,,,,,,
00:02:17.838,,,x1,,,,,,,,,,,,
00:02:17.725,,,,,,,,,,,,,,,
00:02:17.612,,,x1,,,,,,,,,,,,
00:02:17.500,,,,,,,,,,,,,,,
00:02:17.387,,,x1,,,,,,,,,,,,
00:02:17.269,,,,,,,,,,,,,,,
00:02:17.150,,,,,,,,,,,,,,,
00:02:17.031,,,,,,,,,,,,,,,
00:02:16.913,,x1,,,,,,,,,,,,,
00:02:16.797,,,,,,,,,,,,,,,
00:02:16.680,,x1,,,,,,,,,,,,,
00:02:16.564,,,,,,,,,,,,,,,
00:02:16.448,,x1,,,,,,,,,,,,,
00:02:16.331,,,,,,,,,,,,,,,
00:02:16.214,,,,,,,,,,,,,,,
00:02:16.098,,,,,,,,,,,,,,,
00:02:15.981,,,,,x1,,,,,,,,,,
00:02:15.867,,,,,,,,,,,,,,,
00:02:15.754,,,,,x1,,,,,,,,,,
00:02:15.640,,,,,,,,,,,,,,,
00:02:15.526,,,,,x1,,,,,,,,,,
00:02:15.408,,,,,,,,,,,,,,,
00:02:15.290,,,@1,,,,,,,,,,,,
00:02:15.172,,,,,,,,,,,,,,,
00:02:15.054,,,,,,,,,,,,,,,
00:02:14.933,,>1,^1,,,,,,,,,,,,
00:02:14.813,,,,,,,,,,,,,,,
00:02:14.692,,,,,,,,,,,,,,,
00:02:14.571,,$^1,,,,,,,,,,,,,
00:02:14.451,,,,,,,,,,,,,,,
00:02:14.331,,,,,,,,,,,,,,,
00:02:14.211,,,,,,,,,,,,,,,
00:02:14.090,,,,,,,,,,,,,,,
00:02:13.977,,,,,,,,,,,,,,,
00:02:13.863,,,x1,,,,,,,,,,,,
00:02:13.749,,,,,,,,,,,,,,,
00:02:13.635,,x1,,,,,,,,,,,,,
00:02:13.514,,,,,,,,,,,,,,,
00:02:13.393,,,,,@1,,,,,,,,,,
00:02:13.271,,,,,,,,,,,,,,,
00:02:13.150,,,,,,,,,,,,,,,
00:02:13.035,,,,,^1,<1,,,,,,,,,
00:02:12.920,,,,,,,,,,,,,,,
00:02:12.805,,,,,,,,,,,,,,,
00:02:12.689,,,,,,$^1,,,,,,,,,
00:02:12.630,,,,,,,,,,,,,,,
00:02:12.570,,,,,,,,,,,,,,,
00:02:12.511,,,,,,,,,,,,,,,
00:02:12.451,,,x1,,,,,,,,,,,,
00:02:12.332,,,,,,,,,,,,,,,
00:02:12.213,,x1,,,,,,,,,,,,,
00:02:12.101,,,,,,,,,,,,,,,
00:02:11.989,,,x1,,,,,,,,,,,,
00:02:11.877,,,,,,,,,,,,,,,
00:02:11.764,,x1,,,,,,,,,,,,,
00:02:11.647,,,,,,,,,,,,,,,
00:02:11.530,,,,,@1,,,,,,,,,,
00:02:11.412,,,,,,,,,,,,,,,
00:02:11.295,,,,,,,,,,,,,,,
00:02:11.177,,,,,$^1,,,,,,,,,,
00:02:11.060,,,,,,,,,,,,,,,
00:02:10.942,,,,,,,,,,,,,,,
00:02:10.824,,,,,,,,,,,,,,,
00:02:10.712,,,,,,,,,,,,,,,
00:02:10.601,,,,,,,,,,,,,,,
00:02:10.489,,,,,,,,s,,,,,,,
00:02:10.378,,x1,,,,,,,,,,,,,
00:02:10.264,,,,,,,,,,,,,,,
00:02:10.150,,,,,@4,,,,,,,,,,
00:02:10.036,,,,,,,,,,,,,,,
00:02:09.922,,,,,,,,,,,,,,,
00:02:09.810,,,,,,,,,,,,,,,
00:02:09.698,,,,,,,,,,,,,,,
00:02:09.586,,,,,,,,e,,,,,,,
00:02:09.474,,,,,$^4,,,,,,,,,,
00:02:09.361,,,,,,,,,,,,,,,
00:02:09.249,,,,,,,,,,,,,,,
00:02:09.137,,,,,,,,,,,,,,,
00:02:09.024,,,x4,,,,,,,,,,,,
00:02:08.904,,,,,,,,,,,,,,,
00:02:08.785,,,,,,,,,,,,,,,
00:02:08.665,,@4,,,,,,s,,,,,,,
00:02:08.545,,,,,,,,,,,,,,,
00:02:08.433,,,,,,,,,,,,,,,
00:02:08.320,,,,,,,,,,,,,,,
00:02:08.208,,,,,,,,,,,,,,,
00:02:08.095,,,,,,,,,,,,,,,
00:02:07.976,,,,,,,,,,,,,,,
00:02:07.857,,,,,,,,,,,,,,,
00:02:07.737,,,,,,,,,,,,,,,
00:02:07.618,,$^4,,,,,,,,,,,,,
00:02:07.499,,,,,,,,,,,,,,,
00:02:07.381,,,,,@3,,,,,,,,,e,mo
00:02:07.262,,,,,,,,e,,,,,,,
00:02:07.143,,,,,,,,s,s,s,,,,,
00:02:07.012,,,,,,,,,,,,,,,
00:02:06.881,,,,>3,^3,,,,,,,,,,mi
00:02:06.749,,,,,,,s,,,,,,,,m
00:02:06.618,,,,,,,,,,,,,,,
00:02:06.505,,,,$^3,,,,,,,,,,,m
00:02:06.391,,,,,,,,,,,,,,,
00:02:06.278,,,,,,,,,,,,,,,m
00:02:06.164,,r3,,,,,,,,,,,,,m
00:02:06.043,,,,,,,,,,,,,,,
00:02:05.923,,,,,x3,,,,,,,,,,m
00:02:05.802,,,,,,,,,,,,,,,
00:02:05.682,,x3,,,,,,,,,,,,,m
00:02:05.553,,,,,,,,,,,,,,,
00:02:05.425,,,,,x3,,,,,,,,,,m
00:02:05.296,,,,,,,,,,,,,,,
00:02:05.168,,x3,,,,,,,,,,,,,m
00:02:05.034,,,,,,,,,,,,,,,
00:02:04.901,,,,,x3,,,,,,,,,s,m
00:02:04.768,,,,,,,,,,,,,,,
00:02:04.634,,,,,,,,,,,,,,e,mo
00:02:04.505,,@4,,,@3,,,,,,,,,,
00:02:04.376,,,,,,,,,,,,,,,
00:02:04.247,,,,,,,,,,,,,,,
00:02:04.118,,,,,,,,,,,,,,,
00:02:03.994,,,,,,,,,,,,,,,
00:02:03.870,,,,,,,,,,,,,,,
00:02:03.745,,^4,<4,>3,^3,,,,,,,,,,
00:02:03.621,,,,,,,,,,,,,,,
00:02:03.503,,,,,,,,,,,,,,,
00:02:03.386,,,,,,,,,,,,,,,
00:02:03.269,,,,,,,e,e,e,e,,,,,
00:02:03.151,,,$^4,$^3,,,s,s,,s,,,,,
00:02:03.033,,,,,,,,,,,,,,,
00:02:02.916,,@4,,,@3,,,,,,,,,,
00:02:02.798,,,,,,,,,,,,,,,
00:02:02.681,,,,,,,,,,,,,,,
00:02:02.563,,,,,,,,,,,,,,,
00:02:02.445,,,,,,,,,,,,,,,
00:02:02.327,,,,,,,e,e,,e,,,,,
00:02:02.209,,$^4,,,$^3,,s,s,,s,,,,,
00:02:02.091,,,,,,,,,,,,,,,
00:02:01.973,,,@4,@3,,,,,,,,,,,
00:02:01.854,,,,,,,,,,,,,,,
00:02:01.736,,,,,,,,,,,,,,,mi
00:02:01.614,,,,,,,,,,,,,,,
00:02:01.493,,,,,,,,,,,,,,,
00:02:01.372,,,,,,,e,e,,e,,,,,m
00:02:01.250,,,$^4,$^3,,,,,,,,,,,m
00:02:01.136,,,,,,,,,,,,,,,
00:02:01.021,,,,,x3,,,,,,,,,s,m
00:02:00.907,,,,,,,,,,,,,,,
00:02:00.792,,,,,,,,,,,,,,,
00:02:00.678,,,,,,,,,,,,,,,
00:02:00.563,,,,,,,,,,,,,,,
00:02:00.449,,,,,,,,,,,,,,,
00:02:00.334,,,,,,,,,,,,,,,
00:02:00.219,,,,,,,,,,,e,,e,e,
00:02:00.105,,,,@3,,,,,,,,,,,mo
00:01:59.990,,,,,,,,,,,,,,,
00:01:59.876,,,,,,,,,,,,,,,
00:01:59.761,,,,,,,,,,,,,,,
00:01:59.647,,,,$^3,,,,,,,,,,,mi
00:01:59.532,,,,,,,,,,,,,,,m
00:01:59.418,,r3,,,,,,,,,,,,,m
00:01:59.296,,,,,,,,,,,,,,,
00:01:59.174,,,,,x3,,,,,,,,,,m
00:01:59.052,,,,,,,,,,,,,,,
00:01:58.929,,,,x3,,,,,,,,,,,m
00:01:58.818,,,,,,,,,,,,,,,
00:01:58.706,,,,,x3,,,,,,,,,,m
00:01:58.595,,,,,,,,,,,,,,,
00:01:58.483,,,,x3,,,,,,,,,,,m
00:01:58.369,,,,,,,,,,,,,,,
00:01:58.255,,,,,x3,,,,,,,,,,m
00:01:58.142,,,,,,,,,,,,,,,
00:01:58.028,,,,,,,,,,,,,,,m
00:01:57.913,,,,,l3,,,,,,,,,,m
00:01:57.798,,,,,,,,,,,,,,,
00:01:57.684,,,,,,,,,,,,,,,m
00:01:57.569,,r3,,,,,,,,,,,,,m
00:01:57.449,,,,,,,,,,,,,,,
00:01:57.329,,,,,x3,,,,,,s,,s,s,m
00:01:57.209,,,,,,,,,,,,,,,
00:01:57.089,,,,,,,,,,,,,,,
00:01:56.977,,,,,,,,,,,,,,,
00:01:56.865,,,,,,,,,,,,,,,
00:01:56.752,,,,,,,,,,,,,,,
00:01:56.640,,,,,,,,,,,,,,,
00:01:56.524,,,@3,,,,,,,,e,,e,e,mo
00:01:56.408,,,,,,,,,,,,,,,
00:01:56.292,,,,,,,,,,,,,,,
00:01:56.176,,,,,,,,,,,,,,,
00:01:56.061,,>3,^3,,,,,,,,,,,,
00:01:55.946,,,,,,,,,,,,,,,
00:01:55.831,,,,,,,,,,,,,,,
00:01:55.715,,$^3,,,,,,,,,,,,,mi
00:01:55.595,,,,,,,,,,,,,,,
00:01:55.475,,,,,x3,,,,,,,,,,m
00:01:55.354,,,,,,,,,,,,,,,
00:01:55.234,,,,x3,,,,,,,,,,,m
00:01:55.121,,,,,,,,,,,,,,,
00:01:55.008,,,,,,,,,,,,,,,m
00:01:54.895,,r3,,,,,,,,,,,,,m
00:01:54.782,,,,,,,,,,,,,,,
00:01:54.666,,,,,,,,,,,,,,,m
00:01:54.549,,,,,l3,,,,,,,,,,m
00:01:54.433,,,,,,,,,,,,,,,
00:01:54.316,,,,,,,,,,,,,,,m
00:01:54.197,,,l3,,,,,,,,,,,,m
00:01:54.137,,,,,,,,,,,,,,,
00:01:54.077,,,,,,,,,,,,,,,
00:01:53.958,,,,,,,,,,,,,,,m
00:01:53.839,,,,r3,,,,,,,s,,s,s,m
00:01:53.717,,,,,,,,,,,,,,,
00:01:53.595,,,,,,,,,,,,,,,
00:01:53.473,,,,,,,,,,,,,,,
00:01:53.351,,,,,,,,,,,,,,,
00:01:53.238,,,,,,,,,,,,,,,
00:01:53.125,,,,,,,,,,,,,,,
00:01:53.012,,,,,,,,,,,,,,,
00:01:52.899,,,,,,,,,,,,,,,
00:01:52.784,,,,,,,,,,,,,,,
00:01:52.669,,@3,,,,,,,,,e,,e,e,mo
00:01:52.554,,,,,,,,,,,,,,,
00:01:52.439,,,,,,,,,,,,,,,
00:01:52.323,,,,,,,,,,,,,,,
00:01:52.206,,$^3,,,,,,,,,,,,,mi
00:01:52.090,,,,,,,,,,,,,,,m
00:01:51.974,,,,,l3,,,,,,,,,,m
00:01:51.857,,,,,,,,,,,,,,,
00:01:51.741,,,x3,,,,,,,,,,,,m
00:01:51.625,,,,,,,,,,,,,,,
00:01:51.509,,,,x3,,,,,,,,,,,m
00:01:51.392,,,,,,,,,,,,,,,
00:01:51.276,,,,,x3,,,,,,,,,,m
00:01:51.160,,,,,,,,,,,,,,,
00:01:51.043,,x3,,,,,,,,,,,,,m
00:01:50.927,,,,,,,,,,,,,,,
00:01:50.811,,,x3,,,,,,,,,,,,m
00:01:50.695,,,,,,,,,,,,,,,
00:01:50.578,,,,,,,,,,,,,,,
00:01:50.462,,,,,,,,,,,,,,,m
00:01:50.346,,,,,r3,,,,,,,,,,m
00:01:50.230,,,,,,,,,,,,,,,
00:01:50.113,,,,x3,,,,,,,,,,,m
00:01:50.004,,,,,,,,,,,,,,,
00:01:49.895,,,,,x3,,,,,,s,,s,s,m
00:01:49.822,,,,,,,,,,,,,,,
00:01:49.786,,,@1,,,,,,,,,,,,
00:01:49.750,,,,,,,,,,,,,,,
00:01:49.677,,,,,,,,,,,,,,,
00:01:49.564,,,,,,,,,,,,,,,
00:01:49.452,,,,,,,,,,,,,,e,
00:01:49.339,,,,,,,,,,,,,,,
00:01:49.227,,,,,,,,s,,,,,,,
00:01:49.106,,,$^1,,,,,,s,,,,,,
00:01:48.986,,,,,,,,,,,,,,,m
00:01:48.865,,,,,,,,,,,,,,,
00:01:48.745,,r3,,,,,,,,,,,,,m
00:01:48.632,,,,,,,,,,,,,,,
00:01:48.519,,,,,,,s,,,,,,,,
00:01:48.406,,,,,,,,e,,,,,,,m
00:01:48.293,,,x3,,,,,s,,,e,,e,,m
00:01:48.181,,,,,,,,,,,,,,,
00:01:48.069,,,,,@3,,,,,,,,,,mo
00:01:47.957,,,,,,,,,,,,,,,
00:01:47.845,,,,,,,,,,,,,,,
00:01:47.729,,,,,,,,,,,,,,,
00:01:47.612,,,,,,,,,,,,,,,
00:01:47.496,,,,,,,,,,,,,,,
00:01:47.380,,,,,,,,,,,,,,,
00:01:47.264,,,,>3,^3,,,,,,,,,,
00:01:47.148,,,,,,,,,,,,,,,
00:01:47.032,,,,,,,,,,,,,,,
00:01:46.916,,,,,,,,,,,,,,,
00:01:46.796,,,,,,,,,,,,,,,
00:01:46.675,,,,,,,,,,,,,,,
00:01:46.554,,,,,,,e,e,e,,,,,,
00:01:46.434,,,,,,,,,,,,,,,
00:01:46.323,,,,,,,,,,,,,,,
00:01:46.213,,,,$^3,,,,s,,,,,,,mi
00:01:46.102,,,,,,,,,,,,,,,
00:01:45.992,,x3,,,,,,,,,,,,,m
00:01:45.874,,,,,,,,,,,,,,,
00:01:45.757,,,x3,,,,,,,,,,,,m
00:01:45.639,,,,,,,,,,,,,,,
00:01:45.521,,x3,,,,,,,,,,,,,m
00:01:45.403,,,,,,,,e,,,,,,,
00:01:45.284,,,x3,,,,,s,,,,,,,m
00:01:45.166,,,,,,,,,,,,,,,
00:01:45.048,,,,,,,,,,,,,,,
00:01:44.932,,,,,x3,,,,,,,,,,m
00:01:44.817,,,,,,,,,,,,,,,
00:01:44.702,,,,,,,,,,,,,,,
00:01:44.586,,,x3,,,,,,,,,,,,m
00:01:44.471,,,,,,,,e,,,,,,,
00:01:44.356,,x3,,,,,,,,,,,,,m
00:01:44.241,,,,,,,,,,,,,,,
00:01:44.126,,,,x3,,,,,,,,,,,m
00:01:44.008,,,,,x3,,,,,,,,,,m
00:01:43.891,,,,,,,,s,s,,,,,,
00:01:43.774,,,,,,,,,,,,,,,
00:01:43.657,,,x3,,,,,,,,,,,,
00:01:43.538,,,,,,,,,,,,,,,
00:01:43.419,,x3,,,,,,,,,,,,,m
00:01:43.300,,,,,,,,,,,,,,,
00:01:43.181,,,,x3,,,,,,,,,,,m
00:01:43.063,,,,,x3,,,,,,,,,,m
00:01:42.945,,,,,,,,,,,,,,,
00:01:42.827,,,,,,,,e,e,,,,,,
00:01:42.709,,,,,,,,,,,,,,,m
00:01:42.595,,l3,,,,,,,,,,,,,m
00:01:42.481,,,,,,,,,,,,,,,
00:01:42.368,,,,,,,,,,,,,,,
00:01:42.254,,,x3,,,,,,s,,,,,,m
00:01:42.140,,,,,,,,,,,,,,,
00:01:42.027,,,,,,,,,,,,,,,
00:01:41.913,,,,,,,,,,,,,,,
00:01:41.800,,,,,,,,,,,,,,,m
00:01:41.684,,,,,r3,,,,,,,,,,m
00:01:41.567,,,,,,,,,,,,,,,
00:01:41.450,,,,,,,,,,,,,,,
00:01:41.334,,,,x3,,,,,,,,,,,m
00:01:41.216,,,,,,,,,,,,,,,
00:01:41.098,,,,,,,,,,,,,,,
00:01:40.980,,,,,,,,,e,,,,,,
00:01:40.862,,x3,,,,,,,,,,,,,m
00:01:40.743,,,x3,,,,,,,,,,,,m
00:01:40.625,,,,,,,,,,,,,,,
00:01:40.507,,,,,,,,,,,,,,,
00:01:40.389,,,x3,,,,,,s,,,,,,m
00:01:40.273,,,,,,,,,,,,,,,
00:01:40.157,,,,,@3,,,,,,,,,,mo
00:01:40.041,,,,,,,,,,,,,,,
00:01:39.925,,,,,,,,,,,,,,,
00:01:39.813,,,,,$^3,,,,,,,,,,mi
00:01:39.701,,,,,,,,,,,,,,,m
00:01:39.588,,,,,,,,,,,,,,,
00:01:39.476,,l3,,,,,,,,,,,,,m
00:01:39.358,,,,,,,,,,,,,,,
00:01:39.240,,,,,x3,,,,,,,,,,m
00:01:39.121,,,,,,,,,e,,,,,,
00:01:39.003,,x3,,,,,,,,,,,,,m
00:01:38.884,,,,,,,,,,,,,,,
00:01:38.765,,,,,x3,,,,,,,,,,m
00:01:38.645,,,,,,,,,,,s,,s,s,
00:01:38.526,,,,,,,,,s,,,,,,
00:01:38.413,,@3,,,,,,,,,e,,e,e,mo
00:01:38.300,,,,,,,,,,,,,,,
00:01:38.187,,,,,,,,,,,,,,,
00:01:38.073,,^3,<3,,,,,,,,,,,,
00:01:37.957,,,,,,,,,,,,,,,
00:01:37.842,,,$^3,,,,,,,,,,,,mi
00:01:37.726,,,,,,,,,,,,,,,
00:01:37.610,,,,,@3,,,,,,,,,,mo
00:01:37.488,,,,,,,,,,,,,,,
00:01:37.367,,,,>3,^3,,,,,,,,,,
00:01:37.245,,,,,,,,,e,,,,,,
00:01:37.124,,,,$^3,,,,,,,,,,,mi
00:01:37.003,,,,,,,,,,,,,,,
00:01:36.883,,x3,,,,,,,,,,,,,m
00:01:36.762,,,,,,,,,,,,,,,
00:01:36.642,,,,,,,,,s,,,,,,
00:01:36.524,,x3,,,,,,,,,,,,,m
00:01:36.407,,,,,,,,,,,,,,,
00:01:36.329,,,,,,,,,,,,,,,m
00:01:36.290,,,,,,,,,,,,,,,
00:01:36.172,,,,,x3,,,,,,,,,,m
00:01:36.061,,,,,,,,,,,,,,,
00:01:35.949,,,,,x3,,,,,,,,,,m
00:01:35.838,,,,,,,,,,,,,,,
00:01:35.727,,x3,,,,,,,,,,,,,m
00:01:35.610,,,x3,,,,,,,,,,,,m
00:01:35.493,,,,,,,,,,,,,,,
00:01:35.376,,,,,,,,,e,,,,,,
00:01:35.259,,,,x3,,,,,s,s,s,,s,s,m
00:01:35.145,,,,,,,,,,,,,,,
00:01:35.031,,,,,,,,,,,,,,,
00:01:34.917,,,,,,,,,,,,,,,
00:01:34.803,,x4,,,x2,,s,s,,,,,,,
00:01:34.683,,,,,,,,,,,,,,,
00:01:34.563,,,,,,,,,,,,,,,
00:01:34.444,,,,,,,,,,,,,,,
00:01:34.324,,,,,,,,,,,,,,,
00:01:34.206,,,,,,,,,,,,,,,
00:01:34.087,,,,,,,,,,,,,,,
00:01:33.969,,,,,,,,,,,,,,,
00:01:33.851,,,,,,,,,,,,,,,
00:01:33.728,,,,,,,,,,,,,,,
00:01:33.606,,,,,,,,,,,,,,,
00:01:33.484,,,,,,,,,,,,,,,
00:01:33.362,,,,,,,,,,,,,,,
00:01:33.241,,,,,,,,,,,,,,,
00:01:33.121,*,r1,#,#,l1,*,,,,,,,,,
00:01:33.001,,,,,,,,,,,,,,,
00:01:32.880,,,,,,,,,,,,,,,
00:01:32.756,,,,,,,,,,,,,,,
00:01:32.632,,,,,,,,,,,,,,,
00:01:32.508,,,,,,,,,,,,,,,
00:01:32.385,,,,,,,,,,,,,,,
00:01:32.259,,,,,,,,,,,,,,,
00:01:32.134,,,,,,,,,,,,,,,
00:01:32.009,,,,,,,,,,,,,,,
00:01:31.883,,,,,,,,,,,,,,,
00:01:31.756,,,,,,,,,,,,,,,
00:01:31.628,,,,,,,,,,,,,,,
00:01:31.501,,,,,,,,,,,,,,,
00:01:31.373,,@4,,,,,,,,,,,,,
00:01:31.252,,,,,,,,,,,,,,,
00:01:31.131,,,,,,,,,,,,,,,
00:01:31.011,,,,,,,,,,,,,,,
00:01:30.890,,,,,,,,,,,,,,,
00:01:30.766,,,,,,,,,,,,,,,
00:01:30.642,,,,,,,,,,,,,,,
00:01:30.518,,,,,,,,,,,,,,,
00:01:30.395,,,,,,,,,,,,,,,
00:01:30.273,,,,,,,,,,,,,,,
00:01:30.151,,,,,,,,,,,,,,,
00:01:30.030,,,,,,,,,,,,,,,
00:01:29.908,,,,,,,,,,,,,,,
00:01:29.792,,,,,,,,,,,,,,,
00:01:29.675,,,,,,,,,,,,,,,
00:01:29.558,,,,,,,,,e,,,,,,
00:01:29.442,,,,,@1,,,,,,,,,,
00:01:29.324,,,,,,,,,,,,,,,
00:01:29.205,,,,,,,,,,,,,,,
00:01:29.087,,,,,,,,,,,,,,,
00:01:28.969,,,,,,,,,,,,,,,
00:01:28.850,,,,,,,,,,,,,,,
00:01:28.731,,,,,,,,,,,,,,,
00:01:28.612,,,,,,,,,,,,,,,
00:01:28.493,,,,,,,,,,,,,,,
00:01:28.375,,,,,,,,,,,,,,,
00:01:28.258,,,,,,,,,,,,,,,
00:01:28.141,,,,,,,,,,,,,,,
00:01:28.023,,,,,,,,,,,,,,,
00:01:27.903,,,,,,,,,,,,,,,
00:01:27.782,,,,,,,,,,,,,,,
00:01:27.662,,,,,,,e,e,,e,,,,,
00:01:27.541,,$^4,,,$^1,,,,,,,,,,
00:01:27.429,,,,,,,,,,,,,,,
00:01:27.316,,,,,,,,,,,,,,,
00:01:27.204,,,,,,,,,,,,,,,
00:01:27.091,,l1,,,,,,,,,,,,,
00:01:26.978,,,,,,,,,,,,,,,
00:01:26.864,,,,,,@1,,,,,,,,,
00:01:26.751,,,,,,,,,,,,,,,
00:01:26.637,,,,,,,,,,,,,,,
00:01:26.523,,,,,,,,,,,,,,,
00:01:26.408,,,,,,,,,,,,,,,
00:01:26.293,,,,,,,,,,,,,,,
00:01:26.179,,,,,>1,^1,,,,,,,,,
00:01:26.063,,,,,,,,,,,,,,,
00:01:25.947,,,,,,,,,,,,,,,
00:01:25.832,,,,,,,,,,,,,,,
00:01:25.716,,,,,$^1,,,,,,,,,,
00:01:25.600,,,,,,,,,,,,,,,
00:01:25.483,,,,,,,,,,,,,,,
00:01:25.367,@1,,,,,,,,,,,,,,
00:01:25.251,,,,,,,,,,,,,,,
00:01:25.134,,,,,,,,,,,,,,,
00:01:25.018,,,,,,,,,,,,,,,
00:01:24.902,^1,<1,,,,,,,,,,,,,
00:01:24.786,,,,,,,,,,,,,,,
00:01:24.669,,,,,,,,,,,,,,,
00:01:24.553,,$^1,,,,,,,,,,,,,
00:01:24.437,,,,,,,,,,,,,,,
00:01:24.320,,,,,x1,,,,,,,,,,
00:01:24.204,,,,,,,,,,,,,,,
00:01:24.088,,,,,x1,,,,,,,,,,
00:01:23.972,,,,,,,,,,,,,,,
00:01:23.855,,,,,x1,,,,,,,,,,
00:01:23.740,,,,,,,,,,,,,,,
00:01:23.625,,,,,,,,,,,,,,,
00:01:23.510,,,,,,,,,,,,,,,
00:01:23.395,,l3,,,,,,,,,,,,,
00:01:23.282,,,,,,,,,,,,,,,
00:01:23.169,,,,,@1,,,,,,,,,,
00:01:23.056,,,,,,,,,,,,,,,
00:01:22.943,,,,,,,,,,,,,,,
00:01:22.828,,,,,,,,,,,,,,,
00:01:22.714,,,,,$^1,,,,,,,,,,
00:01:22.599,,,,,,,,,,,,,,,
00:01:22.485,,x1,,,,,,,,,,,,,
00:01:22.367,,,,,,,,,,,,,,,
00:01:22.250,,,x1,,,,,,,,,,,,
00:01:22.133,,,,,,,,,,,,,,,
00:01:22.016,,,,x1,,,,,,,,,,,
00:01:21.899,,,,,,,,,,,,,,,
00:01:21.781,,,,,x1,,,,,,,,,,
00:01:21.664,,,,,,,,,,,,,,,
00:01:21.547,,,,,,x1,,,,,,,,,
00:01:21.429,,,,,,,,,,,,,,,
00:01:21.311,,,,,,,,,,,,,,,
00:01:21.193,,,,,,,,,,,,,,,
00:01:21.076,,r1,,,,,,,,,,,,,
00:01:20.956,,,,,,,,,,,,,,,
00:01:20.837,,,,,,,,,,,,,,,
00:01:20.718,,,,,,,,,,,,,,,
00:01:20.598,,,,,l1,,,,,,,,,,
00:01:20.480,,,,,,,,,,,,,,,
00:01:20.362,,@1,,,,,,,,,,,,,
00:01:20.243,,,,,,,,,,,,,,,
00:01:20.125,,,,,,,,,,,,,,,
00:01:20.010,,,,,,,,,,,,,,,
00:01:19.895,,,,,,,,,,,,,,,
00:01:19.780,,,,,,,,,,,,,,,
00:01:19.664,,$^1,,,,,,,,,,,,,
00:01:19.550,,,,,,,,,,,,,,,
00:01:19.436,,,x1,,,,,,,,,,,,
00:01:19.321,,,,,,,,,,,,,,,
00:01:19.207,,,,x1,,,,,,,,,,,
00:01:19.092,,,,,,,,,,,,,,,
00:01:18.976,,,x1,,,,,,,,,,,,
00:01:18.860,,,,,,,,,,,,,,,
00:01:18.745,,,,x1,,,,,,,,,,,
00:01:18.628,,,,,,,,,,,,,,,
00:01:18.510,,,,,@1,,,,,,,,,,
00:01:18.393,,,,,,,,,,,,,,,
00:01:18.276,,,,,,,,,,,,,,,
00:01:18.157,,,,,,,,,,,,,,,
00:01:18.038,,,,,$^1,,,,,,,,,,
00:01:17.919,,,,,,,,,,,,,,,
00:01:17.800,,,,,,,,,,,,,,,
00:01:17.681,,,,,,,,,,,,,,,
00:01:17.562,,x1,,,,,,,,,,,,,
00:01:17.443,,,,,,,,,,,,,,,
00:01:17.325,,,,,,,,,,,,,,,
00:01:17.208,x1,,,,,,,,,,,,,,
00:01:17.092,,,,,,,,,,,,,,,
00:01:16.975,,,,,,,,,,,,,,,
00:01:16.859,,x1,,,,,,,,,,,,,
00:01:16.747,,,,,,,,,,,,,,,
00:01:16.635,,,,,,,,,,,,,,,
00:01:16.524,,,,,,,,,,,,,,,
00:01:16.412,,,,,x1,,,,,,,,,,
00:01:16.303,,,,,,,,,,,,,,,
00:01:16.193,,,,x1,,,,,,,,,,,
00:01:16.083,,,,,,,,,,,,,,,
00:01:15.973,,@1,,,,,,,,,,,,,
00:01:15.860,,,,,,,,,,,,,,,
00:01:15.747,,,,,,,,,,,,,,,
00:01:15.633,,,,,,,,s,,,,,,,
00:01:15.520,,$^1,,,,,,,,,,,,,
00:01:15.404,,,,,,,,,,,,,,,
00:01:15.289,,,,x1,,,,,,,,,,,
00:01:15.174,,,,,,,,,,,,,,,
00:01:15.058,,,,,x1,,,,,,,,,,
00:01:14.943,,,,,,,,,,,,,,,
00:01:14.827,,,,,,x1,s,,,,,,,,
00:01:14.712,,,,,,,,,,,,,,,
00:01:14.597,,,,,,,,,,,,,,,
00:01:14.481,,,,,,,,,,,,,,,m
00:01:14.366,,l1,,,r1,,,,s,,,,,,m
00:01:14.250,,,,,,,,,,,,,,,m
00:01:14.135,,,,,,,,,,,,,,,m
00:01:14.020,,,,,,,,,,,,,,,m
00:01:13.904,,,,,,,,,,,,,,,m
00:01:13.789,,,,,,,,,,,,,,,m
00:01:13.674,,,,,,,,,,,,,,,m
00:01:13.558,,,,,,,,,,,,,,,m
00:01:13.443,,,,,,,,,,,,,,,m
00:01:13.327,,,,,,,,,,,,,,,m
00:01:13.212,,,,,,,,,,,,,,,m
00:01:13.087,,,,,,,,,,,,,,,m
00:01:12.963,,,,,,,,,,,,,,,m
00:01:12.838,,,,,,,e,e,e,,,,,,m
00:01:12.713,#,l3,#,#,r3,#,s,s,s,s,,,,,m
00:01:12.593,,,,,,,,,,,,,,,
00:01:12.473,,,,,,,,,,,e,,e,e,mo
00:01:12.353,,,,,,,e,,,,,,,,
00:01:12.233,,@4,,,@3,,s,,,,,,,,
00:01:12.107,,,,,,,,,,,,,,,
00:01:11.980,,,,,,,,,,,,,,,
00:01:11.853,,,,,,,,,,,,,,,
00:01:11.727,,,,,,,,,,,,,,,
00:01:11.603,,,,,,,,,,,,,,,
00:01:11.479,,,,,,,,,,,,,,,
00:01:11.355,,,,,,,,,,,,,,,
00:01:11.232,,,,,,,,,,,,,,,
00:01:11.107,,,,,,,,,,,,,,,
00:01:10.983,,,,,,,,,,,,,,,
00:01:10.859,,,,,,,,,,,,,,,
00:01:10.735,,,,,,,,,,,,,,,
00:01:10.615,,,,,,,,,,,,,,,
00:01:10.495,,^4,<4,>3,^3,,,,,,,,,,
00:01:10.375,,,,,,,,,,,,,,,
00:01:10.255,,,,,,,,,,,,,,,
00:01:10.135,,,,,,,,,,,,,,,
00:01:10.015,,,,,,,,,,,,,,,
00:01:09.895,,,,,,,,,,,,,,,
00:01:09.775,,,,,,,,,,,,,,,
00:01:09.655,,,,,,,,,,,,,,,
00:01:09.535,,,,,,,,,,,,,,,
00:01:09.415,,,,,,,,,,,,,,,
00:01:09.295,,,,,,,,,,,,,,,
00:01:09.175,,,,,,,,,,,,,,,
00:01:09.055,,,,,,,,,,,,,,,mi
00:01:08.935,,,,,,,e,e,e,e,,,,,
00:01:08.815,,,$^4,$^3,,,s,s,,s,,,,,m
00:01:08.695,,,,,,,,,,,,,,,
00:01:08.575,,@4,,,,,,,,,,,,,mo
00:01:08.456,,,,,,,,,,,,,,,
00:01:08.336,,,,,,,,,,,,,,,
00:01:08.217,,,,,,,,,,,,,,,
00:01:08.098,,,,,,,,,,,,,,,mi
00:01:07.979,,,,,,,e,e,,e,,,,,
00:01:07.860,,$^4,,,,,s,s,,s,,,,,m
00:01:07.742,,,,,,,,,,,,,,,
00:01:07.624,,,,,@4,,,,,,,,,,mo
00:01:07.506,,,,,,,,,,,,,,,
00:01:07.388,,,,,,,,,,,,,,,
00:01:07.270,,,,,,,,,,,,,,,
00:01:07.152,,,,,,,,,,,,,,,mi
00:01:07.035,,,,,,,e,e,,e,,,,,
00:01:06.917,,,,,$^4,,,,,,s,,s,,m
00:01:06.802,,,,,,,,,,,,,,,
00:01:06.688,,,x3,,,,,,,,e,,e,,m
00:01:06.573,,,,,,,,,,,,,,,
00:01:06.458,,,,,,,,,,,,,,,
00:01:06.342,,,,r3,,,,,,,,,,,m
00:01:06.226,,,,,,,,,,,,,,,
00:01:06.110,,,,,,,,,,,,,,,
00:01:05.994,,x3,,,,,,,,,,,,,m
00:01:05.877,,,,,,,,,,,,,,,
00:01:05.761,,x3,,,,,,,,,,,,,m
00:01:05.644,,,,,,,,,,,,,,,
00:01:05.527,,,,,,,,,,,,,,,
00:01:05.413,,,,,x3,,,,,,,,,,m
00:01:05.298,,,,,,,,,,,,,,,
00:01:05.184,,,,,,,,,,,,,,,
00:01:05.069,,,,x3,,,,,,,,,,,m
00:01:04.950,,,,,,,,,,,,,,,
00:01:04.831,,,x3,,,,,,,,,,,,m
00:01:04.712,,,,,,,,,,,,,,,
00:01:04.593,,x3,,,,,,,,,,,,,m
00:01:04.473,,,,,,,,,,,,,,,
00:01:04.353,,,,,,,,,,,,,,,
00:01:04.234,,,,,,,,,,,,,,,
00:01:04.114,,,x3,,,,,,,,s,,s,,m
00:01:03.996,,,,,,,,,,,,,,,
00:01:03.877,,,,x3,,,,,,,,,,,m
00:01:03.758,,,,,,,,,,,e,,e,,
00:01:03.640,,,,,x3,,,,,,,,,,m
00:01:03.523,,,,,,,,,,,,,,,
00:01:03.405,,@3,,,,,,,,,,,,,mo
00:01:03.288,,,,,,,,,,,,,,,
00:01:03.171,,,,,,,,,,,,,,,
00:01:03.055,,,,,,,,,,,,,,,
00:01:02.938,,$^3,,,,,,,,,,,,,mi
00:01:02.822,,,,,,,,,,,,,,,
00:01:02.706,,,,,x3,,,,,,,,,,m
00:01:02.587,,,,,,,,,,,,,,,
00:01:02.468,,x3,,,,,,,,,,,,,m
00:01:02.350,,,,,,,,,,,,,,,
00:01:02.231,,,,,x3,,,,,,s,,s,s,m
00:01:02.119,,,,,,,,,,,,,,,
00:01:02.006,,@3,,,,,,,,,e,,e,e,mo
00:01:01.894,,,,,,,,,,,,,,,
00:01:01.781,,,,,,,,,,,,,,,
00:01:01.663,,,,,,,,,,,,,,,
00:01:01.545,,,,,,,,,,,,,,,
00:01:01.427,,,,,,,,,,,,,,,
00:01:01.309,,,,,,,,,,,,,,,
00:01:01.188,,,,,,,,,,,,,,,
00:01:01.068,,^3,<3,,,,,,,,,,,,
00:01:00.947,,,,,,,,,,,,,,,
00:01:00.827,,,,,,,,,,,,,,,
00:01:00.709,,,,,,,,,,,,,,,
00:01:00.592,,,$^3,,,,,,,,,,,,mi
00:01:00.475,,,,,,,,,,,,,,,
00:01:00.358,,,,x3,,,,,,,s,,s,,m
00:01:00.245,,,,,,,,,,,,,,,
00:01:00.132,,,,,r3,,,,,,,,,,m
00:01:00.019,,,,,,,,,,,,,,,
00:00:59.906,,,,x3,,,,,,,,,,,m
00:00:59.794,,,,,,,,,,,,,,,
00:00:59.683,,,,,,,,,,,,,,,
00:00:59.571,,,,,,,,,,,,,,,
00:00:59.459,,,,,,,,,,,,,,,
00:00:59.338,,,x3,,,,,,,,,,,,m
00:00:59.216,,,,,,,,,,,,,,,
00:00:59.095,,x3,,,,,,,,,,,,,m
00:00:58.974,,,x3,,,,,,,,,,,,m
00:00:58.855,,,,,,,,,,,,,,,
00:00:58.736,,x3,,,,,,,,,,,,s,m
00:00:58.617,,,,,,,,,,,,,,,
00:00:58.498,,,,,@3,,,,,,e,,e,e,mo
00:00:58.436,,,,,,,,,,,,,,,
00:00:58.374,,,,,,,,,,,,,,,
00:00:58.251,,,,,,,,,,,,,,,
00:00:58.127,,,,,,,,,,,,,,,
00:00:58.003,,,,,,,,,,,,,,,
00:00:57.891,,,,,,,,,,,,,,,
00:00:57.779,,,,,,,,,,,,,,,
00:00:57.666,,,,>3,^3,,,,,,,,,,
00:00:57.554,,,,,,,,,,,,,,,
00:00:57.437,,,,,,,,,,,,,,,
00:00:57.321,,,,,,,,,,,,,,,
00:00:57.205,,,,,,,,,,,,,,,
00:00:57.088,,,,,,,,,,,,,,,
00:00:56.973,,,,,,,,,,,,,,,
00:00:56.858,,,,$^3,,,,,,,,,,,mi
00:00:56.743,,,,,,,,,,,,,,,
00:00:56.627,,,x3,,,,,s,,,s,,s,s,m
00:00:56.516,,,,,,,,,,,,,,,
00:00:56.405,,,,,,,,,,,,,,,
00:00:56.294,,,,,,,,,,,,,,,
00:00:56.183,,,x2,,,,,,,,,,,,
00:00:56.064,,,,,,,,,,,,,,,
00:00:55.946,,,,,,,,,,,,,,,
00:00:55.827,,,,,,,,,,,,,,,
00:00:55.708,,x2,,,,,,,,,,,,,
00:00:55.593,,,,,,,,,,,,,,,
00:00:55.479,,,,,,,,,,,,,,,
00:00:55.364,,,,,,,,,,,,,,,
00:00:55.250,,,x2,,,,,,,,,,,,
00:00:55.136,,,,,,,,,,,,,,,
00:00:55.099,,,,,,,,,,,,,,,
00:00:55.023,,,,x2,,,,,,,,,,,
00:00:54.948,,,,,,,,,,,,,,,
00:00:54.910,,,,,,,,,,,,,,,
00:00:54.797,,,,,x2,,,e,,,,,,,
00:00:54.680,,,,x2,,,,s,,,,,,,
00:00:54.562,,,,,,,,,,,,,,,
00:00:54.445,,,,,,,,,,,,,,,
00:00:54.328,,x2,,,,,,,,,,,,,
00:00:54.211,,,,,,,,,,,,,,,
00:00:54.094,,,,,,,,,,,,,,,
00:00:53.976,,,,,,,,,,,,,,,
00:00:53.859,,,x2,,,,,,,,,,,,
00:00:53.742,,,,,,,,,,,,,,,
00:00:53.625,,,,,,,,,,,,,,,
00:00:53.508,,,,,,,,,,,,,,,
00:00:53.390,,,,,,,,,,,,,,,
00:00:53.268,,,,@3,,,,,,,,,,e,mo
00:00:53.146,,,,,,,,,,,,,,,
00:00:53.024,,,,,,,,e,,,,,,,
00:00:52.902,,,,^3,<3,,,s,,s,,,,,
00:00:52.775,,,,,,,,,,,,,,,
00:00:52.648,,,,,$^3,,,,,,,,,,mi
00:00:52.521,,,,,,,s,,s,,,,,,m
00:00:52.394,,,,,,,,,,,,,,,
00:00:52.275,,,,x3,,,,,,,,,,,m
00:00:52.156,,,,,,,,,,,,,,,
00:00:52.038,,x3,,,,,,,,,,,,,m
00:00:51.919,,,x3,,,,,,,,,,,,m
00:00:51.798,,,,,,,,,,,,,,,
00:00:51.678,,x3,,,,,,,,,,,,s,m
00:00:51.557,,,,,,,,,,,,,,,
00:00:51.436,,,,,,,,,,,,,,,
00:00:51.319,,,,,,,,,,,,,,,
00:00:51.202,,,,,,,,,,,,,,,
00:00:51.086,,,,,@3,,e,e,e,e,,,,e,mo
00:00:50.969,,,,,,,s,,,s,,,,,
00:00:50.853,,,,,,,,,,,,,,,
00:00:50.737,,,,,,,,,,,,,,,
00:00:50.621,,,,,,,,,,,,,,,
00:00:50.505,,,,>3,^3,,,,,,,,,,
00:00:50.379,,,,,,,,,,,,,,,
00:00:50.252,,,,,,,,,,,,,,,
00:00:50.125,,,,,,,e,,,e,,,,,
00:00:49.999,,,,,,,s,s,,s,,,,,
00:00:49.872,,,,$^3,,,,,,,,,,,mi
00:00:49.745,,,x3,,,,,,,,,,,,m
00:00:49.618,,,,,,,,,,,,,,,
00:00:49.492,,,x3,,,,,,,,,,,,m
00:00:49.376,,,,,,,,,,,,,,,
00:00:49.260,,,x3,,,,,,,,,,,,m
00:00:49.144,,,,,,,e,e,,e,,,,,
00:00:49.028,,,,x3,,,,,,,,,,,m
00:00:48.913,,,,,,,,,,,,,,,
00:00:48.798,,,,x3,,,,,,,,,,s,m
00:00:48.683,,,,,,,,,,,,,,,
00:00:48.568,,,,,,,,,,,,,,,
00:00:48.449,,,,,,,,,,,,,,,
00:00:48.330,,,,,,,,,,,,,,e,
00:00:48.211,,,,,,,,,,,,,,,
00:00:48.092,,,,,,,,,,,,,,,
00:00:47.973,,,,,,,,,,,,,,,
00:00:47.854,,x3,,,x3,,,,,,,,,,m
00:00:47.735,,,,,,,,,,,,,,,
00:00:47.616,,,,,,,,,,,,,,,
00:00:47.497,,l3,,,,,,,,,,,,,m
00:00:47.378,,,,,,,,,,,,,,,
00:00:47.259,,,,,,,,,,,,,,,
00:00:47.140,,,,,x3,,,,,,,,,,m
00:00:47.021,,,,,,,,,,,,,,,
00:00:46.902,,x3,,,,,,,,,,,,,m
00:00:46.783,,,,,,,,,,,,,,,
00:00:46.663,,,,,x3,,,,,,,,,,m
00:00:46.544,,,,,,,,,,,,,,,
00:00:46.425,,x3,,,,,,,,,,,,,m
00:00:46.306,,,,,,,,,,,,,,,
00:00:46.187,,,,,,,,,,,,,,,
00:00:46.068,,,,,l3,,,,,,,,,,m
00:00:45.949,,,,,,,,,,,,,,,
00:00:45.870,,x3,,,,,,,,,,,,,m
00:00:45.830,,,,,,,,,,,,,,,
00:00:45.711,,,x3,,,,,,,,,,,,m
00:00:45.592,,,,,,,,,,,,,,,
00:00:45.473,,,,,,,,,,,,,,,
00:00:45.354,,,,,,,,,,,,,,,
00:00:45.235,,,,x3,,,,,,,,,,,m
00:00:45.116,,,,,,,,,,,,,,,
00:00:44.997,,,,,x3,,,,,,,,,,m
00:00:44.878,,,,,,,,,,,,,,,
00:00:44.759,,,,x3,,,,,,,,,,,m
00:00:44.640,,,,,,,,,,,,,,,
00:00:44.521,,,,,x3,,,,,,,,,s,m
00:00:44.402,,,,,,,,,,,,,,,
00:00:44.283,,,,,,,,,,,,,,,
00:00:44.167,,,,,,,,,,,,,,e,
00:00:44.051,,@3,,,,,,,,,,,,,mo
00:00:43.935,,,,,,,,,,,,,,,
00:00:43.819,,,,,,,,,,,,,,,
00:00:43.703,,,,,,,,,,,,,,,
00:00:43.586,,,,,,,,,,,,,,,
00:00:43.469,,,,,,,,,,,,,,,
00:00:43.352,,$^3,,,,,,,,,,,,,
00:00:43.232,,,,,,,,,,,,,,,mi
00:00:43.112,,,,x3,,,,,,,,,,,m
00:00:42.992,,,,,,,,,,,,,,,
00:00:42.872,,x3,,,,,,,,,,,,,m
00:00:42.758,,,,,,,,,,,,,,,
00:00:42.644,,x3,,,,,,,,,,,,,m
00:00:42.530,,,,,,,,,,,,,,,
00:00:42.415,,x3,,,,,,,,,,,,,m
00:00:42.298,,,,,,,,,,,,,,,
00:00:42.181,,,,,,,,,,,,,,,
00:00:42.064,,,,,r3,,,,,,,,,,m
00:00:41.947,,,,,,,,,,,,,,,
00:00:41.828,,,x3,,,,,,,,,,,,m
00:00:41.708,,,,x3,,,,,,,,,,,m
00:00:41.589,,,,,,,,,,,,,,,
00:00:41.470,,,x3,,,,,,,,,,,,m
00:00:41.351,,,,,,,,,,,,,,,
00:00:41.231,,,,x3,,,,,,,,,,s,m
00:00:41.112,,,,,,,,,,,,,,,
00:00:40.993,,,,,,,,,,,,,,,
00:00:40.880,,,,,,,,,,,,,,,
00:00:40.768,,,,,,,,,,,,,,,
00:00:40.655,,,,,,,,,,,,,,,
00:00:40.543,,,,,,,,,,,,,,,
00:00:40.426,,,,,,,,,,,,,,e,
00:00:40.309,,,,,,,,,,,,,,,
00:00:40.193,,,,,,,,,,,,,,,
00:00:40.076,,,,,,,,,,,,,,,m
00:00:39.956,,,,,l3,,,,,,,,,,m
00:00:39.837,,,,,,,,,,,,,,,
00:00:39.718,,,,,,,,,,,,,,,
00:00:39.598,,x3,,,,,,,,,,,,,m
00:00:39.482,,,,,,,,,,,,,,,
00:00:39.366,,,,,,,,,,,,,,,m
00:00:39.249,,,,l3,,,,,,,,,,,m
00:00:39.133,,,,,,,,,,,,,,,
00:00:39.016,,x3,,,,,,,,,,,,,m
00:00:38.900,,,,,,,,,,,,,,,
00:00:38.783,,,,,,,,,,,,,,,
00:00:38.666,,,,x3,,,,,,,,,,,m
00:00:38.548,,,,,,,,,,,,,,,
00:00:38.429,,,,,x3,,,,,,,,,,m
00:00:38.310,,,,,,,,,,,,,,,
00:00:38.192,,,,,,,,,,,,,,,
00:00:38.077,,,,,,,,,,,,,,,m
00:00:37.963,,,x3,,,,,,,,,,,,
00:00:37.849,,,,,,,,,,,,,,,
00:00:37.734,,x3,,,,,,,,,,,,,m
00:00:37.618,,,,,,,,,,,,,,,
00:00:37.502,,,x3,,,,,,,,,,,,m
00:00:37.385,,,,,,,,,,,,,,,
00:00:37.269,,x3,,,,,,s,,,,,,s,m
00:00:37.150,,,,,,,,,,,,,,,
00:00:37.031,,,,x1,,,,,,,,,,,
00:00:36.913,,,,,,,,,,,,,,,
00:00:36.794,,,x1,,,,,,,,,,,,
00:00:36.673,,,,,,,,,,,,,,,
00:00:36.553,,,,,,,,,,,,,,,
00:00:36.432,,,,,,,,,,,,,,,
00:00:36.312,,,,x1,,,,e,,,,,,,
00:00:36.192,,,,,,,,,,,,,,,
00:00:36.073,,,,,,,,,,,,,,,
00:00:35.953,,,,,,,,,,,,,,,
00:00:35.833,,,,,x1,,,,,,,,,,
00:00:35.718,,,,,,,,,,,,,,,
00:00:35.603,,,,,x1,,,,,,,,,,
00:00:35.487,,,,,,,,s,,,,,,,
00:00:35.372,,,,,x1,,,,,,,,,,
00:00:35.255,,@4,,,,,,,,,,,,,
00:00:35.139,,,,,,,,,,,,,,,
00:00:35.022,,,,,,,,,,,,,,,
00:00:34.906,,,,,,,,,,,,,,,
00:00:34.786,,,,,,,,,,,,,,,
00:00:34.667,,,,,,,,,,,,,,,
00:00:34.548,,,,,,,,e,,,,,,,
00:00:34.429,,$^4,,,,,,,,,,,,,
00:00:34.308,,,,,,,,,,,,,,e,
00:00:34.186,,,,,,,,,,,,,,,mo
00:00:34.064,,,,@1,,,,,,,,,,,
00:00:33.943,,,,,,,,s,s,s,,,,,
00:00:33.822,,,,,,,,,,,,,,,
00:00:33.701,,,,,,,,,,,,,,,mi
00:00:33.580,,,,$^1,,,s,,,,,,,,m
00:00:33.459,,,,,,,,,,,,,,,
00:00:33.340,,,,,x1,,,,,,,,,,m
00:00:33.220,,,,,,,,,,,,,,,
00:00:33.101,,,,,,,,,,,,,,,m
00:00:32.982,,,,r3,,,,,,,,,,,m
00:00:32.862,,,,,,,,,,,,,,,
00:00:32.742,,,,,x3,,,,,,,,,,m
00:00:32.622,,,,,,,,,,,,,,,
00:00:32.503,,,,,,,,,,,,,,,mo
00:00:32.377,,@3,,,,,,,,,,,,,
00:00:32.251,,,,,,,,,,,,,,,
00:00:32.126,,,,,,,e,e,e,e,,,,,
00:00:32.000,,$^3,,,,,s,s,,s,,,,,mi
00:00:31.884,,,,,,,,,,,,,,,
00:00:31.768,,,,,,,,,,,,,,,
00:00:31.651,,,,,,,,,,,,,,,m
00:00:31.535,,,,,x3,,,,,,,,,,m
00:00:31.408,,,,,,,,,,,,,,,
00:00:31.281,,x3,,,,,,,,,,,,,m
00:00:31.154,,,,,,,e,e,,e,,,,,
00:00:31.027,,,,,,,,,,,,,,,
00:00:30.916,,,,,x3,,,,,,,,,,m
00:00:30.804,,,,x3,,,,,,,,,,,m
00:00:30.693,,,,,,,,,,,,,,,
00:00:30.582,,,,,x3,,,,,,,,,s,m
00:00:30.463,,,,,,,,,,,,,,,
00:00:30.344,,,,,,,,,,,,,,,
00:00:30.226,,,,,,,,,,,,,,,
00:00:30.107,,,,,,,,,,,,,,,
00:00:29.989,,,,,,,,,,,,,,,
00:00:29.872,,,,,,,,,,,,,,,
00:00:29.754,,,,,,,,,,,,,,e,
00:00:29.637,,,,,,,,,,,,,,,
00:00:29.519,,,,,,,,,,,,,,,
00:00:29.401,,,,,r3,,,,,,,,,,m
00:00:29.283,,,,,,,,,,,,,,,
00:00:29.165,,,,,,,,,,,,,,,
00:00:29.046,,,,,,,,,,,,,,,m
00:00:28.928,,x3,,,,,,,,,,,,,m
00:00:28.809,,,,,,,,,,,,,,,
00:00:28.691,,,,,x3,,,,,,,,,,m
00:00:28.571,,,,,,,,,,,,,,,
00:00:28.452,,x3,,,,,,,,,,,,,m
00:00:28.333,,,,,,,,,,,,,,,
00:00:28.214,,,,,,,,,,,,,,,
00:00:28.094,,,,,x3,,,,,,,,,,m
00:00:27.975,,,,,,,,,,,,,,,
00:00:27.855,,,x3,,,,,,,,,,,,m
00:00:27.735,,x3,,,,,,,,,,,,,m
00:00:27.622,,,,,,,,,,,,,,,
00:00:27.509,,,,,x3,,,,,,,,,,m
00:00:27.396,,,,,,,,,,,,,,,
00:00:27.283,,,,,,,,,,,,,,,
00:00:27.162,,,,,,,,,,,,,,,m
00:00:27.042,,x3,,,,,,,,,,,,,m
00:00:26.921,,,,,,,,,,,,,,,
00:00:26.801,,,,,x3,,,,,,,,,s,m
00:00:26.686,,,,,,,,,,,,,,,
00:00:26.570,,,,,,,,,,,,,,,
00:00:26.455,,,,,,,,,,,,,,,
00:00:26.339,,,,,,,,,,,,,,,
00:00:26.218,,,@3,,,,,,,,,,,e,mo
00:00:26.097,,,,,,,,,,,,,,,
00:00:25.976,,,,,,,,,,,,,,,
00:00:25.855,,,,,,,,,,,,,,,
00:00:25.737,,,,,,,,,,,,,,,
00:00:25.619,,,,,,,,,,,,,,,
00:00:25.501,,,,,,,,,,,,,,,
00:00:25.383,,,$^3,,,,,,,,,,,,mi
00:00:25.267,,,,,,,,,,,,,,,
00:00:25.152,,,,,x3,,,,,,,,,,m
00:00:25.036,,,,,,,,,,,,,,,
00:00:24.921,,x3,,,,,,,,,,,,,m
00:00:24.800,,,,,,,,,,,,,,,
00:00:24.679,,,,,,,,,,,,,,,
00:00:24.558,,,,,,,,,,,,,,,
00:00:24.437,,,,,x3,,,,,,,,,,m
00:00:24.316,,,,,,,,,,,,,,,
00:00:24.195,,,,,,,,,,,,,,,
00:00:24.073,,,,,x3,,,,,,,,,,m
00:00:23.952,,,,,,,,,,,,,,,
00:00:23.836,,,,,,,,,,,,,,,m
00:00:23.720,,r3,,,,,,,,,,,,,m
00:00:23.604,,,,,,,,,,,,,,,
00:00:23.488,,,,x3,,,,,,,,,,,m
00:00:23.373,,,,,,,,,,,,,,,
00:00:23.258,,,,,x3,,,,,,,,,,m
00:00:23.143,,,,,,,,,,,,,,,
00:00:23.028,,,,x3,,,,,,,,,,s,m
00:00:22.911,,,,,,,,,,,,,,,
00:00:22.794,,,,,,,,,,,,,,,
00:00:22.677,,,,,,,,,,,,,,,
00:00:22.559,,,,,,,,,,,,,,,
00:00:22.439,,,,,,,,,,,,,,,
00:00:22.319,,,,,,,,,,,,,,e,
00:00:22.200,,,,,,,,,,,,,,,
00:00:22.080,,,,,,,,,,,,,,,
00:00:21.957,,,,,,,,,,,,,,,
00:00:21.835,,,x3,,,,,,,,,,,,m
00:00:21.712,,,,,,,,,,,,,,,
00:00:21.589,,x3,,,,,,,,,,,,,m
00:00:21.467,,,,,,,,,,,,,,,
00:00:21.344,,,,,,,,,,,,,,,m
00:00:21.222,,,,,x3,,,,,,,,,,m
00:00:21.100,,,,,,,,,,,,,,,
00:00:20.980,,,,x3,,,,,,,,,,,m
00:00:20.860,,,,,,,,,,,,,,,
00:00:20.741,,,,,,,,,,,,,,,
00:00:20.621,,,,,x3,,,,,,,,,,m
00:00:20.505,,,,,,,,,,,,,,,
00:00:20.388,,x3,,,,,,,,,,,,,m
00:00:20.271,,,,,,,,,,,,,,,
00:00:20.154,,,,,,,,,,,,,,,
00:00:20.035,,,,,x3,,,,,,,,,,m
00:00:19.915,,,,,,,,,,,,,,,
00:00:19.796,,,,,,,,,,,,,,,m
00:00:19.676,,r3,,,,,,s,s,s,,,,s,m
00:00:19.595,,,,,,,,,,,,,,,
00:00:19.554,,,,,,,,,,,,,,,
00:00:19.514,,,,,,,,,,,,,,,
00:00:19.432,,,,,,,,,,,,,,,
00:00:19.351,,,,,,,,,,,,,,,
00:00:19.310,,,,,,,,,,,,,,,
00:00:19.270,,,,,,,,,,,,,,,
00:00:19.188,,x2,,,,,,,,,,,,,
00:00:19.110,,,,,,,,,,,,,,,
00:00:19.070,,,,,,,,,,,,,,,
00:00:19.031,,,,,,,,,,,,,,,
00:00:18.952,,,,,,,,,,,,,,,
00:00:18.873,,,,,,,,,,,,,,,
00:00:18.834,,,,,,,,,,,,,,,
00:00:18.795,,,,,,,,,,,,,,,
00:00:18.716,,,,,x2,,,,,,,,,,
00:00:18.601,,,,,,,,,,,,,,,
00:00:18.487,,x2,,,,,,,,,,,,,
00:00:18.372,,,,,,,,,,,,,,,
00:00:18.258,,,,,,,,,,,,,,,
00:00:18.147,,,,,,,,,,,,,,,
00:00:18.036,,,,,,,,,,,,,,,
00:00:17.924,,,,,,,,e,e,e,,,,,
00:00:17.813,*,l1,#,#,r1,*,,s,s,s,,,,,
00:00:17.755,,,,,,,s,,,,,,,,
00:00:17.697,,,,,,,,,,,,,,,
00:00:17.581,,,,,,,,,,,,,,,
00:00:17.465,,,,,,,,,,,,,,,
00:00:17.349,,,,,,,,,,,,,,,
00:00:17.216,,,,,,,,,,,,,,,
00:00:17.084,,,,,,,,,,,,,,,
00:00:16.952,,,,,,,,e,e,e,,,,,
00:00:16.820,,r1,,,l1,,,s,s,s,,,,,
00:00:16.693,,,,,,,,,,,,,,,
00:00:16.565,,,,,,,,,,,,,,,
00:00:16.437,,,,,,,,,,,,,,,
00:00:16.310,,,,,,,,,,,,,,,
00:00:16.186,,,,,,,,,,,,,,,
00:00:16.063,,,,,,,,,,,,,,,
00:00:15.939,,,,,,,e,e,e,e,,,,,
00:00:15.816,,x1,,,x1,,s,s,s,,,,,,
00:00:15.696,,,,,,,,,,,,,,,
00:00:15.576,,,,,,,,,,,,,,,
00:00:15.456,,,,,,,,,,,,,,,
00:00:15.336,,@1,,,,,,,,,,,,,
00:00:15.218,,,,,,,,,,,,,,,
00:00:15.101,,,,,,,,,,,,,,,
00:00:14.983,,,,,,,,,,,,,,,
00:00:14.866,,,,,,,,,,,,,,,
00:00:14.747,,,,,,,,,,,,,,,
00:00:14.628,,,,,,,,,,,,,,,
00:00:14.509,,,,,,,,,e,,,,,,
00:00:14.391,,,,,,,,,,,,,,,
00:00:14.270,,,,,,,,,,,,,,,
00:00:14.150,,$^1,,,,,,,,,,,,,
00:00:14.030,,,,,,,,,,,,,,,
00:00:13.910,,,,,x1,,,,s,,,,,,
00:00:13.788,,,,,,,,,,,,,,,
00:00:13.666,,,,,,,,,,,,,,,
00:00:13.544,,,,,,,,,,,,,,,
00:00:13.422,,@4,,,,,,,,,,,,,
00:00:13.298,,,,,,,,,,,,,,,
00:00:13.174,,,,,,,,,,,,,,,
00:00:13.050,,,,,,,,,,,,,,,
00:00:12.926,,,,,,,,,,,,,,,
00:00:12.800,,,,,,,,,,,,,,,
00:00:12.674,,,,,,,,,,,,,,,
00:00:12.548,,,,,,,,,,,,,,,
00:00:12.422,,,,,,,,,,,,,,,
00:00:12.299,,,,,,,,,,,,,,,
00:00:12.176,,,,,,,,,,,,,,,
00:00:12.053,,,,,,,e,e,e,,,,,,
00:00:11.930,,$^4,,,,,s,s,s,,,,,,
00:00:11.810,,,,,,,,,,,,,,,
00:00:11.691,,,,,,,,,,,,,,,
00:00:11.572,,,,,,,,,,,,,,,
00:00:11.452,,,,,@1,,,,,,,,,,
00:00:11.332,,,,,,,,,,,,,,,
00:00:11.212,,,,,,,,,,,,,,,
00:00:11.092,,,,,,,,,,,,,,,
00:00:10.972,,,,,,,,,,,,,,,
00:00:10.851,,,,,,,,,,,,,,,
00:00:10.730,,,,,,,,,,,,,,,
00:00:10.609,,,,,,,,,,,,,,,
00:00:10.488,,,,,,,,,,,,,,,
00:00:10.367,,,,,,,,,,,,,,,
00:00:10.245,,,,,,,,,,,,,,,
00:00:10.124,,,,,,,,,e,,,,,,
00:00:10.002,,,,,,,,,,,,,,,
00:00:09.880,,,,,,,,,,,,,,,
00:00:09.757,,,,,,,,,,,,,,,
00:00:09.635,,,,,,,,,,,,,,,
00:00:09.513,,,,,,,,,,,,,,,
00:00:09.390,,,,,,,,,,,,,,,
00:00:09.267,,,,,,,,,,,,,,,
00:00:09.143,,,,,,,,,,,,,,,
00:00:09.020,,,,,$^1,,,,s,,,,,,
00:00:08.897,,,,,,,,,,,,,,,
00:00:08.773,,,,,,,,,,,,,,,
00:00:08.649,,@4,,,,,,,,,,,,,
00:00:08.525,,,,,,,,,,,,,,,
00:00:08.400,,,,,,,,,,,,,,,
00:00:08.276,,,,,,,,,,,,,,,
00:00:08.151,,,,,,,e,e,e,,,,,,
00:00:08.027,,$^4,,,,,s,s,s,,,,,,
00:00:07.902,,,,,,,,,,,,,,,
00:00:07.777,,,,,,,,,,,,,,,
00:00:07.653,,,,,@1,,,,,,,,,,
00:00:07.528,,,,,,,,,,,,,,,
00:00:07.404,,,,,,,,,,,,,,,
00:00:07.280,,,,,,,,,,,,,,,
00:00:07.157,,,,,,,,,,,,,,,
00:00:07.033,,,,,,,,,,,,,,,
00:00:06.910,,,,,,,,,,,,,,,
00:00:06.787,,,,,,,,,,,,,,,
00:00:06.664,,,,,,,,,e,,,,,,
00:00:06.540,,,,,$^1,,,,,,,,,,
00:00:06.418,,,,,,,,,,,,,,,
00:00:06.296,,,,,,,,,,,,,,,
00:00:06.173,,x1,,,,,,,,,,,,,
00:00:06.051,,,,,,,,,,,,,,,
00:00:05.924,,,,,x1,,,,,,,,,,
00:00:05.797,,,,,,,,,,,,,,,
00:00:05.670,,,,,,,,,,,,,,,
00:00:05.543,,,,,x1,,,,s,,,,,,
00:00:05.416,,,,,,,,,,,,,,,
00:00:05.288,,,,,,,,,,,,,,,
00:00:05.161,,@4,,,,,,,,,,,,,
00:00:05.034,,,,,,,,,,,,,,,
00:00:04.907,,,,,,,,,,,,,,,
00:00:04.780,,,,,,,,,,,,,,,
00:00:04.653,,,,,,,,,,,,,,,
00:00:04.526,,,,,,,,,,,,,,,
00:00:04.399,,,,,,,,,,,,,,,
00:00:04.272,,,,,,,,,,,,,,,
00:00:04.144,,,,,,,e,e,e,,,,,,
00:00:04.017,,$^4,,,,,s,s,s,,,,,,
00:00:03.890,,,,,,,,,,,,,,,
00:00:03.763,,,,,,,,,,,,,,,
00:00:03.636,,,,,l3,,,,,,,,,,
00:00:03.509,,,,,,,,,,,,,,,
00:00:03.382,,,,,,,,,,,,,,,
00:00:03.255,,x3,,,,,,,,,,,,,
00:00:03.127,,,,,,,,,,,,,,,
00:00:03.000,,,,,,,,,,,,,,,
00:00:02.873,,,,,x3,,,,,,,,,,
00:00:02.746,,,,,,,,,,,,,,,
00:00:02.619,,,,,,,,,,,,,,,
00:00:02.492,,x3,,,,,,,,,,,,,
00:00:02.365,,,,,,,,,,,,,,,
00:00:02.238,,,,,,,,,,,,,,,
00:00:02.110,,,,,,,,,,,,,,,
00:00:01.983,,,,,x3,,,,,,,,,,
00:00:01.857,,,,,,,,,,,,,,,
00:00:01.731,,,,,,,,,,,,,,,
00:00:01.604,,,,,,,,,,,,,,,
00:00:01.478,,r3,,,,,,,,,,,,,
00:00:01.353,,,,,,,,,,,,,,,
00:00:01.229,,,,,x3,,,,,,,,,,
00:00:01.104,,,,,,,,,,,,,,,
00:00:00.979,,,,,,,,,,,,,,,
00:00:00.856,,x3,,,,,,,,,,,,,
00:00:00.733,,,,,,,,,,,,,,,
00:00:00.610,,,,,,,,,,,,,,,
00:00:00.486,,,,,x3,,,,,,,,,,
00:00:00.365,,,,,,,,,,,,,,,
00:00:00.243,,,,,,,,,,,,,,,
00:00:00.121,,,,,,,,,,,,,,,
00:00:00.000,*,x3,*,*,,*,,,,s,,,,,